DRG Definition, Total Discharges ,Average Covered Charges,Average Total Payments,Average Medicare Payments
001 - HEART TRANSPLANT OR IMPLANT OF HEART ASSIST SYSTEM W MCC,2157,959185.35,256985.62,223531.81
002 - HEART TRANSPLANT OR IMPLANT OF HEART ASSIST SYSTEM W/O MCC,289,595866.04,148455.34,129841.52
"003 - ECMO OR TRACH W MV >96 HRS OR PDX EXC FACE, MOUTH & NECK W MAJ O.R.",17886,559609.3,139934.52,125777.36
"004 - TRACH W MV >96 HRS OR PDX EXC FACE, MOUTH & NECK W/O MAJ O.R.",14451,323082.29,78585.8,71097.79
005 - LIVER TRANSPLANT W MCC OR INTESTINAL TRANSPLANT,1218,548434.68,125118.18,100461.79
006 - LIVER TRANSPLANT W/O MCC,445,296743.66,56703.79,40917.78
007 - LUNG TRANSPLANT,637,544180.26,110562.33,86809.32
008 - SIMULTANEOUS PANCREAS/KIDNEY TRANSPLANT,416,394990.5,67047.52,43569.88
010 - PANCREAS TRANSPLANT,50,277717,51045.66,35818.9
"011 - TRACHEOSTOMY FOR FACE,MOUTH & NECK DIAGNOSES W MCC",1757,175420.89,45097.54,38930.52
"012 - TRACHEOSTOMY FOR FACE,MOUTH & NECK DIAGNOSES W CC",1837,134405.15,33599.6,27741
"013 - TRACHEOSTOMY FOR FACE,MOUTH & NECK DIAGNOSES W/O CC/MCC",695,91038.33,20500.14,16816.8
014 - ALLOGENEIC BONE MARROW TRANSPLANT,906,412379.76,123970.59,105901.26
016 - AUTOLOGOUS BONE MARROW TRANSPLANT W CC/MCC,1983,230172.96,61803.82,49978.09
017 - AUTOLOGOUS BONE MARROW TRANSPLANT W/O CC/MCC,154,166010.7,42070.45,32661.95
020 - INTRACRANIAL VASCULAR PROCEDURES W PDX HEMORRHAGE W MCC,1478,360373.95,86757.31,76560.87
021 - INTRACRANIAL VASCULAR PROCEDURES W PDX HEMORRHAGE W CC,364,255107.53,61635.88,53417.82
022 - INTRACRANIAL VASCULAR PROCEDURES W PDX HEMORRHAGE W/O CC/MCC,98,190886.07,39349.83,35061.05
023 - CRANIO W MAJOR DEV IMPL/ACUTE COMPLEX CNS PDX W MCC OR CHEMO IMPLANT,7665,188542.52,44265.03,38836.17
024 - CRANIO W MAJOR DEV IMPL/ACUTE COMPLEX CNS PDX W/O MCC,2720,131496.67,29933.24,26649.3
025 - CRANIOTOMY & ENDOVASCULAR INTRACRANIAL PROCEDURES W MCC,18587,151593.04,35130.13,30760.94
026 - CRANIOTOMY & ENDOVASCULAR INTRACRANIAL PROCEDURES W CC,8222,107709.67,24640.23,20812.17
027 - CRANIOTOMY & ENDOVASCULAR INTRACRANIAL PROCEDURES W/O CC/MCC,10139,87173.42,19703.44,15985.22
028 - SPINAL PROCEDURES W MCC,1832,178278.86,43914.09,38627.48
029 - SPINAL PROCEDURES W CC OR SPINAL NEUROSTIMULATORS,3419,105148.5,24664.58,21169.11
030 - SPINAL PROCEDURES W/O CC/MCC,2104,66955.64,15061.21,11767.56
031 - VENTRICULAR SHUNT PROCEDURES W MCC,981,128404.69,30567.24,26706.31
032 - VENTRICULAR SHUNT PROCEDURES W CC,1902,71283.51,16718.79,13708.6
033 - VENTRICULAR SHUNT PROCEDURES W/O CC/MCC,2782,55948.22,12421.92,10460.35
034 - CAROTID ARTERY STENT PROCEDURE W MCC,608,133027.63,28749.65,26063.37
035 - CAROTID ARTERY STENT PROCEDURE W CC,1681,72708.11,16751.9,14874.64
036 - CAROTID ARTERY STENT PROCEDURE W/O CC/MCC,2804,55199.47,12305.52,10451.64
037 - EXTRACRANIAL PROCEDURES W MCC,4150,108916.19,23499.26,20981.52
038 - EXTRACRANIAL PROCEDURES W CC,12063,55850.61,11311,9565.55
039 - EXTRACRANIAL PROCEDURES W/O CC/MCC,27294,39905.81,7653.92,6003.07
040 - PERIPH/CRANIAL NERVE & OTHER NERV SYST PROC W MCC,4124,126637.25,30227.4,26827.63
041 - PERIPH/CRANIAL NERVE & OTHER NERV SYST PROC W CC OR PERIPH NEUROSTIM,3944,77358.8,16974.28,14195.8
042 - PERIPH/CRANIAL NERVE & OTHER NERV SYST PROC W/O CC/MCC,1551,62771.72,15224.02,12472.26
052 - SPINAL DISORDERS & INJURIES W CC/MCC,916,49272.46,12040.6,10141
053 - SPINAL DISORDERS & INJURIES W/O CC/MCC,262,32467.88,7635.91,5451.72
054 - NERVOUS SYSTEM NEOPLASMS W MCC,12912,46859.12,11015.41,8972.06
055 - NERVOUS SYSTEM NEOPLASMS W/O MCC,5658,36702.64,8631.28,6713.44
056 - DEGENERATIVE NERVOUS SYSTEM DISORDERS W MCC,11452,56025.52,14795.41,12673.64
057 - DEGENERATIVE NERVOUS SYSTEM DISORDERS W/O MCC,30227,33844.63,9253.56,7588.32
058 - MULTIPLE SCLEROSIS & CEREBELLAR ATAXIA W MCC,932,55163.21,14342.55,11623.83
059 - MULTIPLE SCLEROSIS & CEREBELLAR ATAXIA W CC,3231,36168.01,9578.41,6397.05
060 - MULTIPLE SCLEROSIS & CEREBELLAR ATAXIA W/O CC/MCC,3013,29656.36,7368.54,5011.78
061 - ACUTE ISCHEMIC STROKE W USE OF THROMBOLYTIC AGENT W MCC,4823,101864.78,20263.67,17973.29
062 - ACUTE ISCHEMIC STROKE W USE OF THROMBOLYTIC AGENT W CC,9183,74394.39,14293.25,11948.39
063 - ACUTE ISCHEMIC STROKE W USE OF THROMBOLYTIC AGENT W/O CC/MCC,1991,64800.45,11999.8,9457.38
064 - INTRACRANIAL HEMORRHAGE OR CEREBRAL INFARCTION W MCC,77988,59340.87,13461.53,11485.15
065 - INTRACRANIAL HEMORRHAGE OR CEREBRAL INFARCTION W CC OR TPA IN 24 HRS,114400,36945.98,8005.02,6339.58
066 - INTRACRANIAL HEMORRHAGE OR CEREBRAL INFARCTION W/O CC/MCC,42411,29427.32,5959.05,4315.1
067 - NONSPECIFIC CVA & PRECEREBRAL OCCLUSION W/O INFARCT W MCC,848,50090.74,10931.02,9342.21
068 - NONSPECIFIC CVA & PRECEREBRAL OCCLUSION W/O INFARCT W/O MCC,4023,34787.04,6868.83,5351.98
069 - TRANSIENT ISCHEMIA,53242,29691.17,5608.56,4192.78
070 - NONSPECIFIC CEREBROVASCULAR DISORDERS W MCC,15764,50727.04,12375.56,10701.67
071 - NONSPECIFIC CEREBROVASCULAR DISORDERS W CC,16962,32376.33,7648.16,6249.32
072 - NONSPECIFIC CEREBROVASCULAR DISORDERS W/O CC/MCC,4766,27638.71,5853.48,4313.75
073 - CRANIAL & PERIPHERAL NERVE DISORDERS W MCC,6929,45047.4,10935.84,9302.35
074 - CRANIAL & PERIPHERAL NERVE DISORDERS W/O MCC,18303,33017,7518.19,5842.44
075 - VIRAL MENINGITIS W CC/MCC,718,56312.67,13360.43,10899.81
076 - VIRAL MENINGITIS W/O CC/MCC,268,33083.9,6591.36,4693.38
077 - HYPERTENSIVE ENCEPHALOPATHY W MCC,2221,51104.2,11869.82,10263.41
078 - HYPERTENSIVE ENCEPHALOPATHY W CC,2900,34477.16,7290.3,5785.79
079 - HYPERTENSIVE ENCEPHALOPATHY W/O CC/MCC,1298,28283.3,5451.98,3863.38
080 - NONTRAUMATIC STUPOR & COMA W MCC,501,56621.52,11945.64,9311.48
081 - NONTRAUMATIC STUPOR & COMA W/O MCC,670,25955.38,6348.03,4957.54
"082 - TRAUMATIC STUPOR & COMA, COMA >1 HR W MCC",4248,76541.18,17764.22,15180.86
"083 - TRAUMATIC STUPOR & COMA, COMA >1 HR W CC",4520,45889.06,10906.12,8839.39
"084 - TRAUMATIC STUPOR & COMA, COMA >1 HR W/O CC/MCC",3324,34197.87,7505.25,5651.25
"085 - TRAUMATIC STUPOR & COMA, COMA <1 HR W MCC",10780,68975.67,16205.33,14034.64
"086 - TRAUMATIC STUPOR & COMA, COMA <1 HR W CC",17105,41508.08,9111.05,7333.86
"087 - TRAUMATIC STUPOR & COMA, COMA <1 HR W/O CC/MCC",11918,30924.09,6626.73,4977.18
088 - CONCUSSION W MCC,675,50157.75,10507.55,8743.99
089 - CONCUSSION W CC,1732,37136.05,7836.06,5993.62
090 - CONCUSSION W/O CC/MCC,942,31267.79,6443.56,4648.37
091 - OTHER DISORDERS OF NERVOUS SYSTEM W MCC,13310,49376.99,12292.65,10609.96
092 - OTHER DISORDERS OF NERVOUS SYSTEM W CC,20623,31623.64,7221.77,5698.82
093 - OTHER DISORDERS OF NERVOUS SYSTEM W/O CC/MCC,8654,27026.96,5827.82,4322.78
094 - BACTERIAL & TUBERCULOUS INFECTIONS OF NERVOUS SYSTEM W MCC,1320,111815.2,27648.83,24452.05
095 - BACTERIAL & TUBERCULOUS INFECTIONS OF NERVOUS SYSTEM W CC,1204,81278.99,18306.54,15468.9
096 - BACTERIAL & TUBERCULOUS INFECTIONS OF NERVOUS SYSTEM W/O CC/MCC,499,77061.69,17597.07,13957.06
097 - NON-BACTERIAL INFECT OF NERVOUS SYS EXC VIRAL MENINGITIS W MCC,2083,115314.92,27632.76,23402.37
098 - NON-BACTERIAL INFECT OF NERVOUS SYS EXC VIRAL MENINGITIS W CC,1405,65564.88,15803.14,12793.18
099 - NON-BACTERIAL INFECT OF NERVOUS SYS EXC VIRAL MENINGITIS W/O CC/MCC,595,44144.07,10498.4,7825.84
100 - SEIZURES W MCC,24742,54741.41,12575.3,10754.41
101 - SEIZURES W/O MCC,43577,29893.75,6733.62,5142.43
102 - HEADACHES W MCC,1569,37669.31,9073.35,7067.18
103 - HEADACHES W/O MCC,10852,27977.83,6198.51,4248.07
113 - ORBITAL PROCEDURES W CC/MCC,503,82036.55,18407.33,15696.32
114 - ORBITAL PROCEDURES W/O CC/MCC,171,50930.95,10612.09,8814.74
115 - EXTRAOCULAR PROCEDURES EXCEPT ORBIT,829,53454.16,12494.02,10147.17
116 - INTRAOCULAR PROCEDURES W CC/MCC,334,55795.09,13610.79,11359.93
117 - INTRAOCULAR PROCEDURES W/O CC/MCC,166,39978.83,9079.36,6594.86
121 - ACUTE MAJOR EYE INFECTIONS W CC/MCC,602,31702.29,8920.65,6929.55
122 - ACUTE MAJOR EYE INFECTIONS W/O CC/MCC,243,24273.28,5941.53,4257.73
123 - NEUROLOGICAL EYE DISORDERS,2657,30729.87,6226.84,4403.48
124 - OTHER DISORDERS OF THE EYE W MCC,948,42437.48,10129.67,8427.99
125 - OTHER DISORDERS OF THE EYE W/O MCC,3425,27158.01,6356.29,4693.2
129 - MAJOR HEAD & NECK PROCEDURES W CC/MCC OR MAJOR DEVICE,1840,89725.98,21510.42,17897.02
130 - MAJOR HEAD & NECK PROCEDURES W/O CC/MCC,1008,58880.72,12804.31,9908.28
131 - CRANIAL/FACIAL PROCEDURES W CC/MCC,1292,94556.5,22332.18,18730.53
132 - CRANIAL/FACIAL PROCEDURES W/O CC/MCC,558,59830.36,13908.78,10373.51
"133 - OTHER EAR, NOSE, MOUTH & THROAT O.R. PROCEDURES W CC/MCC",2221,70365.62,16939,13853.8
"134 - OTHER EAR, NOSE, MOUTH & THROAT O.R. PROCEDURES W/O CC/MCC",1273,44617.34,9583.22,7102.37
135 - SINUS & MASTOID PROCEDURES W CC/MCC,249,82882.37,17261.42,13884.24
136 - SINUS & MASTOID PROCEDURES W/O CC/MCC,109,53049.31,10562.69,8313.73
137 - MOUTH PROCEDURES W CC/MCC,791,48470.35,11827.48,9665.57
138 - MOUTH PROCEDURES W/O CC/MCC,422,32256.02,7695.5,5724.13
139 - SALIVARY GLAND PROCEDURES,354,43205.03,9027.06,6861.05
"146 - EAR, NOSE, MOUTH & THROAT MALIGNANCY W MCC",886,61591.05,16128.11,13580.5
"147 - EAR, NOSE, MOUTH & THROAT MALIGNANCY W CC",962,41470.07,10611.09,8619.41
"148 - EAR, NOSE, MOUTH & THROAT MALIGNANCY W/O CC/MCC",258,29729.68,6984.77,5448.57
149 - DYSEQUILIBRIUM,16857,26486.52,5454.56,3962.68
150 - EPISTAXIS W MCC,1143,39491.4,10018.68,8680.52
151 - EPISTAXIS W/O MCC,3409,22131.55,5711.88,4406.31
152 - OTITIS MEDIA & URI W MCC,3128,34852.7,8881.04,7252.75
153 - OTITIS MEDIA & URI W/O MCC,8889,24580.93,5918.9,4309.81
"154 - OTHER EAR, NOSE, MOUTH & THROAT DIAGNOSES W MCC",2005,47618.16,11289.41,9668.29
"155 - OTHER EAR, NOSE, MOUTH & THROAT DIAGNOSES W CC",4271,30228.87,7124.61,5519.07
"156 - OTHER EAR, NOSE, MOUTH & THROAT DIAGNOSES W/O CC/MCC",1870,23459.06,5729.16,4077.13
157 - DENTAL & ORAL DISEASES W MCC,1756,50020.7,12377.75,10361.07
158 - DENTAL & ORAL DISEASES W CC,3461,29612.59,7172.31,5552.95
159 - DENTAL & ORAL DISEASES W/O CC/MCC,1121,23523.3,5642.61,4099.38
163 - MAJOR CHEST PROCEDURES W MCC,13039,155252.36,37153.06,33182.02
164 - MAJOR CHEST PROCEDURES W CC,16304,87143.66,20066.24,16880.77
165 - MAJOR CHEST PROCEDURES W/O CC/MCC,8613,65265.19,14528.39,11872.8
166 - OTHER RESP SYSTEM O.R. PROCEDURES W MCC,18088,112295.23,27196.45,24153.94
167 - OTHER RESP SYSTEM O.R. PROCEDURES W CC,10879,62171.36,14392.34,12033.4
168 - OTHER RESP SYSTEM O.R. PROCEDURES W/O CC/MCC,3218,46337.26,10254.39,7906.97
175 - PULMONARY EMBOLISM W MCC,23798,46171.38,10877.78,9069.75
176 - PULMONARY EMBOLISM W/O MCC,33756,30031.95,7117.82,5507.88
177 - RESPIRATORY INFECTIONS & INFLAMMATIONS W MCC,73059,55023.27,13351.54,11807.46
178 - RESPIRATORY INFECTIONS & INFLAMMATIONS W CC,37189,38928.87,9817.56,8305.67
179 - RESPIRATORY INFECTIONS & INFLAMMATIONS W/O CC/MCC,8042,28372.23,7195.61,5744.87
180 - RESPIRATORY NEOPLASMS W MCC,18298,56445.72,12900.45,11084.95
181 - RESPIRATORY NEOPLASMS W CC,12748,40162.29,9157.32,7605.15
182 - RESPIRATORY NEOPLASMS W/O CC/MCC,968,31062.24,6915.54,5366.58
183 - MAJOR CHEST TRAUMA W MCC,4840,49028.28,11770.25,9421.68
184 - MAJOR CHEST TRAUMA W CC,9762,35622.99,8549.74,6094.86
185 - MAJOR CHEST TRAUMA W/O CC/MCC,2905,27362.73,6361.27,4061.17
186 - PLEURAL EFFUSION W MCC,11247,47495.16,11338.27,9922.04
187 - PLEURAL EFFUSION W CC,7975,34715.74,8194.24,6833.56
188 - PLEURAL EFFUSION W/O CC/MCC,1866,27236.47,5916.2,4748.06
189 - PULMONARY EDEMA & RESPIRATORY FAILURE,145932,37786.07,9214.49,7799.27
190 - CHRONIC OBSTRUCTIVE PULMONARY DISEASE W MCC,135088,35251.95,8370.85,6970.61
191 - CHRONIC OBSTRUCTIVE PULMONARY DISEASE W CC,95286,28485.97,6899.61,5562.31
192 - CHRONIC OBSTRUCTIVE PULMONARY DISEASE W/O CC/MCC,45464,22481.54,5522.75,4157.87
193 - SIMPLE PNEUMONIA & PLEURISY W MCC,140618,41567.2,10085.24,8600.4
194 - SIMPLE PNEUMONIA & PLEURISY W CC,127105,28948.64,7165.3,5707.1
195 - SIMPLE PNEUMONIA & PLEURISY W/O CC/MCC,41690,22223.55,5353.28,3932.99
196 - INTERSTITIAL LUNG DISEASE W MCC,7748,49407.33,12556.87,10614.07
197 - INTERSTITIAL LUNG DISEASE W CC,3561,34477.02,8442.48,6715.14
198 - INTERSTITIAL LUNG DISEASE W/O CC/MCC,1083,26642.95,6317.57,4653.99
199 - PNEUMOTHORAX W MCC,5238,55434.9,13092.76,11011.6
200 - PNEUMOTHORAX W CC,8659,34075.11,8204.28,6285.66
201 - PNEUMOTHORAX W/O CC/MCC,2082,22768.87,5770.52,4182.21
202 - BRONCHITIS & ASTHMA W CC/MCC,35980,29607.73,6984.56,5433.11
203 - BRONCHITIS & ASTHMA W/O CC/MCC,12882,22658.71,5402.6,3868.34
204 - RESPIRATORY SIGNS & SYMPTOMS,10660,26876.97,6054.74,4645.37
205 - OTHER RESPIRATORY SYSTEM DIAGNOSES W MCC,7532,48671.15,12103.62,10004.55
206 - OTHER RESPIRATORY SYSTEM DIAGNOSES W/O MCC,10807,29920.65,6972,5312.56
207 - RESPIRATORY SYSTEM DIAGNOSIS W VENTILATOR SUPPORT >96 HOURS,21088,171203.83,39293.08,35643.24
208 - RESPIRATORY SYSTEM DIAGNOSIS W VENTILATOR SUPPORT <=96 HOURS,59073,76897.65,17038.53,15105.98
215 - OTHER HEART ASSIST SYSTEM IMPLANT,304,363746.37,121696.14,113055.15
216 - CARDIAC VALVE & OTH MAJ CARDIOTHORACIC PROC W CARD CATH W MCC,9790,322097.21,74660.87,67613.32
217 - CARDIAC VALVE & OTH MAJ CARDIOTHORACIC PROC W CARD CATH W CC,3755,214232.94,47958.58,42435.61
218 - CARDIAC VALVE & OTH MAJ CARDIOTHORACIC PROC W CARD CATH W/O CC/MCC,526,191696.43,40362.57,35338.94
219 - CARDIAC VALVE & OTH MAJ CARDIOTHORACIC PROC W/O CARD CATH W MCC,16990,260060.39,61178.61,55191.05
220 - CARDIAC VALVE & OTH MAJ CARDIOTHORACIC PROC W/O CARD CATH W CC,19518,174890.43,39254.09,34520.26
221 - CARDIAC VALVE & OTH MAJ CARDIOTHORACIC PROC W/O CARD CATH W/O CC/MCC,3726,149173.41,33537.71,29548.54
222 - CARDIAC DEFIB IMPLANT W CARDIAC CATH W AMI/HF/SHOCK W MCC,1534,277600.52,66684.92,59975.31
223 - CARDIAC DEFIB IMPLANT W CARDIAC CATH W AMI/HF/SHOCK W/O MCC,956,203026.67,46729.45,42721.51
224 - CARDIAC DEFIB IMPLANT W CARDIAC CATH W/O AMI/HF/SHOCK W MCC,2147,237090.22,57646.43,51167.15
225 - CARDIAC DEFIB IMPLANT W CARDIAC CATH W/O AMI/HF/SHOCK W/O MCC,1929,181095.88,42451.28,37565.04
226 - CARDIAC DEFIBRILLATOR IMPLANT W/O CARDIAC CATH W MCC,4410,211544.16,51461.92,47825.15
227 - CARDIAC DEFIBRILLATOR IMPLANT W/O CARDIAC CATH W/O MCC,6747,165664.29,40041.12,35888.79
228 - OTHER CARDIOTHORACIC PROCEDURES W MCC,3224,207501.77,54681.97,48962.14
229 - OTHER CARDIOTHORACIC PROCEDURES W/O MCC,2704,149230.48,34379.9,29874.69
230 - UNKNOWN,857,125433.55,30502.7,26578.35
231 - CORONARY BYPASS W PTCA W MCC,1127,287978.76,61991.87,52837.68
232 - CORONARY BYPASS W PTCA W/O MCC,823,206412.66,41900.94,36092.76
233 - CORONARY BYPASS W CARDIAC CATH W MCC,12710,239843.1,52284.3,46109.11
234 - CORONARY BYPASS W CARDIAC CATH W/O MCC,17040,171028.82,34862.33,29431.49
235 - CORONARY BYPASS W/O CARDIAC CATH W MCC,10141,191399.27,42615.63,37863.99
236 - CORONARY BYPASS W/O CARDIAC CATH W/O MCC,20041,132426.16,27832.14,23544.75
239 - AMPUTATION FOR CIRC SYS DISORDERS EXC UPPER LIMB & TOE W MCC,9631,138329.28,34228.34,30880.29
240 - AMPUTATION FOR CIRC SYS DISORDERS EXC UPPER LIMB & TOE W CC,8192,83522.9,19404.35,17120.31
241 - AMPUTATION FOR CIRC SYS DISORDERS EXC UPPER LIMB & TOE W/O CC/MCC,965,45849.5,10370.34,9055.44
242 - PERMANENT CARDIAC PACEMAKER IMPLANT W MCC,17152,114102.49,26768.47,24543.27
243 - PERMANENT CARDIAC PACEMAKER IMPLANT W CC,25120,81762.13,18583.32,16707.16
244 - PERMANENT CARDIAC PACEMAKER IMPLANT W/O CC/MCC,17319,66599.84,15001.8,12994.79
245 - AICD GENERATOR PROCEDURES,2548,172287.66,37306.09,33867.98
246 - PERC CARDIOVASC PROC W DRUG-ELUTING STENT W MCC OR 4+ VESSELS/STENTS,39016,119341.22,24292.9,21534.15
247 - PERC CARDIOVASC PROC W DRUG-ELUTING STENT W/O MCC,89069,83315.99,15701.95,12813.86
248 - PERC CARDIOVASC PROC W NON-DRUG-ELUTING STENT W MCC OR 4+ VES/STENTS,7055,111713.36,22124.63,20005.17
249 - PERC CARDIOVASC PROC W NON-DRUG-ELUTING STENT W/O MCC,11366,77059.3,13610.37,11357.18
250 - PERC CARDIOVASC PROC W/O CORONARY ARTERY STENT W MCC,3883,93198.57,19873.16,17540.65
251 - PERC CARDIOVASC PROC W/O CORONARY ARTERY STENT W/O MCC,6348,66297.01,12179.03,10086.36
252 - OTHER VASCULAR PROCEDURES W MCC,42441,109719.74,25899.35,23461.76
253 - OTHER VASCULAR PROCEDURES W CC,35271,90199.28,19861.43,17447.71
254 - OTHER VASCULAR PROCEDURES W/O CC/MCC,15732,63999.93,13051.61,10817.87
255 - UPPER LIMB & TOE AMPUTATION FOR CIRC SYSTEM DISORDERS W MCC,2111,73906.54,19146.1,16779.36
256 - UPPER LIMB & TOE AMPUTATION FOR CIRC SYSTEM DISORDERS W CC,2600,51998.15,12127.65,10026.59
257 - UPPER LIMB & TOE AMPUTATION FOR CIRC SYSTEM DISORDERS W/O CC/MCC,163,34539.82,8289.59,6851.66
258 - CARDIAC PACEMAKER DEVICE REPLACEMENT W MCC,695,95784.35,21338.66,19484.91
259 - CARDIAC PACEMAKER DEVICE REPLACEMENT W/O MCC,1665,65018.34,14432.15,12917.02
260 - CARDIAC PACEMAKER REVISION EXCEPT DEVICE REPLACEMENT W MCC,1454,136123.91,31252.2,27578.14
261 - CARDIAC PACEMAKER REVISION EXCEPT DEVICE REPLACEMENT W CC,1721,65284.65,14379.64,12329.05
262 - CARDIAC PACEMAKER REVISION EXCEPT DEVICE REPLACEMENT W/O CC/MCC,496,47302.78,10974.5,9400.54
263 - VEIN LIGATION & STRIPPING,1089,79192.53,17281.32,14916.14
264 - OTHER CIRCULATORY SYSTEM O.R. PROCEDURES,10102,93297.25,22161.85,19637.16
265 - AICD LEAD PROCEDURES,918,106920.79,23869.27,20824.61
266 - ENDOVASCULAR CARDIAC VALVE REPLACEMENT W MCC,11218,240921.65,62430.34,59738.63
267 - ENDOVASCULAR CARDIAC VALVE REPLACEMENT W/O MCC,15100,189506.78,48094.21,45961.42
268 - AORTIC AND HEART ASSIST PROCEDURES EXCEPT PULSATION BALLOON W MCC,4006,214106.08,51431.22,46908.05
269 - AORTIC AND HEART ASSIST PROCEDURES EXCEPT PULSATION BALLOON W/O MCC,18063,120552.22,28139.06,24920.12
270 - OTHER MAJOR CARDIOVASCULAR PROCEDURES W MCC,15417,159466.9,38151.8,34183.31
271 - OTHER MAJOR CARDIOVASCULAR PROCEDURES W CC,8919,103533.81,24112.2,21029.85
272 - OTHER MAJOR CARDIOVASCULAR PROCEDURES W/O CC/MCC,3934,78008.84,17154.92,14540.54
273 - PERCUTANEOUS INTRACARDIAC PROCEDURES W MCC,7991,145141.63,29652.1,26674.64
274 - PERCUTANEOUS INTRACARDIAC PROCEDURES W/O MCC,17029,113365.88,19829.03,17219.29
"280 - ACUTE MYOCARDIAL INFARCTION, DISCHARGED ALIVE W MCC",72323,52400.66,12223.69,10672.8
"281 - ACUTE MYOCARDIAL INFARCTION, DISCHARGED ALIVE W CC",47417,34528.45,7642.1,6213.84
"282 - ACUTE MYOCARDIAL INFARCTION, DISCHARGED ALIVE W/O CC/MCC",24718,28915.43,5824.05,4401.81
"283 - ACUTE MYOCARDIAL INFARCTION, EXPIRED W MCC",9741,60173.09,13200.04,11619.72
"284 - ACUTE MYOCARDIAL INFARCTION, EXPIRED W CC",1640,27721.83,6022.38,4916.18
"285 - ACUTE MYOCARDIAL INFARCTION, EXPIRED W/O CC/MCC",498,19888.34,4278.57,3070.23
"286 - CIRCULATORY DISORDERS EXCEPT AMI, W CARD CATH W MCC",33179,77574.21,17290.95,14690.94
"287 - CIRCULATORY DISORDERS EXCEPT AMI, W CARD CATH W/O MCC",74584,46060.57,8809.05,6898.5
288 - ACUTE & SUBACUTE ENDOCARDITIS W MCC,1398,81273.09,21009.41,18413.32
289 - ACUTE & SUBACUTE ENDOCARDITIS W CC,730,51853.57,12577.23,10614.3
290 - ACUTE & SUBACUTE ENDOCARDITIS W/O CC/MCC,148,34152.55,8348.77,6388.37
291 - HEART FAILURE & SHOCK W MCC,235068,44357.68,10772.85,9403.94
292 - HEART FAILURE & SHOCK W CC,183732,29155.23,7344.2,6026.42
293 - HEART FAILURE & SHOCK W/O CC/MCC,52944,21156.8,5217.75,4034.47
294 - DEEP VEIN THROMBOPHLEBITIS W CC/MCC,243,32007.7,7694.64,6172.33
295 - DEEP VEIN THROMBOPHLEBITIS W/O CC/MCC,39,24214.05,5638.72,3905.21
"296 - CARDIAC ARREST, UNEXPLAINED W MCC",3381,53468.41,10651.81,9030.06
"297 - CARDIAC ARREST, UNEXPLAINED W CC",540,24052.79,5312.46,4237.58
"298 - CARDIAC ARREST, UNEXPLAINED W/O CC/MCC",263,16919.63,3895.99,2826.97
299 - PERIPHERAL VASCULAR DISORDERS W MCC,18890,43464.38,10943,9336.52
300 - PERIPHERAL VASCULAR DISORDERS W CC,32161,30835.07,7758.85,6320.35
301 - PERIPHERAL VASCULAR DISORDERS W/O CC/MCC,11779,22704.63,5532.24,4183.36
302 - ATHEROSCLEROSIS W MCC,4754,34746.73,8473.23,7172.4
303 - ATHEROSCLEROSIS W/O MCC,16650,23235.7,5221.81,3967.02
304 - HYPERTENSION W MCC,3082,34845.18,7989.7,6407.06
305 - HYPERTENSION W/O MCC,20786,24343.52,5269.34,3820.91
306 - CARDIAC CONGENITAL & VALVULAR DISORDERS W MCC,3787,44430.02,11988.12,10487.11
307 - CARDIAC CONGENITAL & VALVULAR DISORDERS W/O MCC,3831,28780.08,6831.58,5453.37
308 - CARDIAC ARRHYTHMIA & CONDUCTION DISORDERS W MCC,74804,37820.78,9096.87,7635.57
309 - CARDIAC ARRHYTHMIA & CONDUCTION DISORDERS W CC,93274,26116.05,6049.03,4689.27
310 - CARDIAC ARRHYTHMIA & CONDUCTION DISORDERS W/O CC/MCC,71303,19752.64,4449.63,2994.45
311 - ANGINA PECTORIS,6535,24768.41,5193.73,3933.78
312 - SYNCOPE & COLLAPSE,77503,28797.21,6119.44,4760.16
313 - CHEST PAIN,57548,25777.54,5353.21,4074.06
314 - OTHER CIRCULATORY SYSTEM DIAGNOSES W MCC,39492,58973.74,15096.76,13043.33
315 - OTHER CIRCULATORY SYSTEM DIAGNOSES W CC,20204,31662.14,7832.45,6296.26
316 - OTHER CIRCULATORY SYSTEM DIAGNOSES W/O CC/MCC,4393,25411.28,5543.63,4022.56
"326 - STOMACH, ESOPHAGEAL & DUODENAL PROC W MCC",17751,144014.53,40044.72,36114.81
"327 - STOMACH, ESOPHAGEAL & DUODENAL PROC W CC",20207,69892.09,19654.66,16881.03
"328 - STOMACH, ESOPHAGEAL & DUODENAL PROC W/O CC/MCC",10872,52098.11,11820.82,9421.26
329 - MAJOR SMALL & LARGE BOWEL PROCEDURES W MCC,35352,153564.95,37387.85,33739.4
330 - MAJOR SMALL & LARGE BOWEL PROCEDURES W CC,55663,79552.45,18751.73,15864.09
331 - MAJOR SMALL & LARGE BOWEL PROCEDURES W/O CC/MCC,25785,55841.58,12392.35,9751.66
332 - RECTAL RESECTION W MCC,239,114070.47,30599.04,27302.81
333 - RECTAL RESECTION W CC,901,66047.88,17723.91,15269.84
334 - RECTAL RESECTION W/O CC/MCC,1090,44920.71,12086.89,10011.7
335 - PERITONEAL ADHESIOLYSIS W MCC,6567,130940.09,30619.7,27380.79
336 - PERITONEAL ADHESIOLYSIS W CC,10714,75924.38,17533.33,14625.53
337 - PERITONEAL ADHESIOLYSIS W/O CC/MCC,5755,53990.21,11928.19,9456.89
338 - APPENDECTOMY W COMPLICATED PRINCIPAL DIAG W MCC,1050,92357.74,22196.84,19199.6
339 - APPENDECTOMY W COMPLICATED PRINCIPAL DIAG W CC,3008,57235.91,13126.81,10452.42
340 - APPENDECTOMY W COMPLICATED PRINCIPAL DIAG W/O CC/MCC,2778,42309.05,8982.38,6581.24
341 - APPENDECTOMY W/O COMPLICATED PRINCIPAL DIAG W MCC,823,86549.68,17104.8,14457.42
342 - APPENDECTOMY W/O COMPLICATED PRINCIPAL DIAG W CC,2119,53225.36,10128.19,8038.38
343 - APPENDECTOMY W/O COMPLICATED PRINCIPAL DIAG W/O CC/MCC,2817,39378.86,7784.27,5678.77
344 - MINOR SMALL & LARGE BOWEL PROCEDURES W MCC,2080,92943.34,24256.55,21363.17
345 - MINOR SMALL & LARGE BOWEL PROCEDURES W CC,4128,50859.63,12596.08,10315.51
346 - MINOR SMALL & LARGE BOWEL PROCEDURES W/O CC/MCC,1757,36443.56,9239.87,7233.87
347 - ANAL & STOMAL PROCEDURES W MCC,1859,98875.55,20611.02,17885.19
348 - ANAL & STOMAL PROCEDURES W CC,3893,52270,11574.51,9385.55
349 - ANAL & STOMAL PROCEDURES W/O CC/MCC,2499,35446.88,7556.69,5690.94
350 - INGUINAL & FEMORAL HERNIA PROCEDURES W MCC,1458,82240.21,18536,16605.73
351 - INGUINAL & FEMORAL HERNIA PROCEDURES W CC,3440,51531.28,10713.14,8896.95
352 - INGUINAL & FEMORAL HERNIA PROCEDURES W/O CC/MCC,3306,37561.5,7598.98,5758.56
353 - HERNIA PROCEDURES EXCEPT INGUINAL & FEMORAL W MCC,3370,98738.62,23203.21,20038.39
354 - HERNIA PROCEDURES EXCEPT INGUINAL & FEMORAL W CC,8916,57168.42,13030.74,10364.89
355 - HERNIA PROCEDURES EXCEPT INGUINAL & FEMORAL W/O CC/MCC,7715,44128.14,9663.79,7251.34
356 - OTHER DIGESTIVE SYSTEM O.R. PROCEDURES W MCC,10429,106416.57,28587.06,25445.38
357 - OTHER DIGESTIVE SYSTEM O.R. PROCEDURES W CC,10453,59943.92,15564.34,13367.43
358 - OTHER DIGESTIVE SYSTEM O.R. PROCEDURES W/O CC/MCC,1758,47457.75,10816.82,8590.64
368 - MAJOR ESOPHAGEAL DISORDERS W MCC,2337,56300.38,13831.02,12102.91
369 - MAJOR ESOPHAGEAL DISORDERS W CC,3428,34381.14,8178.28,6619.32
370 - MAJOR ESOPHAGEAL DISORDERS W/O CC/MCC,631,25094.97,5866.69,4431.61
371 - MAJOR GASTROINTESTINAL DISORDERS & PERITONEAL INFECTIONS W MCC,19426,50033.59,13069.48,11443.7
372 - MAJOR GASTROINTESTINAL DISORDERS & PERITONEAL INFECTIONS W CC,30598,32219.87,8212.76,6863.66
373 - MAJOR GASTROINTESTINAL DISORDERS & PERITONEAL INFECTIONS W/O CC/MCC,8548,24085.19,5943.93,4655.7
374 - DIGESTIVE MALIGNANCY W MCC,9220,63241.23,16352.91,14079.27
375 - DIGESTIVE MALIGNANCY W CC,13553,41059.9,9793.87,7962.57
376 - DIGESTIVE MALIGNANCY W/O CC/MCC,1495,33652.11,7456.4,5851.46
377 - G.I. HEMORRHAGE W MCC,56342,52630.73,12864.69,11370.37
378 - G.I. HEMORRHAGE W CC,128197,31382.89,7407.56,5995
379 - G.I. HEMORRHAGE W/O CC/MCC,22261,21939.37,5303.1,3887.45
380 - COMPLICATED PEPTIC ULCER W MCC,4027,57713.73,14519.09,12595.65
381 - COMPLICATED PEPTIC ULCER W CC,6887,35754.58,7977.63,6502.95
382 - COMPLICATED PEPTIC ULCER W/O CC/MCC,1767,29074.43,6470.4,5003
383 - UNCOMPLICATED PEPTIC ULCER W MCC,1329,44375.41,10089.67,8547.16
384 - UNCOMPLICATED PEPTIC ULCER W/O MCC,5423,31095.98,6483.43,4965.88
385 - INFLAMMATORY BOWEL DISEASE W MCC,2542,54034.27,14134.23,11876.69
386 - INFLAMMATORY BOWEL DISEASE W CC,9536,32141.32,7848.31,6033.99
387 - INFLAMMATORY BOWEL DISEASE W/O CC/MCC,3098,25287.35,5946.98,4308.26
388 - G.I. OBSTRUCTION W MCC,18050,47163.29,11771.84,10153.24
389 - G.I. OBSTRUCTION W CC,51094,27919.21,6658.75,5181.32
390 - G.I. OBSTRUCTION W/O CC/MCC,33959,20641.31,4840.46,3310.71
"391 - ESOPHAGITIS, GASTROENT & MISC DIGEST DISORDERS W MCC",41600,40115.23,9399.78,7862.3
"392 - ESOPHAGITIS, GASTROENT & MISC DIGEST DISORDERS W/O MCC",169816,26532.69,5831.99,4358.98
393 - OTHER DIGESTIVE SYSTEM DIAGNOSES W MCC,22525,52237.16,13190.46,11375.29
394 - OTHER DIGESTIVE SYSTEM DIAGNOSES W CC,41724,31488.17,7486.46,5982.65
395 - OTHER DIGESTIVE SYSTEM DIAGNOSES W/O CC/MCC,13412,23664.21,5553.13,4036.42
"405 - PANCREAS, LIVER & SHUNT PROCEDURES W MCC",3694,188562.14,48610.63,42386.12
"406 - PANCREAS, LIVER & SHUNT PROCEDURES W CC",4511,106085.21,25213.27,20539.93
"407 - PANCREAS, LIVER & SHUNT PROCEDURES W/O CC/MCC",1772,75256.27,17586.12,13987.79
408 - BILIARY TRACT PROC EXCEPT ONLY CHOLECYST W OR W/O C.D.E. W MCC,5592,100656.04,28990.42,25659.33
409 - BILIARY TRACT PROC EXCEPT ONLY CHOLECYST W OR W/O C.D.E. W CC,4094,61352.85,18520.88,16084.17
410 - BILIARY TRACT PROC EXCEPT ONLY CHOLECYST W OR W/O C.D.E. W/O CC/MCC,1257,46606.24,12221.98,10000.88
411 - CHOLECYSTECTOMY W C.D.E. W MCC,620,115209.25,26598.7,23021.65
412 - CHOLECYSTECTOMY W C.D.E. W CC,707,82341.27,18140.76,15267.64
413 - CHOLECYSTECTOMY W C.D.E. W/O CC/MCC,410,63618.19,12970.7,10445.51
414 - CHOLECYSTECTOMY EXCEPT BY LAPAROSCOPE W/O C.D.E. W MCC,2348,111384.42,25740.58,22708.26
415 - CHOLECYSTECTOMY EXCEPT BY LAPAROSCOPE W/O C.D.E. W CC,3238,67314.52,14936.02,12459.15
416 - CHOLECYSTECTOMY EXCEPT BY LAPAROSCOPE W/O C.D.E. W/O CC/MCC,1898,47606.14,10168.47,7901.94
417 - LAPAROSCOPIC CHOLECYSTECTOMY W/O C.D.E. W MCC,15078,80618.32,17955.39,15707.33
418 - LAPAROSCOPIC CHOLECYSTECTOMY W/O C.D.E. W CC,22429,58318.06,11887.6,9802.58
419 - LAPAROSCOPIC CHOLECYSTECTOMY W/O C.D.E. W/O CC/MCC,17449,47238.93,9246.68,7186.09
420 - HEPATOBILIARY DIAGNOSTIC PROCEDURES W MCC,5304,91535.96,30687.69,27130.98
421 - HEPATOBILIARY DIAGNOSTIC PROCEDURES W CC,4092,45615.28,14141.58,11843.83
422 - HEPATOBILIARY DIAGNOSTIC PROCEDURES W/O CC/MCC,446,45194.36,10504.59,8580.92
423 - OTHER HEPATOBILIARY OR PANCREAS O.R. PROCEDURES W MCC,1076,123994.69,35159.19,30997.67
424 - OTHER HEPATOBILIARY OR PANCREAS O.R. PROCEDURES W CC,497,72476.82,18937.27,15571.2
425 - OTHER HEPATOBILIARY OR PANCREAS O.R. PROCEDURES W/O CC/MCC,98,56933.96,13472.03,10112.17
432 - CIRRHOSIS & ALCOHOLIC HEPATITIS W MCC,9281,55266.26,13523.98,11629.65
433 - CIRRHOSIS & ALCOHOLIC HEPATITIS W CC,9309,33365.24,7547.08,6094.69
434 - CIRRHOSIS & ALCOHOLIC HEPATITIS W/O CC/MCC,793,21275.44,5315.26,4155.53
435 - MALIGNANCY OF HEPATOBILIARY SYSTEM OR PANCREAS W MCC,11709,53728.44,13807.75,11670.25
436 - MALIGNANCY OF HEPATOBILIARY SYSTEM OR PANCREAS W CC,8226,38822.9,9246.15,7524.93
437 - MALIGNANCY OF HEPATOBILIARY SYSTEM OR PANCREAS W/O CC/MCC,946,32954.36,7371.21,5580.9
438 - DISORDERS OF PANCREAS EXCEPT MALIGNANCY W MCC,14090,52192.46,13107.72,11108.23
439 - DISORDERS OF PANCREAS EXCEPT MALIGNANCY W CC,27491,29533.51,6944.18,5329.16
440 - DISORDERS OF PANCREAS EXCEPT MALIGNANCY W/O CC/MCC,16127,22623.83,5145.37,3548.23
"441 - DISORDERS OF LIVER EXCEPT MALIG,CIRR,ALC HEPA W MCC",16001,55570.95,14875.64,12748.66
"442 - DISORDERS OF LIVER EXCEPT MALIG,CIRR,ALC HEPA W CC",17730,30345.18,7597.83,6077.79
"443 - DISORDERS OF LIVER EXCEPT MALIG,CIRR,ALC HEPA W/O CC/MCC",3355,23482.4,5567.81,4184.67
444 - DISORDERS OF THE BILIARY TRACT W MCC,10077,48029.03,12135.47,10380.07
445 - DISORDERS OF THE BILIARY TRACT W CC,16068,35202.45,8162.71,6599.19
446 - DISORDERS OF THE BILIARY TRACT W/O CC/MCC,7326,28498.67,6127.19,4623.41
453 - COMBINED ANTERIOR/POSTERIOR SPINAL FUSION W MCC,1903,349134.08,89905.83,81707.01
454 - COMBINED ANTERIOR/POSTERIOR SPINAL FUSION W CC,5909,239050.43,62273.87,54851.94
455 - COMBINED ANTERIOR/POSTERIOR SPINAL FUSION W/O CC/MCC,5351,182387.15,45048.36,38448.89
456 - SPINAL FUS EXC CERV W SPINAL CURV/MALIG/INFEC OR EXT FUS W MCC,1699,297467.93,78590.61,70008.58
457 - SPINAL FUS EXC CERV W SPINAL CURV/MALIG/INFEC OR EXT FUS W CC,4591,219398.93,57766.72,50978.94
458 - SPINAL FUS EXC CERV W SPINAL CURV/MALIG/INFEC OR EXT FUS W/O CC/MCC,1788,152754.33,40709.27,34980.88
459 - SPINAL FUSION EXCEPT CERVICAL W MCC,6501,173442.35,45384.87,40821.96
460 - SPINAL FUSION EXCEPT CERVICAL W/O MCC,79495,114353.11,28882.77,24458.68
461 - BILATERAL OR MULTIPLE MAJOR JOINT PROCS OF LOWER EXTREMITY W MCC,365,150181.47,39116.73,34851.2
462 - BILATERAL OR MULTIPLE MAJOR JOINT PROCS OF LOWER EXTREMITY W/O MCC,9200,92611.45,24275.24,18735.56
"463 - WND DEBRID & SKN GRFT EXC HAND, FOR MUSCULO-CONN TISS DIS W MCC",6269,143468.96,37953.61,33940.76
"464 - WND DEBRID & SKN GRFT EXC HAND, FOR MUSCULO-CONN TISS DIS W CC",11317,84668.51,22325.58,19158.12
"465 - WND DEBRID & SKN GRFT EXC HAND, FOR MUSCULO-CONN TISS DIS W/O CC/MCC",4173,58893.88,14437.5,11716.52
466 - REVISION OF HIP OR KNEE REPLACEMENT W MCC,3876,141805.88,34919.92,32350.15
467 - REVISION OF HIP OR KNEE REPLACEMENT W CC,19458,98149.14,24371.25,21364.06
468 - REVISION OF HIP OR KNEE REPLACEMENT W/O CC/MCC,17112,79183.98,19789.66,16519.87
469 - MAJOR JOINT REPLACEMENT OR REATTACHMENT OF LOWER EXTREMITY W MCC,26713,93472.35,21987.24,19792.57
470 - MAJOR JOINT REPLACEMENT OR REATTACHMENT OF LOWER EXTREMITY W/O MCC,502566,59206.64,14710.07,11837.1
471 - CERVICAL SPINAL FUSION W MCC,3831,156453.75,38207.68,34294.86
472 - CERVICAL SPINAL FUSION W CC,17272,88046.1,21614.91,18263.96
473 - CERVICAL SPINAL FUSION W/O CC/MCC,27430,68204.75,16044.79,13102.9
474 - AMPUTATION FOR MUSCULOSKELETAL SYS & CONN TISSUE DIS W MCC,3554,113835.05,27520.84,24135.34
475 - AMPUTATION FOR MUSCULOSKELETAL SYS & CONN TISSUE DIS W CC,4155,64115.25,15516.98,13081.33
476 - AMPUTATION FOR MUSCULOSKELETAL SYS & CONN TISSUE DIS W/O CC/MCC,980,37062.77,8657.93,6877.07
477 - BIOPSIES OF MUSCULOSKELETAL SYSTEM & CONNECTIVE TISSUE W MCC,3373,100828.5,24057.42,20876.29
478 - BIOPSIES OF MUSCULOSKELETAL SYSTEM & CONNECTIVE TISSUE W CC,7064,73315.96,16158.71,13870.11
479 - BIOPSIES OF MUSCULOSKELETAL SYSTEM & CONNECTIVE TISSUE W/O CC/MCC,2157,57937.58,12344.58,10532.04
480 - HIP & FEMUR PROCEDURES EXCEPT MAJOR JOINT W MCC,28741,91072.35,20928.49,19016.78
481 - HIP & FEMUR PROCEDURES EXCEPT MAJOR JOINT W CC,80159,62077,13827.76,12114.03
482 - HIP & FEMUR PROCEDURES EXCEPT MAJOR JOINT W/O CC/MCC,24318,51291.21,11605.49,9773.36
483 - MAJOR JOINT/LIMB REATTACHMENT PROCEDURE OF UPPER EXTREMITIES,56112,69635.58,16982.86,14415.73
485 - KNEE PROCEDURES W PDX OF INFECTION W MCC,922,104999.8,26190.74,22036.13
486 - KNEE PROCEDURES W PDX OF INFECTION W CC,2026,70888.79,15694.74,13247.06
487 - KNEE PROCEDURES W PDX OF INFECTION W/O CC/MCC,734,52330.56,11677.43,9329.06
488 - KNEE PROCEDURES W/O PDX OF INFECTION W CC/MCC,2970,61391.85,13600.16,11224.85
489 - KNEE PROCEDURES W/O PDX OF INFECTION W/O CC/MCC,2720,40707.41,9662.54,7418.92
"492 - LOWER EXTREM & HUMER PROC EXCEPT HIP,FOOT,FEMUR W MCC",6286,101900.05,23291.83,20313.06
"493 - LOWER EXTREM & HUMER PROC EXCEPT HIP,FOOT,FEMUR W CC",19204,69425,15348.09,12850.7
"494 - LOWER EXTREM & HUMER PROC EXCEPT HIP,FOOT,FEMUR W/O CC/MCC",14207,55092.22,11955.14,9503.53
495 - LOCAL EXCISION & REMOVAL INT FIX DEVICES EXC HIP & FEMUR W MCC,486,98420.44,23695.48,20743.22
496 - LOCAL EXCISION & REMOVAL INT FIX DEVICES EXC HIP & FEMUR W CC,1821,65216.39,13996.76,11594.98
497 - LOCAL EXCISION & REMOVAL INT FIX DEVICES EXC HIP & FEMUR W/O CC/MCC,1429,46364.32,9495.8,7583.38
498 - LOCAL EXCISION & REMOVAL INT FIX DEVICES OF HIP & FEMUR W CC/MCC,1141,79096.75,18347.35,15935.44
499 - LOCAL EXCISION & REMOVAL INT FIX DEVICES OF HIP & FEMUR W/O CC/MCC,333,40235.02,8308.42,6714.97
500 - SOFT TISSUE PROCEDURES W MCC,2851,96166.42,25225.22,22183.78
501 - SOFT TISSUE PROCEDURES W CC,6052,54514.06,12659.37,10348.95
502 - SOFT TISSUE PROCEDURES W/O CC/MCC,3815,42041.31,9319.27,7257.64
503 - FOOT PROCEDURES W MCC,1772,76799.34,17607.86,15417.63
504 - FOOT PROCEDURES W CC,4237,54104.46,12470.01,10078.79
505 - FOOT PROCEDURES W/O CC/MCC,1787,48039.53,10095.49,7840.77
506 - MAJOR THUMB OR JOINT PROCEDURES,530,45571.12,10441.61,8406.4
507 - MAJOR SHOULDER OR ELBOW JOINT PROCEDURES W CC/MCC,486,62735.24,14467.9,12158.96
508 - MAJOR SHOULDER OR ELBOW JOINT PROCEDURES W/O CC/MCC,253,49879.71,12123.38,9841.11
509 - ARTHROSCOPY,72,51282.65,12375.9,10314.18
"510 - SHOULDER,ELBOW OR FOREARM PROC,EXC MAJOR JOINT PROC W MCC",1178,80793.85,18517.16,16191.65
"511 - SHOULDER,ELBOW OR FOREARM PROC,EXC MAJOR JOINT PROC W CC",3562,58624.2,12492.64,10292.42
"512 - SHOULDER,ELBOW OR FOREARM PROC,EXC MAJOR JOINT PROC W/O CC/MCC",2703,49822.17,10268.98,8117.09
"513 - HAND OR WRIST PROC, EXCEPT MAJOR THUMB OR JOINT PROC W CC/MCC",1695,52380.24,12043.23,9719.32
"514 - HAND OR WRIST PROC, EXCEPT MAJOR THUMB OR JOINT PROC W/O CC/MCC",632,35205.84,7597.84,5497.87
515 - OTHER MUSCULOSKELET SYS & CONN TISS O.R. PROC W MCC,5358,94363.75,23395.03,20731.81
516 - OTHER MUSCULOSKELET SYS & CONN TISS O.R. PROC W CC,14140,62233.87,14851.89,12704.88
517 - OTHER MUSCULOSKELET SYS & CONN TISS O.R. PROC W/O CC/MCC,14388,46504.4,12676.47,10495.27
518 - BACK & NECK PROC EXC SPINAL FUSION W MCC OR DISC DEVICE/NEUROSTIM,4175,91610.93,21835.67,19067.36
519 - BACK & NECK PROC EXC SPINAL FUSION W CC,8588,62295.73,13103.04,10547.21
520 - BACK & NECK PROC EXC SPINAL FUSION W/O CC/MCC,10673,45575.27,9208.77,6944.51
533 - FRACTURES OF FEMUR W MCC,884,41830.48,10468.54,9013.93
534 - FRACTURES OF FEMUR W/O MCC,2599,22184.88,5587.53,4268.88
535 - FRACTURES OF HIP & PELVIS W MCC,7869,38327.42,9192.3,7717.13
536 - FRACTURES OF HIP & PELVIS W/O MCC,25695,23269.82,5520.26,4155.8
"537 - SPRAINS, STRAINS, & DISLOCATIONS OF HIP, PELVIS & THIGH W CC/MCC",819,30339.39,7022.06,5563.45
"538 - SPRAINS, STRAINS, & DISLOCATIONS OF HIP, PELVIS & THIGH W/O CC/MCC",372,22043.94,5058.16,3742.31
539 - OSTEOMYELITIS W MCC,3966,54270.55,14052.53,11886.04
540 - OSTEOMYELITIS W CC,4952,37841.6,9757.42,8162.93
541 - OSTEOMYELITIS W/O CC/MCC,1109,28275.1,7288.83,5674.9
542 - PATHOLOGICAL FRACTURES & MUSCULOSKELET & CONN TISS MALIG W MCC,6911,55985.42,14527.62,12529.95
543 - PATHOLOGICAL FRACTURES & MUSCULOSKELET & CONN TISS MALIG W CC,14471,35483.42,8591.63,6996.41
544 - PATHOLOGICAL FRACTURES & MUSCULOSKELET & CONN TISS MALIG W/O CC/MCC,4423,25073.01,5975.11,4599.37
545 - CONNECTIVE TISSUE DISORDERS W MCC,3267,74261.36,20834.82,17982.57
546 - CONNECTIVE TISSUE DISORDERS W CC,4340,36983.12,9668.79,7716.33
547 - CONNECTIVE TISSUE DISORDERS W/O CC/MCC,1560,27419.3,6690.77,4986.5
548 - SEPTIC ARTHRITIS W MCC,646,58654.8,14223.15,12453.9
549 - SEPTIC ARTHRITIS W CC,1228,36860.09,9068.83,7543.03
550 - SEPTIC ARTHRITIS W/O CC/MCC,477,28013.97,6654.22,5109.1
551 - MEDICAL BACK PROBLEMS W MCC,12668,49214.94,11820.26,9983.6
552 - MEDICAL BACK PROBLEMS W/O MCC,53485,30292.47,6852.7,5223.49
553 - BONE DISEASES & ARTHROPATHIES W MCC,2628,47102.31,12492.79,10851.78
554 - BONE DISEASES & ARTHROPATHIES W/O MCC,13521,23188.16,6165.04,4702.12
555 - SIGNS & SYMPTOMS OF MUSCULOSKELETAL SYSTEM & CONN TISSUE W MCC,2544,46950.56,11704.53,10173.76
556 - SIGNS & SYMPTOMS OF MUSCULOSKELETAL SYSTEM & CONN TISSUE W/O MCC,11235,25764.34,6242.88,4821.54
"557 - TENDONITIS, MYOSITIS & BURSITIS W MCC",3817,43732.23,10483.59,8803.12
"558 - TENDONITIS, MYOSITIS & BURSITIS W/O MCC",11969,27093.61,6542.21,5039.58
"559 - AFTERCARE, MUSCULOSKELETAL SYSTEM & CONNECTIVE TISSUE W MCC",3102,48603.32,13725.63,12326.52
"560 - AFTERCARE, MUSCULOSKELETAL SYSTEM & CONNECTIVE TISSUE W CC",6399,30059,9001.75,7742.38
"561 - AFTERCARE, MUSCULOSKELETAL SYSTEM & CONNECTIVE TISSUE W/O CC/MCC",3754,21672.84,6590.87,5495.5
"562 - FX, SPRN, STRN & DISL EXCEPT FEMUR, HIP, PELVIS & THIGH W MCC",6324,42881.56,10430.67,8885.17
"563 - FX, SPRN, STRN & DISL EXCEPT FEMUR, HIP, PELVIS & THIGH W/O MCC",25165,26234.7,6203.44,4676.3
564 - OTHER MUSCULOSKELETAL SYS & CONNECTIVE TISSUE DIAGNOSES W MCC,3590,45615.07,11707.93,10016.3
565 - OTHER MUSCULOSKELETAL SYS & CONNECTIVE TISSUE DIAGNOSES W CC,6246,30734.98,7602.64,6102.95
566 - OTHER MUSCULOSKELETAL SYS & CONNECTIVE TISSUE DIAGNOSES W/O CC/MCC,1892,25896.66,5803.34,4337.96
570 - SKIN DEBRIDEMENT W MCC,5416,71254.22,17617.92,15509.61
571 - SKIN DEBRIDEMENT W CC,6914,46100.88,10714.09,8760.84
572 - SKIN DEBRIDEMENT W/O CC/MCC,2349,35996.94,8001.28,6159.71
573 - SKIN GRAFT FOR SKIN ULCER OR CELLULITIS W MCC,1330,109329.85,28724.61,24706.33
574 - SKIN GRAFT FOR SKIN ULCER OR CELLULITIS W CC,944,85737.47,20821.01,18037.26
575 - SKIN GRAFT FOR SKIN ULCER OR CELLULITIS W/O CC/MCC,305,53721.49,12688.48,10655.77
576 - SKIN GRAFT EXC FOR SKIN ULCER OR CELLULITIS W MCC,480,153356.26,45332.27,41086.24
577 - SKIN GRAFT EXC FOR SKIN ULCER OR CELLULITIS W CC,1565,86893.06,20112.04,16692.11
578 - SKIN GRAFT EXC FOR SKIN ULCER OR CELLULITIS W/O CC/MCC,1253,54654.44,12097.62,9680.78
"579 - OTHER SKIN, SUBCUT TISS & BREAST PROC W MCC",5475,77391.21,19408.77,16974.96
"580 - OTHER SKIN, SUBCUT TISS & BREAST PROC W CC",10831,49137.18,12008.51,9916.01
"581 - OTHER SKIN, SUBCUT TISS & BREAST PROC W/O CC/MCC",6038,42112.72,9575.91,7349.97
582 - MASTECTOMY FOR MALIGNANCY W CC/MCC,899,52687.86,10406.23,8648.79
583 - MASTECTOMY FOR MALIGNANCY W/O CC/MCC,1095,48715.46,9821.35,7423.77
"584 - BREAST BIOPSY, LOCAL EXCISION & OTHER BREAST PROCEDURES W CC/MCC",655,65261.91,13877.9,11261.47
"585 - BREAST BIOPSY, LOCAL EXCISION & OTHER BREAST PROCEDURES W/O CC/MCC",873,58623.65,13309.8,9812.76
592 - SKIN ULCERS W MCC,5029,39636.15,10647.12,9038.7
593 - SKIN ULCERS W CC,4067,28644.65,7779.58,6369.69
594 - SKIN ULCERS W/O CC/MCC,566,21615.64,5671.06,4390.91
595 - MAJOR SKIN DISORDERS W MCC,984,64129.22,16155.11,13670.35
596 - MAJOR SKIN DISORDERS W/O MCC,2986,30179.33,7942.29,6199.75
597 - MALIGNANT BREAST DISORDERS W MCC,1293,58842.11,13607.92,11803.79
598 - MALIGNANT BREAST DISORDERS W CC,1634,36826.94,8576.52,7065.48
599 - MALIGNANT BREAST DISORDERS W/O CC/MCC,97,29957.97,5986.3,4557.01
600 - NON-MALIGNANT BREAST DISORDERS W CC/MCC,1067,29167.62,7641.5,6046.59
601 - NON-MALIGNANT BREAST DISORDERS W/O CC/MCC,523,18991.87,5606.32,3988.28
602 - CELLULITIS W MCC,28081,41330.25,10494.22,8955.9
603 - CELLULITIS W/O MCC,116930,24410.16,6459.73,4966.26
"604 - TRAUMA TO THE SKIN, SUBCUT TISS & BREAST W MCC",3176,44717.17,10615.98,9009.79
"605 - TRAUMA TO THE SKIN, SUBCUT TISS & BREAST W/O MCC",14222,28788.12,6508.02,4960.54
606 - MINOR SKIN DISORDERS W MCC,1670,42709.86,11412.06,9644.31
607 - MINOR SKIN DISORDERS W/O MCC,5825,24299.19,6326.07,4790.87
614 - ADRENAL & PITUITARY PROCEDURES W CC/MCC,1633,89025.53,21420.19,18001.2
615 - ADRENAL & PITUITARY PROCEDURES W/O CC/MCC,1072,56779.8,12132.04,9314.36
"616 - AMPUTAT OF LOWER LIMB FOR ENDOCRINE,NUTRIT,& METABOL DIS W MCC",1902,116087.15,28610.09,25163
"617 - AMPUTAT OF LOWER LIMB FOR ENDOCRINE,NUTRIT,& METABOL DIS W CC",9271,63142,14855.71,12507.62
"618 - AMPUTAT OF LOWER LIMB FOR ENDOCRINE,NUTRIT,& METABOL DIS W/O CC/MCC",176,38258.48,10730.81,7466.07
619 - O.R. PROCEDURES FOR OBESITY W MCC,1012,105065.68,24209.69,21276.17
620 - O.R. PROCEDURES FOR OBESITY W CC,3561,61667.59,14297.99,11385.34
621 - O.R. PROCEDURES FOR OBESITY W/O CC/MCC,13959,52368.97,11709.13,9156.68
"622 - SKIN GRAFTS & WOUND DEBRID FOR ENDOC, NUTRIT & METAB DIS W MCC",1385,101694.84,26390.59,23573.81
"623 - SKIN GRAFTS & WOUND DEBRID FOR ENDOC, NUTRIT & METAB DIS W CC",4836,54858.17,13967.59,11569.91
"624 - SKIN GRAFTS & WOUND DEBRID FOR ENDOC, NUTRIT & METAB DIS W/O CC/MCC",494,47335.86,9606.84,7335.66
"625 - THYROID, PARATHYROID & THYROGLOSSAL PROCEDURES W MCC",1032,94794.17,21702.66,19059.07
"626 - THYROID, PARATHYROID & THYROGLOSSAL PROCEDURES W CC",1372,59081.75,12172.33,9479.97
"627 - THYROID, PARATHYROID & THYROGLOSSAL PROCEDURES W/O CC/MCC",1945,41101.34,7792.32,5605.97
"628 - OTHER ENDOCRINE, NUTRIT & METAB O.R. PROC W MCC",2951,108450.09,26544.13,23578.97
"629 - OTHER ENDOCRINE, NUTRIT & METAB O.R. PROC W CC",4005,71056.26,16229.01,13916.4
"630 - OTHER ENDOCRINE, NUTRIT & METAB O.R. PROC W/O CC/MCC",280,54026.06,11312.43,9243.21
637 - DIABETES W MCC,28217,41012.13,10370.75,8851.97
638 - DIABETES W CC,50349,26309.32,6679.81,5272.78
639 - DIABETES W/O CC/MCC,12560,20018.62,4941.76,3649.55
"640 - MISC DISORDERS OF NUTRITION,METABOLISM,FLUIDS/ELECTROLYTES W MCC",68817,35678.76,8856.51,7509.38
"641 - MISC DISORDERS OF NUTRITION,METABOLISM,FLUIDS/ELECTROLYTES W/O MCC",95097,23764.3,5751.64,4439.7
642 - INBORN AND OTHER DISORDERS OF METABOLISM,1993,45628.87,11129.74,9263.82
643 - ENDOCRINE DISORDERS W MCC,9212,49196.42,12275.79,10547.05
644 - ENDOCRINE DISORDERS W CC,12275,32046.83,7939.71,6431.15
645 - ENDOCRINE DISORDERS W/O CC/MCC,4694,24277.73,5836.35,4446.84
652 - KIDNEY TRANSPLANT,10860,231432.44,36595.22,26020.41
653 - MAJOR BLADDER PROCEDURES W MCC,1877,180516.55,47009.83,41205.32
654 - MAJOR BLADDER PROCEDURES W CC,4308,98583.9,23888.48,19860.83
655 - MAJOR BLADDER PROCEDURES W/O CC/MCC,1569,76327.17,18466.21,15180.4
656 - KIDNEY & URETER PROCEDURES FOR NEOPLASM W MCC,3324,112542.79,28260.36,24617.26
657 - KIDNEY & URETER PROCEDURES FOR NEOPLASM W CC,7790,70099.15,15887.2,12938.49
658 - KIDNEY & URETER PROCEDURES FOR NEOPLASM W/O CC/MCC,6559,56522.51,12193.72,9355.16
659 - KIDNEY & URETER PROCEDURES FOR NON-NEOPLASM W MCC,6255,104908.72,28002.93,24701.46
660 - KIDNEY & URETER PROCEDURES FOR NON-NEOPLASM W CC,12018,58734.99,14761.25,12382.69
661 - KIDNEY & URETER PROCEDURES FOR NON-NEOPLASM W/O CC/MCC,3806,50143.92,11012.77,8866.1
662 - MINOR BLADDER PROCEDURES W MCC,515,95435.65,23124.76,20837.81
663 - MINOR BLADDER PROCEDURES W CC,915,56738.57,12879.46,10976.28
664 - MINOR BLADDER PROCEDURES W/O CC/MCC,540,43866.68,10325.19,8405.29
665 - PROSTATECTOMY W MCC,608,96497.07,22760.01,20609.53
666 - PROSTATECTOMY W CC,1602,54436.95,12788.44,11081.77
667 - PROSTATECTOMY W/O CC/MCC,714,33040.79,7503.52,5967.05
668 - TRANSURETHRAL PROCEDURES W MCC,3360,81245.96,18487.01,16378.17
669 - TRANSURETHRAL PROCEDURES W CC,12063,45455.13,9627.6,7818.29
670 - TRANSURETHRAL PROCEDURES W/O CC/MCC,2917,33785.77,7031.77,5375.99
671 - URETHRAL PROCEDURES W CC/MCC,503,54148.1,12824.93,10653.56
672 - URETHRAL PROCEDURES W/O CC/MCC,270,38944.91,8176.03,5840
673 - OTHER KIDNEY & URINARY TRACT PROCEDURES W MCC,8147,110466.16,26701.26,23994.5
674 - OTHER KIDNEY & URINARY TRACT PROCEDURES W CC,5295,73799.59,17448.74,15368.23
675 - OTHER KIDNEY & URINARY TRACT PROCEDURES W/O CC/MCC,594,53654.01,11769.66,9793.82
682 - RENAL FAILURE W MCC,125773,43976.38,11076.61,9622.71
683 - RENAL FAILURE W CC,145007,28520.85,7063.05,5692.19
684 - RENAL FAILURE W/O CC/MCC,22808,20403.22,4920.96,3601.29
685 - ADMIT FOR RENAL DIALYSIS,102,32244.88,8230.81,7196.45
686 - KIDNEY & URINARY TRACT NEOPLASMS W MCC,1498,54450.12,12854.65,11288.73
687 - KIDNEY & URINARY TRACT NEOPLASMS W CC,2685,35571.77,8063.14,6584.56
688 - KIDNEY & URINARY TRACT NEOPLASMS W/O CC/MCC,363,31143.35,5945.54,4168.23
689 - KIDNEY & URINARY TRACT INFECTIONS W MCC,81468,32450.45,7873.66,6594.35
690 - KIDNEY & URINARY TRACT INFECTIONS W/O MCC,147069,24922.47,5956.14,4666.62
691 - URINARY STONES W ESW LITHOTRIPSY W CC/MCC,449,49574.59,10634.18,8696.07
692 - URINARY STONES W ESW LITHOTRIPSY W/O CC/MCC,60,36428.58,8507.55,7092.82
693 - URINARY STONES W/O ESW LITHOTRIPSY W MCC,2201,44922.09,10228.54,8342.42
694 - URINARY STONES W/O ESW LITHOTRIPSY W/O MCC,14859,28075.58,5748.71,4094.6
695 - KIDNEY & URINARY TRACT SIGNS & SYMPTOMS W MCC,1471,36519.19,9600.12,8186.97
696 - KIDNEY & URINARY TRACT SIGNS & SYMPTOMS W/O MCC,7615,22207.34,5536.42,4315.38
697 - URETHRAL STRICTURE,542,33328.14,7229.23,5719.98
698 - OTHER KIDNEY & URINARY TRACT DIAGNOSES W MCC,47007,46957.85,11849.68,10175.04
699 - OTHER KIDNEY & URINARY TRACT DIAGNOSES W CC,30165,32784.86,8446.8,6827.84
700 - OTHER KIDNEY & URINARY TRACT DIAGNOSES W/O CC/MCC,4893,25003.1,6011.11,4540.07
707 - MAJOR MALE PELVIC PROCEDURES W CC/MCC,4877,67713.48,14595.18,11186.17
708 - MAJOR MALE PELVIC PROCEDURES W/O CC/MCC,14413,54056.57,10849.24,7563.48
709 - PENIS PROCEDURES W CC/MCC,494,75069.35,17408.62,14481.9
710 - PENIS PROCEDURES W/O CC/MCC,301,49687.94,11378.5,9075.22
711 - TESTES PROCEDURES W CC/MCC,437,68211.47,16358.72,14386.56
712 - TESTES PROCEDURES W/O CC/MCC,141,33319.49,7337.34,6117.96
713 - TRANSURETHRAL PROSTATECTOMY W CC/MCC,5494,47400.14,11400.9,9545.2
714 - TRANSURETHRAL PROSTATECTOMY W/O CC/MCC,2417,30656.01,6488.74,4750.39
715 - OTHER MALE REPRODUCTIVE SYSTEM O.R. PROC FOR MALIGNANCY W CC/MCC,445,74974.55,16562.51,13363.28
716 - OTHER MALE REPRODUCTIVE SYSTEM O.R. PROC FOR MALIGNANCY W/O CC/MCC,226,53912.23,10111.87,6627.31
717 - OTHER MALE REPRODUCTIVE SYSTEM O.R. PROC EXC MALIGNANCY W CC/MCC,1024,67383.95,14418.12,11855.98
718 - OTHER MALE REPRODUCTIVE SYSTEM O.R. PROC EXC MALIGNANCY W/O CC/MCC,331,45566.75,8079.55,5555.4
"722 - MALIGNANCY, MALE REPRODUCTIVE SYSTEM W MCC",814,53384.31,13706.89,11905.74
"723 - MALIGNANCY, MALE REPRODUCTIVE SYSTEM W CC",1599,36466.5,8891.9,7261.52
"724 - MALIGNANCY, MALE REPRODUCTIVE SYSTEM W/O CC/MCC",115,26913.9,5395.83,3827.23
725 - BENIGN PROSTATIC HYPERTROPHY W MCC,688,39526.67,10159.09,8595.42
726 - BENIGN PROSTATIC HYPERTROPHY W/O MCC,2727,23936.06,6067.75,4656.9
727 - INFLAMMATION OF THE MALE REPRODUCTIVE SYSTEM W MCC,1648,44125.29,11036.18,9459.81
728 - INFLAMMATION OF THE MALE REPRODUCTIVE SYSTEM W/O MCC,4952,25294,6253.93,4636.23
729 - OTHER MALE REPRODUCTIVE SYSTEM DIAGNOSES W CC/MCC,723,33113.23,8821.55,7396.51
730 - OTHER MALE REPRODUCTIVE SYSTEM DIAGNOSES W/O CC/MCC,136,22382.63,5369.66,3753.03
"734 - PELVIC EVISCERATION, RAD HYSTERECTOMY & RAD VULVECTOMY W CC/MCC",1288,81313.99,20799.59,17951.55
"735 - PELVIC EVISCERATION, RAD HYSTERECTOMY & RAD VULVECTOMY W/O CC/MCC",884,52131.8,10504.18,8270.69
736 - UTERINE & ADNEXA PROC FOR OVARIAN OR ADNEXAL MALIGNANCY W MCC,653,140093.67,36320.94,31985.34
737 - UTERINE & ADNEXA PROC FOR OVARIAN OR ADNEXAL MALIGNANCY W CC,2576,71373.07,17082.85,13711.17
738 - UTERINE & ADNEXA PROC FOR OVARIAN OR ADNEXAL MALIGNANCY W/O CC/MCC,585,52677.7,11221.89,8937.78
"739 - UTERINE,ADNEXA PROC FOR NON-OVARIAN/ADNEXAL MALIG W MCC",588,126455.97,29423.44,25429.06
"740 - UTERINE,ADNEXA PROC FOR NON-OVARIAN/ADNEXAL MALIG W CC",2587,65211.46,14334.57,11609.62
"741 - UTERINE,ADNEXA PROC FOR NON-OVARIAN/ADNEXAL MALIG W/O CC/MCC",2201,50077.08,10006.8,7878.91
742 - UTERINE & ADNEXA PROC FOR NON-MALIGNANCY W CC/MCC,5423,58039.64,12986.48,10382.08
743 - UTERINE & ADNEXA PROC FOR NON-MALIGNANCY W/O CC/MCC,8362,39511.59,8590.57,6218.05
"744 - D&C, CONIZATION, LAPAROSCOPY & TUBAL INTERRUPTION W CC/MCC",1429,59121.8,13639.96,11490.41
"745 - D&C, CONIZATION, LAPAROSCOPY & TUBAL INTERRUPTION W/O CC/MCC",311,41493.23,8606.63,6739.16
"746 - VAGINA, CERVIX & VULVA PROCEDURES W CC/MCC",1455,57848.44,13072.3,10513.39
"747 - VAGINA, CERVIX & VULVA PROCEDURES W/O CC/MCC",1640,33914.43,8053.98,6126.37
748 - FEMALE REPRODUCTIVE SYSTEM RECONSTRUCTIVE PROCEDURES,2186,44155.1,9574.38,7289.56
749 - OTHER FEMALE REPRODUCTIVE SYSTEM O.R. PROCEDURES W CC/MCC,1510,74845.37,21061.26,18176.79
750 - OTHER FEMALE REPRODUCTIVE SYSTEM O.R. PROCEDURES W/O CC/MCC,230,42568.1,11349.32,9049.64
"754 - MALIGNANCY, FEMALE REPRODUCTIVE SYSTEM W MCC",1448,54676.52,14939.49,13213.95
"755 - MALIGNANCY, FEMALE REPRODUCTIVE SYSTEM W CC",2577,35506.71,8958.2,7517.62
"756 - MALIGNANCY, FEMALE REPRODUCTIVE SYSTEM W/O CC/MCC",180,24268.22,5689.15,4072.08
"757 - INFECTIONS, FEMALE REPRODUCTIVE SYSTEM W MCC",952,43818.08,10378.48,9146.73
"758 - INFECTIONS, FEMALE REPRODUCTIVE SYSTEM W CC",1450,31053.8,8041.65,6684.42
"759 - INFECTIONS, FEMALE REPRODUCTIVE SYSTEM W/O CC/MCC",581,22733.58,6606.86,5244.52
760 - MENSTRUAL & OTHER FEMALE REPRODUCTIVE SYSTEM DISORDERS W CC/MCC,1585,28048.22,7017.37,5677.81
761 - MENSTRUAL & OTHER FEMALE REPRODUCTIVE SYSTEM DISORDERS W/O CC/MCC,401,21241.88,4712.77,3400.35
765 - CESAREAN SECTION W CC/MCC,3965,33239.24,10439.99,8125.26
766 - CESAREAN SECTION W/O CC/MCC,2306,22969.69,6707.47,4821.51
767 - VAGINAL DELIVERY W STERILIZATION &/OR D&C,322,25354.48,10368.96,8592.98
768 - VAGINAL DELIVERY W O.R. PROC EXCEPT STERIL &/OR D&C,31,30397.32,10046.06,8336.87
769 - POSTPARTUM & POST ABORTION DIAGNOSES W O.R. PROCEDURE,110,64866.94,19478.14,17111.84
"770 - ABORTION W D&C, ASPIRATION CURETTAGE OR HYSTEROTOMY",105,27443.36,8127.23,6694.43
774 - VAGINAL DELIVERY W COMPLICATING DIAGNOSES,2173,20685.33,7240.51,5382.26
775 - VAGINAL DELIVERY W/O COMPLICATING DIAGNOSES,5296,14819.96,5436.81,3820.1
776 - POSTPARTUM & POST ABORTION DIAGNOSES W/O O.R. PROCEDURE,453,25077.68,6754.22,5758.04
777 - ECTOPIC PREGNANCY,92,30655.25,7773.55,6253.91
778 - THREATENED ABORTION,242,14766.49,6189.45,4790.22
779 - ABORTION W/O D&C,73,21667.27,6763.63,5337.73
780 - FALSE LABOR,64,11345.33,4146,3038.25
781 - OTHER ANTEPARTUM DIAGNOSES W MEDICAL COMPLICATIONS,2505,24772.48,8029.2,6342.8
782 - OTHER ANTEPARTUM DIAGNOSES W/O MEDICAL COMPLICATIONS,98,17476.24,6562.56,5439
799 - SPLENECTOMY W MCC,506,162665.73,40524.53,34063.74
800 - SPLENECTOMY W CC,400,91014.48,22230.15,18285.62
801 - SPLENECTOMY W/O CC/MCC,201,59884.43,13407.43,10952.32
802 - OTHER O.R. PROC OF THE BLOOD & BLOOD FORMING ORGANS W MCC,1096,107474.47,28268.91,25246.2
803 - OTHER O.R. PROC OF THE BLOOD & BLOOD FORMING ORGANS W CC,1267,60871.5,14572.48,12432.83
804 - OTHER O.R. PROC OF THE BLOOD & BLOOD FORMING ORGANS W/O CC/MCC,519,43908.69,9504.21,7303.21
808 - MAJOR HEMATOL/IMMUN DIAG EXC SICKLE CELL CRISIS & COAGUL W MCC,7290,67093.52,17962.47,15777.84
809 - MAJOR HEMATOL/IMMUN DIAG EXC SICKLE CELL CRISIS & COAGUL W CC,14560,38651.13,9980.99,8190.17
810 - MAJOR HEMATOL/IMMUN DIAG EXC SICKLE CELL CRISIS & COAGUL W/O CC/MCC,1989,30836.31,7204.18,5476.79
811 - RED BLOOD CELL DISORDERS W MCC,26477,41842.26,10148.78,8664.94
812 - RED BLOOD CELL DISORDERS W/O MCC,63381,27927.39,6859.24,5436.48
813 - COAGULATION DISORDERS,8841,67341.12,17211.87,15358.36
814 - RETICULOENDOTHELIAL & IMMUNITY DISORDERS W MCC,1521,58249.46,14126.12,11849.35
815 - RETICULOENDOTHELIAL & IMMUNITY DISORDERS W CC,2677,34756.17,8096.16,6479.01
816 - RETICULOENDOTHELIAL & IMMUNITY DISORDERS W/O CC/MCC,843,25660.83,5919.01,4263.88
820 - LYMPHOMA & LEUKEMIA W MAJOR O.R. PROCEDURE W MCC,1092,191837.8,51979.96,45350.57
821 - LYMPHOMA & LEUKEMIA W MAJOR O.R. PROCEDURE W CC,1243,86142.1,19854.66,16634.39
822 - LYMPHOMA & LEUKEMIA W MAJOR O.R. PROCEDURE W/O CC/MCC,1029,50245.11,11403.44,8775.43
823 - LYMPHOMA & NON-ACUTE LEUKEMIA W OTHER O.R. PROC W MCC,2302,152314.38,38805.26,34008.84
824 - LYMPHOMA & NON-ACUTE LEUKEMIA W OTHER O.R. PROC W CC,2544,80206.02,19365.7,16472.55
825 - LYMPHOMA & NON-ACUTE LEUKEMIA W OTHER O.R. PROC W/O CC/MCC,832,50172.11,11385.15,9131.63
826 - MYELOPROLIF DISORD OR POORLY DIFF NEOPL W MAJ O.R. PROC W MCC,847,180129.08,47383.6,40938.84
827 - MYELOPROLIF DISORD OR POORLY DIFF NEOPL W MAJ O.R. PROC W CC,1477,84812.22,20760.47,16814.67
828 - MYELOPROLIF DISORD OR POORLY DIFF NEOPL W MAJ O.R. PROC W/O CC/MCC,744,63084.86,13823.91,10702.27
829 - MYELOPROLIF DISORD OR POORLY DIFF NEOPL W OTHER O.R. PROC W CC/MCC,1746,115113.81,30110.01,26121.25
830 - MYELOPROLIF DISORD OR POORLY DIFF NEOPL W OTHER O.R. PROC W/O CC/MCC,433,49258.75,11693.05,9429.25
834 - ACUTE LEUKEMIA W/O MAJOR O.R. PROCEDURE W MCC,4007,185310.13,53654.42,46034.39
835 - ACUTE LEUKEMIA W/O MAJOR O.R. PROCEDURE W CC,2299,70375.01,20081.09,17098.18
836 - ACUTE LEUKEMIA W/O MAJOR O.R. PROCEDURE W/O CC/MCC,600,45969.81,10568.65,8596.41
837 - CHEMO W ACUTE LEUKEMIA AS SDX OR W HIGH DOSE CHEMO AGENT W MCC,1797,191791.23,59488.3,49104.46
838 - CHEMO W ACUTE LEUKEMIA AS SDX W CC OR HIGH DOSE CHEMO AGENT,1140,84053.07,28197.36,22498.44
839 - CHEMO W ACUTE LEUKEMIA AS SDX W/O CC/MCC,1026,45306.56,12865.98,10209.04
840 - LYMPHOMA & NON-ACUTE LEUKEMIA W MCC,8156,100045.27,26556.58,23045.54
841 - LYMPHOMA & NON-ACUTE LEUKEMIA W CC,7651,54859.04,13029.28,10957.57
842 - LYMPHOMA & NON-ACUTE LEUKEMIA W/O CC/MCC,1864,40040.21,9285.05,7473.17
843 - OTHER MYELOPROLIF DIS OR POORLY DIFF NEOPL DIAG W MCC,1941,59173.3,14808.83,12776.89
844 - OTHER MYELOPROLIF DIS OR POORLY DIFF NEOPL DIAG W CC,2007,40632.29,9471.97,7563.02
845 - OTHER MYELOPROLIF DIS OR POORLY DIFF NEOPL DIAG W/O CC/MCC,420,32041.13,6741.9,5144.59
846 - CHEMOTHERAPY W/O ACUTE LEUKEMIA AS SECONDARY DIAGNOSIS W MCC,3173,83231.39,23717.5,20299.33
847 - CHEMOTHERAPY W/O ACUTE LEUKEMIA AS SECONDARY DIAGNOSIS W CC,13578,44709.42,10989.45,9089.56
848 - CHEMOTHERAPY W/O ACUTE LEUKEMIA AS SECONDARY DIAGNOSIS W/O CC/MCC,449,33395.9,8575.69,7186.81
849 - RADIOTHERAPY,525,65878.57,15501.18,13221.13
853 - INFECTIOUS & PARASITIC DISEASES W O.R. PROCEDURE W MCC,91939,151967.05,38196.52,34478.1
854 - INFECTIOUS & PARASITIC DISEASES W O.R. PROCEDURE W CC,20471,72950.97,17352,14765.61
855 - INFECTIOUS & PARASITIC DISEASES W O.R. PROCEDURE W/O CC/MCC,308,44433.43,11696.21,9651.83
856 - POSTOPERATIVE OR POST-TRAUMATIC INFECTIONS W O.R. PROC W MCC,7905,129743.71,35149.29,31020.55
857 - POSTOPERATIVE OR POST-TRAUMATIC INFECTIONS W O.R. PROC W CC,9613,60702.67,15287.51,13178.54
858 - POSTOPERATIVE OR POST-TRAUMATIC INFECTIONS W O.R. PROC W/O CC/MCC,1395,42235.35,10193.46,8467.05
862 - POSTOPERATIVE & POST-TRAUMATIC INFECTIONS W MCC,9987,55222.06,14113.02,12176.4
863 - POSTOPERATIVE & POST-TRAUMATIC INFECTIONS W/O MCC,11484,30007.87,7958.28,6556.97
864 - FEVER,11252,29424.96,6850.88,5358.83
865 - VIRAL ILLNESS W MCC,3718,49496.33,13088.85,10721.5
866 - VIRAL ILLNESS W/O MCC,6597,27720.58,6617.33,4839.02
867 - OTHER INFECTIOUS & PARASITIC DISEASES DIAGNOSES W MCC,3076,65922.7,20186.54,17338.4
868 - OTHER INFECTIOUS & PARASITIC DISEASES DIAGNOSES W CC,2455,34045.1,8591.05,6712.23
869 - OTHER INFECTIOUS & PARASITIC DISEASES DIAGNOSES W/O CC/MCC,637,25879.73,5995.67,4268.88
870 - SEPTICEMIA OR SEVERE SEPSIS W MV >96 HOURS,31362,190967.29,44027.47,40174.24
871 - SEPTICEMIA OR SEVERE SEPSIS W/O MV >96 HOURS W MCC,539520,56214.94,13321.46,11632.11
872 - SEPTICEMIA OR SEVERE SEPSIS W/O MV >96 HOURS W/O MCC,153500,33190.91,7974.55,6391.67
876 - O.R. PROCEDURE W PRINCIPAL DIAGNOSES OF MENTAL ILLNESS,769,91505.51,25714.68,22266.01
880 - ACUTE ADJUSTMENT REACTION & PSYCHOSOCIAL DYSFUNCTION,6813,26633.55,6161.39,4723.99
881 - DEPRESSIVE NEUROSES,5669,16907.46,5772.2,4436.35
882 - NEUROSES EXCEPT DEPRESSIVE,2234,20763.75,6057.02,4548.68
883 - DISORDERS OF PERSONALITY & IMPULSE CONTROL,1190,26752.91,11678.35,9761.46
884 - ORGANIC DISTURBANCES & INTELLECTUAL DISABILITY,20135,33720.26,9449.51,7815.82
885 - PSYCHOSES,78599,24652.27,8931.16,7402.54
886 - BEHAVIORAL & DEVELOPMENTAL DISORDERS,394,25376.9,7983.77,6017.57
887 - OTHER MENTAL DISORDER DIAGNOSES,463,31866.58,8280.73,6275.21
"894 - ALCOHOL/DRUG ABUSE OR DEPENDENCE, LEFT AMA",5235,14182.82,4863.98,3882.72
895 - ALCOHOL/DRUG ABUSE OR DEPENDENCE W REHABILITATION THERAPY,8656,17045.07,8771.93,7733.93
896 - ALCOHOL/DRUG ABUSE OR DEPENDENCE W/O REHABILITATION THERAPY W MCC,8748,49423.71,12517.92,10654.29
897 - ALCOHOL/DRUG ABUSE OR DEPENDENCE W/O REHABILITATION THERAPY W/O MCC,36444,20786.26,6272.01,4964.3
901 - WOUND DEBRIDEMENTS FOR INJURIES W MCC,1295,136416.72,36142.04,31801.74
902 - WOUND DEBRIDEMENTS FOR INJURIES W CC,2511,68193.91,16050.04,13712.48
903 - WOUND DEBRIDEMENTS FOR INJURIES W/O CC/MCC,956,41789.2,10051.57,8277.45
904 - SKIN GRAFTS FOR INJURIES W CC/MCC,555,103145.41,27664.38,23890.56
905 - SKIN GRAFTS FOR INJURIES W/O CC/MCC,161,51322.37,13188.91,9822.11
906 - HAND PROCEDURES FOR INJURIES,540,60844.89,13847.75,10823.44
907 - OTHER O.R. PROCEDURES FOR INJURIES W MCC,9311,129521.59,31266.1,27500.68
908 - OTHER O.R. PROCEDURES FOR INJURIES W CC,10065,64653.9,15495.39,13121.86
909 - OTHER O.R. PROCEDURES FOR INJURIES W/O CC/MCC,4119,45755.26,10198.41,8347.4
913 - TRAUMATIC INJURY W MCC,866,46880.62,10883.68,9242.65
914 - TRAUMATIC INJURY W/O MCC,2922,29192.92,6105.36,4583.04
915 - ALLERGIC REACTIONS W MCC,2322,52529.84,12600.05,10643.9
916 - ALLERGIC REACTIONS W/O MCC,4330,19341.66,4837,3375.32
917 - POISONING & TOXIC EFFECTS OF DRUGS W MCC,34242,44969.38,10809.28,9132.09
918 - POISONING & TOXIC EFFECTS OF DRUGS W/O MCC,25704,24299.15,5686.02,4360.7
919 - COMPLICATIONS OF TREATMENT W MCC,12011,56250.2,14910,12577.25
920 - COMPLICATIONS OF TREATMENT W CC,12707,32544.67,8218.3,6643.84
921 - COMPLICATIONS OF TREATMENT W/O CC/MCC,3565,23239.21,5816.98,4469.43
"922 - OTHER INJURY, POISONING & TOXIC EFFECT DIAG W MCC",1462,48296.4,12289.23,10461.24
"923 - OTHER INJURY, POISONING & TOXIC EFFECT DIAG W/O MCC",1969,27056.66,6867.29,5319.28
927 - EXTENSIVE BURNS OR FULL THICKNESS BURNS W MV >96 HRS W SKIN GRAFT,183,565174.39,151971.2,140535.67
928 - FULL THICKNESS BURN W SKIN GRAFT OR INHAL INJ W CC/MCC,1089,178465.42,53031.92,47201.78
929 - FULL THICKNESS BURN W SKIN GRAFT OR INHAL INJ W/O CC/MCC,334,83084.82,22775.12,18680.42
933 - EXTENSIVE BURNS OR FULL THICKNESS BURNS W MV >96 HRS W/O SKIN GRAFT,123,98746.84,30122.17,25953.46
934 - FULL THICKNESS BURN W/O SKIN GRFT OR INHAL INJ,483,49491.23,16645.07,13936.76
935 - NON-EXTENSIVE BURNS,1788,52806.04,14451.07,12003.49
939 - O.R. PROC W DIAGNOSES OF OTHER CONTACT W HEALTH SERVICES W MCC,1597,98127.95,25451.75,22251.19
940 - O.R. PROC W DIAGNOSES OF OTHER CONTACT W HEALTH SERVICES W CC,3013,67233.76,15405.1,13142.9
941 - O.R. PROC W DIAGNOSES OF OTHER CONTACT W HEALTH SERVICES W/O CC/MCC,1486,56300.41,11534.14,9279.21
945 - REHABILITATION W CC/MCC,1169,19503.83,12014.75,11189.6
946 - REHABILITATION W/O CC/MCC,351,19349.16,9011.76,8247.11
947 - SIGNS & SYMPTOMS W MCC,11204,36712.38,9209.2,7671.17
948 - SIGNS & SYMPTOMS W/O MCC,38318,25602.28,6025.68,4685.43
949 - AFTERCARE W CC/MCC,2729,32072.04,11503.62,10021.76
950 - AFTERCARE W/O CC/MCC,679,22479.99,7809.79,6720.12
951 - OTHER FACTORS INFLUENCING HEALTH STATUS,525,25451.33,8450.26,7178.98
955 - CRANIOTOMY FOR MULTIPLE SIGNIFICANT TRAUMA,417,222592.31,51674.07,46628.11
"956 - LIMB REATTACHMENT, HIP & FEMUR PROC FOR MULTIPLE SIGNIFICANT TRAUMA",5518,119884.69,28527.26,25101.52
957 - OTHER O.R. PROCEDURES FOR MULTIPLE SIGNIFICANT TRAUMA W MCC,2120,255594.67,61966.96,52020
958 - OTHER O.R. PROCEDURES FOR MULTIPLE SIGNIFICANT TRAUMA W CC,1684,149029.21,34941.13,27685.63
959 - OTHER O.R. PROCEDURES FOR MULTIPLE SIGNIFICANT TRAUMA W/O CC/MCC,179,93159.92,19005.62,14787.91
963 - OTHER MULTIPLE SIGNIFICANT TRAUMA W MCC,2593,91298.56,23475.56,19686.82
964 - OTHER MULTIPLE SIGNIFICANT TRAUMA W CC,4046,50852.69,12240.67,9226.48
965 - OTHER MULTIPLE SIGNIFICANT TRAUMA W/O CC/MCC,828,35917.53,8141.15,5757.53
969 - HIV W EXTENSIVE O.R. PROCEDURE W MCC,728,193867.18,47537.24,42824.6
970 - HIV W EXTENSIVE O.R. PROCEDURE W/O MCC,55,83136.27,21890.89,19137.62
974 - HIV W MAJOR RELATED CONDITION W MCC,4847,92886.08,23790.13,21276.99
975 - HIV W MAJOR RELATED CONDITION W CC,2754,46542.86,12230.11,10365.78
976 - HIV W MAJOR RELATED CONDITION W/O CC/MCC,612,34726.54,8970.67,7198.22
977 - HIV W OR W/O OTHER RELATED CONDITION,1840,44349.54,10895.77,9216.05
981 - EXTENSIVE O.R. PROCEDURE UNRELATED TO PRINCIPAL DIAGNOSIS W MCC,41760,125884.88,35372.06,31941.2
982 - EXTENSIVE O.R. PROCEDURE UNRELATED TO PRINCIPAL DIAGNOSIS W CC,19404,77903.82,20039.79,17574.34
983 - EXTENSIVE O.R. PROCEDURE UNRELATED TO PRINCIPAL DIAGNOSIS W/O CC/MCC,4204,54595.2,13573.59,11215.51
984 - PROSTATIC O.R. PROCEDURE UNRELATED TO PRINCIPAL DIAGNOSIS W MCC,336,105372.69,25405.57,22360.29
985 - PROSTATIC O.R. PROCEDURE UNRELATED TO PRINCIPAL DIAGNOSIS W CC,588,62979.72619,14632.67687,12522.96088
986 - PROSTATIC O.R. PROCEDURE UNRELATED TO PRINCIPAL DIAGNOSIS W/O CC/MCC,154,37590.37662,9135.402597,7198.824675
987 - NON-EXTENSIVE O.R. PROC UNRELATED TO PRINCIPAL DIAGNOSIS W MCC,11548,95024.10521,24526.9987,21625.59924
988 - NON-EXTENSIVE O.R. PROC UNRELATED TO PRINCIPAL DIAGNOSIS W CC,10469,53835.13908,13259.66109,11168.42249
989 - NON-EXTENSIVE O.R. PROC UNRELATED TO PRINCIPAL DIAGNOSIS W/O CC/MCC,2453,37839.46066,8226.498573,6507.319201
