800,0.891326202,0.896217503,0.8931178,0.884641593,0.883685904,0.894839334,0.891326202,0.908406226
799,0.888733027,0.885106891,0.900841433,0.8890654,0.891754021,0.874247244,0.888733027,0.910116277
798,0.896350752,0.888106757,0.884316855,0.884714879,0.890997162,0.884246972,0.896350752,0.914262734
797,0.916247792,0.905443755,0.923703907,0.904572045,0.906138127,0.907675808,0.916247792,0.924535489
796,0.900480784,0.896616992,0.902208345,0.894529647,0.894622937,0.895428897,0.900480784,0.917873763
795,0.903346541,0.898221858,0.903870649,0.897962983,0.897362767,0.89782402,0.903346541,0.918893429
794,0.906652511,0.901004942,0.905416631,0.900328862,0.899487859,0.901786334,0.906652511,0.921657734
793,0.907801632,0.903102626,0.908972919,0.903703717,0.901397246,0.904736339,0.907801632,0.923863091
792,0.907902211,0.903840371,0.908749444,0.904594993,0.901467466,0.904163458,0.907902211,0.923946564
791,0.90792116,0.906079776,0.907831412,0.906598143,0.901789131,0.905794741,0.90792116,0.925519645
790,0.90648731,0.907775996,0.90837586,0.908414007,0.904822874,0.906940063,0.90648731,0.926217869
789,0.907132081,0.90857596,0.910509247,0.908850391,0.904205613,0.90950727,0.907132081,0.926175902
788,0.90998812,0.911343243,0.913082826,0.911672271,0.907128771,0.911041536,0.90998812,0.926024174
787,0.913874724,0.914738646,0.918597776,0.913444829,0.911924314,0.912278168,0.913874724,0.926278745
786,0.914356723,0.914142624,0.919249376,0.913722057,0.911135078,0.911434431,0.914356723,0.928146979
785,0.915044252,0.917051629,0.921171355,0.915360628,0.912541575,0.914353268,0.915044252,0.92909793
784,0.914528241,0.918383421,0.92185819,0.915871779,0.914062441,0.914907272,0.914528241,0.930524356
783,0.917514012,0.921979309,0.923222206,0.918536353,0.918784821,0.919229118,0.917514012,0.932964452
782,0.920208737,0.924211801,0.926658793,0.920523958,0.921185746,0.92231082,0.920208737,0.936232364
781,0.92396318,0.926208254,0.929734345,0.922798414,0.92344455,0.923947371,0.92396318,0.940752376
780,0.926304665,0.929065904,0.930661065,0.92625951,0.925657942,0.923433315,0.926304665,0.944326972
779,0.927970769,0.931389256,0.932268345,0.927869951,0.927529486,0.925507098,0.927970769,0.947643308
778,0.929858437,0.933214359,0.932020737,0.930334284,0.928978451,0.927496157,0.929858437,0.952287377
777,0.932269404,0.938283761,0.93679962,0.932924832,0.933184064,0.932119149,0.932269404,0.954011263
776,0.935102121,0.938637819,0.937206991,0.934799176,0.934784821,0.932760072,0.935102121,0.956414465
775,0.9423496,0.943074163,0.94159588,0.938469767,0.938140229,0.936048099,0.9423496,0.955842142
774,0.941887036,0.942109762,0.943415533,0.939021262,0.937643225,0.936921687,0.941887036,0.957559572
773,0.945884908,0.946448332,0.947219429,0.943960292,0.943266267,0.941756272,0.945884908,0.961867442
772,0.949546547,0.949093152,0.951266107,0.946874705,0.94696899,0.946905172,0.949546547,0.962303255
771,0.954419985,0.951934506,0.954963334,0.949587766,0.950327342,0.95131745,0.954419985,0.962701714
770,0.956261494,0.953591221,0.956959644,0.952003983,0.953397666,0.953882901,0.956261494,0.966177617
769,0.95760254,0.955588169,0.959478681,0.954772564,0.957658783,0.956778471,0.95760254,0.965228973
768,0.96268734,0.96009562,0.962212988,0.958787376,0.961901819,0.960592846,0.96268734,0.969788185
767,0.96486168,0.963592747,0.966495207,0.962736306,0.965859771,0.962859784,0.96486168,0.971459497
766,0.965474383,0.965269709,0.966338341,0.964340084,0.967810785,0.966137714,0.965474383,0.976428697
765,0.970029566,0.97162251,0.970527405,0.969462699,0.971072848,0.969448569,0.970029566,0.979310141
764,0.970871121,0.973772043,0.972224944,0.969808772,0.971379796,0.969271656,0.970871121,0.977839904
763,0.970170473,0.974806564,0.974857408,0.972414125,0.971776306,0.969862974,0.970170473,0.981558848
762,0.970992107,0.97614527,0.974350608,0.974098222,0.974373174,0.971577665,0.970992107,0.983938992
761,0.975447683,0.977717051,0.976645206,0.978345477,0.976256912,0.975089137,0.975447683,0.98603551
760,0.978198285,0.980452236,0.980493025,0.978795186,0.976286345,0.977011469,0.978198285,0.99023408
759,0.977591899,0.977720014,0.980674507,0.97959689,0.976977189,0.976389422,0.977591899,0.99071509
758,0.979052959,0.977361017,0.980571217,0.979584306,0.978159992,0.978710356,0.979052959,0.992537207
757,0.981108258,0.978879961,0.98220987,0.981960548,0.979135499,0.979613356,0.981108258,0.993062489
756,0.983116426,0.981595889,0.985942815,0.983286728,0.982953012,0.982462833,0.983116426,0.994196528
755,0.987696389,0.98466143,0.98758002,0.986818519,0.986331126,0.985706083,0.987696389,0.996887044
754,0.992085885,0.987804005,0.988616306,0.989697769,0.989937559,0.988587606,0.992085885,0.997699641
753,0.99436955,0.990265129,0.991966495,0.992225395,0.990715863,0.99130802,0.99436955,0.999014922
752,0.994006108,0.990909544,0.995156922,0.992242421,0.993802165,0.99187695,0.994006108,0.998699015
751,0.997205182,0.993799291,0.996388205,0.996102149,0.996224535,0.995982813,0.997205182,0.998574036
750,1,1,1,1,1,1,1,1
749,1.002954188,1.004737565,1.005215214,1.002884432,1.002645643,1.002729633,1.002954188,1.001673156
748,1.005568742,1.00693796,1.008593398,1.006867043,1.007972669,1.00517963,1.005568742,1.004583194
747,1.006355392,1.007473244,1.007897393,1.010126788,1.008073163,1.00621301,1.006355392,1.006793623
746,1.008086604,1.009649443,1.011088302,1.012488965,1.011377694,1.009454943,1.008086604,1.011909017
745,1.00929063,1.01182416,1.012819145,1.015587704,1.012280038,1.01067621,1.00929063,1.013082255
744,1.011744842,1.012650296,1.015261922,1.019223872,1.015302428,1.01443176,1.011744842,1.018030703
743,1.013603357,1.018438184,1.017770823,1.022727163,1.016931778,1.01889935,1.013603357,1.020459269
742,1.015250025,1.018303375,1.018316236,1.025250718,1.020277515,1.020378303,1.015250025,1.024767139
741,1.019026333,1.019182842,1.021264365,1.027236471,1.021861873,1.021505627,1.019026333,1.028726819
740,1.020356689,1.022152585,1.021683802,1.031005887,1.024140439,1.023794515,1.020356689,1.031481901
739,1.023789475,1.026546955,1.025575061,1.031451525,1.02648502,1.028153674,1.023789475,1.033580725
738,1.025430799,1.025888713,1.025684627,1.031874955,1.027757385,1.029091793,1.025430799,1.034610537
737,1.027631378,1.027160261,1.026560184,1.033312174,1.028453274,1.029519369,1.027631378,1.033810392
736,1.029846047,1.027773567,1.025938992,1.035179856,1.030011143,1.030856529,1.029846047,1.033210398
735,1.030845029,1.032308178,1.028685848,1.037248889,1.032393987,1.03049568,1.030845029,1.03582067
734,1.03473552,1.034003904,1.031004096,1.041303306,1.033710501,1.031553204,1.03473552,1.038535629
733,1.03841708,1.036388488,1.033603257,1.044199952,1.034966046,1.033268773,1.03841708,1.037304282
732,1.039862591,1.037890149,1.033566091,1.046566941,1.036706402,1.036322379,1.039862591,1.036535036
731,1.040651671,1.038598265,1.036666742,1.048438324,1.039109429,1.038913292,1.040651671,1.037575916
730,1.040450028,1.037779537,1.036712113,1.051145834,1.038935352,1.039115227,1.040450028,1.038036633
729,1.046480362,1.042087985,1.040701353,1.05452328,1.043389467,1.042585873,1.046480362,1.040557897
728,1.048040056,1.042833137,1.043288447,1.057282238,1.046869337,1.045093377,1.048040056,1.041403699
727,1.050019557,1.043788649,1.045040527,1.058934133,1.04906633,1.047607906,1.050019557,1.045843466
726,1.052573861,1.043522489,1.046603885,1.061102732,1.050783559,1.050144383,1.052573861,1.047268508
725,1.053171987,1.044667622,1.047536397,1.061744169,1.054386629,1.051503054,1.053171987,1.047167971
724,1.055543597,1.047289233,1.051299749,1.064166677,1.057924945,1.054352092,1.055543597,1.050660477
723,1.055666041,1.050985857,1.053710669,1.06753265,1.060681173,1.057015876,1.055666041,1.055425375
722,1.061234297,1.054603472,1.056610048,1.072002724,1.064725744,1.059306959,1.061234297,1.058813655
721,1.065562571,1.057458159,1.058889683,1.076750397,1.068586566,1.063124407,1.065562571,1.061260208
720,1.066367199,1.058907476,1.060964185,1.079592634,1.071511826,1.067689891,1.066367199,1.062995623
719,1.070142049,1.063269749,1.064704852,1.083908363,1.073996005,1.070809785,1.070142049,1.065540407
718,1.074449916,1.0687737,1.069749684,1.089203459,1.079236413,1.075358149,1.074449916,1.067208029
717,1.080189204,1.073644098,1.07402225,1.09372128,1.083461369,1.079600977,1.080189204,1.068184805
716,1.085065072,1.078274013,1.07816884,1.099779587,1.088684537,1.085903979,1.085065072,1.073423334
715,1.08726808,1.082941458,1.080168045,1.104435837,1.092373804,1.088896566,1.08726808,1.076032222
714,1.092957808,1.086053911,1.083175542,1.108538741,1.097562493,1.092213127,1.092957808,1.078288769
713,1.094502926,1.087941233,1.085129859,1.112166026,1.100220751,1.095187277,1.094502926,1.080940085
712,1.096392538,1.091932659,1.088659601,1.116342956,1.102719226,1.098010854,1.096392538,1.085079164
711,1.100003158,1.095697922,1.091119753,1.121219064,1.105325765,1.100578061,1.100003158,1.08742149
710,1.104833839,1.101010276,1.093029183,1.126671836,1.110306318,1.106572454,1.104833839,1.092023131
709,1.108571276,1.105074784,1.096626498,1.12930643,1.115051403,1.112175269,1.108571276,1.098118068
708,1.11251813,1.108540801,1.100149482,1.13407557,1.119935667,1.115706496,1.11251813,1.101992891
707,1.118616973,1.113382559,1.104730472,1.139183009,1.124856092,1.119662663,1.118616973,1.104572725
706,1.124853323,1.118938853,1.11038636,1.145146193,1.13113634,1.126085071,1.124853323,1.108807729
705,1.127624818,1.121326893,1.114696091,1.149083278,1.135809524,1.130734841,1.127624818,1.111393096
704,1.133717345,1.125935081,1.119778572,1.155462858,1.141939662,1.136556712,1.133717345,1.113462866
703,1.140322969,1.132003945,1.127075045,1.162089686,1.148373384,1.143983526,1.140322969,1.117310019
702,1.145517092,1.138733025,1.132064853,1.168581047,1.153624304,1.149814615,1.145517092,1.122543474
701,1.150495968,1.143167887,1.136636672,1.173907604,1.159063597,1.155689164,1.150495968,1.126130061
700,1.157351823,1.148430367,1.143496331,1.1817418,1.164748029,1.161293735,1.157351823,1.130025637
699,1.160311356,1.153736301,1.148750641,1.187858958,1.170765479,1.169379472,1.160311356,1.133833589
698,1.163008996,1.157413173,1.154478447,1.193270645,1.174621676,1.173466019,1.163008996,1.138705481
697,1.168280376,1.163083042,1.159107221,1.199271582,1.180216966,1.182490753,1.168280376,1.144728935
696,1.176922834,1.170298026,1.165091323,1.207812728,1.186994218,1.190255588,1.176922834,1.150999582
695,1.184745116,1.179307004,1.171379988,1.214961442,1.195209082,1.199534935,1.184745116,1.157431641
694,1.19210775,1.184111726,1.174530836,1.222740488,1.20170083,1.20502054,1.19210775,1.164134873
693,1.197939357,1.187916,1.180950786,1.229877357,1.209184484,1.211285351,1.197939357,1.171281297
692,1.202257913,1.191489666,1.187146296,1.235703592,1.2139733,1.215500961,1.202257913,1.178761615
691,1.204712125,1.193373532,1.188732339,1.240265088,1.216214023,1.219393475,1.204712125,1.183615982
690,1.20987175,1.195600099,1.190967568,1.244410187,1.21990329,1.22243918,1.20987175,1.192052323
689,1.214072237,1.199707569,1.191860502,1.247233177,1.223267949,1.22670264,1.214072237,1.200111882
688,1.214900187,1.199945583,1.19356528,1.251476731,1.224685798,1.226084983,1.214900187,1.204254189
687,1.214264162,1.199611771,1.1936956,1.251142872,1.223685904,1.225723256,1.214264162,1.208563442
686,1.210780358,1.19480853,1.191328603,1.250525494,1.220596657,1.223306622,1.210780358,1.212997675
685,1.20624461,1.192067418,1.191062654,1.247095858,1.217882056,1.221192891,1.20624461,1.216359668
684,1.203964346,1.189470498,1.188523827,1.243285358,1.215459687,1.219201198,1.203964346,1.217524144
683,1.198601134,1.182850055,1.18183117,1.238135723,1.210305477,1.21307423,1.198601134,1.214019186
682,1.194751457,1.179381569,1.177672514,1.232966842,1.206223484,1.208716388,1.194751457,1.213623956
681,1.18684706,1.174847451,1.172201486,1.226489547,1.199537475,1.201066567,1.18684706,1.210256429
680,1.180615083,1.166929289,1.166527256,1.220860592,1.193686955,1.197660014,1.180615083,1.205157638
679,1.176154648,1.159056556,1.159085984,1.211544761,1.185246715,1.191742443,1.176154648,1.202012399
678,1.168729335,1.151100864,1.151013866,1.205536792,1.178153684,1.183869617,1.168729335,1.19920336
677,1.165194027,1.147401771,1.146939193,1.199067269,1.17217618,1.178606579,1.165194027,1.195795711
676,1.160056266,1.140129011,1.140794846,1.191988141,1.16664354,1.17226758,1.160056266,1.191093994
675,1.155265913,1.134436922,1.136661771,1.186658252,1.159688006,1.166279332,1.155265913,1.187797489
674,1.151437616,1.129894903,1.133734397,1.182584219,1.155629139,1.161737553,1.151437616,1.186482207
673,1.146708971,1.122801889,1.128049549,1.176257937,1.150461894,1.155545176,1.146708971,1.182111156
672,1.143748466,1.118057411,1.123102697,1.172453729,1.145011248,1.151775139,1.143748466,1.181058746
671,1.141012441,1.114153882,1.117600297,1.167566517,1.141122674,1.143936993,1.141012441,1.179357458
670,1.13942991,1.112262116,1.115122769,1.16464063,1.138691054,1.138587474,1.13942991,1.178296286
669,1.137251682,1.10922324,1.112824792,1.159875562,1.135404604,1.1359452,1.137251682,1.174655742
668,1.133502584,1.104554808,1.110098691,1.155800418,1.131865447,1.130375748,1.133502584,1.171699586
667,1.13415027,1.104886151,1.108648277,1.154157036,1.131265426,1.129193551,1.13415027,1.169308375
666,1.134286318,1.102858094,1.106231082,1.151435091,1.130200778,1.127926629,1.134286318,1.167283801
665,1.132811168,1.100999412,1.104054738,1.149511519,1.128410386,1.127052163,1.132811168,1.166752984
664,1.132622644,1.104074335,1.106712301,1.150018229,1.129463261,1.128276503,1.132622644,1.167090106
663,1.136078267,1.106544348,1.109406547,1.152459984,1.132230842,1.131002185,1.136078267,1.16523709
662,1.138604875,1.107967988,1.114122683,1.154419459,1.134218017,1.133338045,1.138604875,1.165613873
661,1.137214269,1.108428708,1.116749356,1.155550209,1.136716493,1.135770044,1.137214269,1.165403114
660,1.142888934,1.114521273,1.123258116,1.160568077,1.141784085,1.140618237,1.142888934,1.166544992
659,1.149857514,1.120211882,1.128443405,1.165490081,1.146359718,1.147428271,1.149857514,1.169074557
658,1.15209259,1.125209188,1.133411493,1.167889272,1.150315568,1.151039833,1.15209259,1.171111584
657,1.157077783,1.131223733,1.140595022,1.172353423,1.15534784,1.154433217,1.157077783,1.174366583
656,1.164599788,1.139729523,1.148859241,1.178082313,1.161761379,1.160833675,1.164599788,1.176520748
655,1.170061149,1.142760004,1.153839397,1.183308936,1.165264375,1.164393436,1.170061149,1.179552998
654,1.175569641,1.147282764,1.159397304,1.186443576,1.169967833,1.168933459,1.175569641,1.183401995
653,1.178670567,1.152031193,1.162890845,1.18969888,1.17161274,1.173235989,1.178670567,1.187639766
652,1.183631951,1.157873399,1.166936558,1.194608299,1.175483654,1.177359851,1.183631951,1.189401007
651,1.187432553,1.160953261,1.170219657,1.198459514,1.178217176,1.180144357,1.187432553,1.195014474
650,1.192167028,1.166207346,1.176074404,1.202824101,1.183880584,1.185010988,1.192167028,1.198869005
649,1.19771925,1.171283661,1.18197597,1.209992431,1.188789236,1.190786326,1.19771925,1.201872201
648,1.199329963,1.173002596,1.183967935,1.213277345,1.191408809,1.193859687,1.199329963,1.205766394
647,1.202978483,1.174894363,1.187820581,1.217473152,1.194649427,1.196834715,1.202978483,1.21049947
646,1.208468511,1.178438401,1.1918856,1.222001336,1.199449595,1.200811515,1.208468511,1.21370789
645,1.210865388,1.180163756,1.196958427,1.225381374,1.202121728,1.203625873,1.210865388,1.217200396
644,1.216061941,1.183733472,1.202008569,1.229932877,1.207315043,1.207810754,1.216061941,1.220004824
643,1.221179294,1.187449354,1.206814964,1.235288675,1.210967728,1.210342842,1.221179294,1.225958641
642,1.224923534,1.191748914,1.212442858,1.238145717,1.214638495,1.215367947,1.224923534,1.228681439
641,1.22563147,1.192835779,1.212936626,1.23984758,1.215082098,1.216241535,1.22563147,1.231501547
640,1.227159096,1.193330571,1.212536496,1.239464864,1.214733943,1.21728589,1.227159096,1.23525093
639,1.229282905,1.196402038,1.214553077,1.24261357,1.217249238,1.220465925,1.229282905,1.238074265
638,1.230288203,1.197721979,1.215713891,1.242248621,1.21650205,1.220658202,1.230288203,1.238806617
637,1.230953382,1.202067956,1.217256011,1.243009981,1.218526648,1.222340408,1.230953382,1.242057927
636,1.230440286,1.203884171,1.216301296,1.242605427,1.2189425,1.22212223,1.230440286,1.242298662
635,1.230511711,1.204208107,1.216538285,1.242685005,1.220128666,1.221954976,1.230511711,1.244985489
634,1.230569046,1.203719734,1.216538768,1.240295069,1.218827709,1.222553756,1.230569046,1.244023931
633,1.226759698,1.20157267,1.213189061,1.237891807,1.217149585,1.218984338,1.226759698,1.24472769
632,1.224733552,1.200660612,1.212730528,1.235851274,1.215672869,1.216050136,1.224733552,1.246321524
631,1.223330313,1.198654283,1.211481869,1.236022274,1.213424997,1.213490831,1.223330313,1.245532447
630,1.220274088,1.197384216,1.210136194,1.232302086,1.209873226,1.210633891,1.220274088,1.244464357
629,1.216803889,1.196574376,1.206518607,1.230445138,1.207680437,1.208527622,1.216803889,1.245317999
628,1.214387577,1.191071414,1.201101156,1.226885957,1.202186902,1.204161878,1.214387577,1.244471275
627,1.213825892,1.188793491,1.198134204,1.22505899,1.199015242,1.200355405,1.213825892,1.245347053
626,1.210624388,1.185730419,1.194293625,1.221452432,1.193803847,1.19700592,1.210624388,1.239982623
625,1.205724711,1.183127573,1.190727683,1.216999754,1.189644486,1.193874173,1.205724711,1.240007065
624,1.204426423,1.18131679,1.188005443,1.214050549,1.185872385,1.190963677,1.204426423,1.238548818
623,1.202051412,1.177713002,1.183346261,1.20866514,1.181721434,1.187039117,1.202051412,1.235779902
622,1.198832901,1.176377259,1.179654343,1.203142414,1.177328708,1.183605784,1.198832901,1.236426474
621,1.195728088,1.174112176,1.176792612,1.199839363,1.174679281,1.17896655,1.195728088,1.235171146
620,1.194814136,1.172135474,1.174866289,1.195028028,1.17219426,1.175721105,1.194814136,1.234006208
619,1.190840559,1.171378965,1.175330132,1.190834442,1.169221066,1.172878652,1.190840559,1.234117814
618,1.186127948,1.168330213,1.172553833,1.185303572,1.16412362,1.170156482,1.186127948,1.2325867
617,1.182094121,1.166911512,1.171388676,1.180874213,1.16036119,1.165918044,1.182094121,1.232743501
616,1.180273991,1.164660255,1.167768193,1.177063342,1.157739514,1.162449154,1.180273991,1.230043761
615,1.177857679,1.162471711,1.166106854,1.173226933,1.154950068,1.159201953,1.177857679,1.228330482
614,1.174938475,1.161543852,1.166901323,1.170222208,1.15223757,1.156146152,1.174938475,1.227759543
613,1.172105272,1.156553952,1.166412382,1.167399218,1.149160517,1.152895439,1.172105272,1.225294082
612,1.170485327,1.154807364,1.165304179,1.164955242,1.146186061,1.151157921,1.170485327,1.222370671
611,1.168087479,1.15367902,1.163595539,1.16179025,1.14214948,1.148632857,1.168087479,1.220099827
610,1.167892639,1.154615274,1.16394692,1.160464811,1.141102491,1.147686836,1.167892639,1.218717213
609,1.167132713,1.154849831,1.165105803,1.159356638,1.141215179,1.145545009,1.167132713,1.217190712
608,1.166274637,1.154597991,1.164543014,1.157147325,1.1406694,1.143770616,1.166274637,1.217768569
607,1.166959737,1.156434452,1.168572798,1.157833178,1.140618942,1.142421164,1.166959737,1.218508299
606,1.166912606,1.159493573,1.169550198,1.157920159,1.140234206,1.142670071,1.166912606,1.2197687
605,1.166003999,1.160404644,1.167505622,1.159095696,1.138812572,1.142685435,1.166003999,1.219368859
604,1.168564619,1.165839955,1.168287059,1.158803662,1.141388416,1.142799134,1.168564619,1.219980843
603,1.171227762,1.167432476,1.169047742,1.158568629,1.141055818,1.142029147,1.171227762,1.222507641
602,1.170858974,1.169407202,1.171440321,1.160895643,1.143481972,1.143138911,1.170858974,1.224185409
601,1.171600436,1.169145979,1.172563969,1.160714279,1.143804478,1.142065583,1.171600436,1.223268585
600,1.174965684,1.171774009,1.17504198,1.162114855,1.144300221,1.142968583,1.174965684,1.224069653
599,1.17573387,1.172951734,1.175196433,1.163424379,1.145800904,1.143945773,1.17573387,1.22667439
598,1.175687711,1.173638617,1.173916884,1.163128275,1.145598234,1.14479346,1.175687711,1.227256859
597,1.176977739,1.172993214,1.174756724,1.164565494,1.146734364,1.145368975,1.176977739,1.227558931
596,1.17845289,1.172840134,1.177355401,1.164661358,1.14768296,1.145981803,1.17845289,1.228644084
595,1.176727022,1.171790305,1.177733812,1.165369789,1.146544728,1.146031848,1.176727022,1.230561204
594,1.176929151,1.171753763,1.178014242,1.165568919,1.147495848,1.146743449,1.176929151,1.232143047
593,1.178996596,1.172076218,1.179816519,1.166421331,1.149076422,1.148498526,1.178996596,1.233329198
592,1.179454301,1.174026254,1.179508095,1.166992444,1.15012341,1.150078886,1.179454301,1.233738264
591,1.179423204,1.174292415,1.179302479,1.16743438,1.15213245,1.151871278,1.179423204,1.234299518
590,1.180734611,1.175141265,1.180365794,1.168283461,1.151794807,1.15155784,1.180734611,1.234014048
589,1.182385167,1.175113118,1.183030114,1.169413842,1.153387575,1.152226859,1.182385167,1.236205108
588,1.185220799,1.176170849,1.18512537,1.170195929,1.154407232,1.153100008,1.185220799,1.235229254
587,1.186808189,1.178542594,1.18625481,1.172222767,1.156600442,1.155042095,1.186808189,1.236686118
586,1.190061197,1.17943885,1.187922424,1.173823955,1.159033323,1.157259428,1.190061197,1.237691487
585,1.191939633,1.182956223,1.190412019,1.175537292,1.160265742,1.15847411,1.191939633,1.237670273
584,1.193008583,1.18357496,1.189596795,1.17705594,1.160053401,1.159104498,1.193008583,1.237976496
583,1.193665501,1.183229791,1.191037555,1.177166979,1.15999958,1.159344625,1.193665501,1.241263777
582,1.193811753,1.183810012,1.191051552,1.177427551,1.159466835,1.159873167,1.193811753,1.244049757
581,1.196227579,1.185785725,1.192914646,1.179409234,1.160855251,1.162869266,1.196227579,1.245841898
580,1.198543313,1.1895979,1.193057515,1.181942781,1.162521602,1.164108532,1.198543313,1.247158563
579,1.197380587,1.189429512,1.19336063,1.183635021,1.163894881,1.16529907,1.197380587,1.249230639
578,1.198150231,1.190704516,1.193182526,1.183917061,1.164124882,1.165964138,1.198150231,1.251427694
577,1.198330495,1.191582008,1.192475902,1.184693966,1.16437843,1.165806102,1.198330495,1.253508532
576,1.19874447,1.19210791,1.194155582,1.186647148,1.167871334,1.168718793,1.19874447,1.256126643
575,1.200815317,1.194835195,1.197097918,1.187338183,1.169450646,1.169020379,1.200815317,1.25768266
574,1.204214577,1.198153564,1.199406996,1.192827969,1.173472091,1.172563019,1.204214577,1.257904026
573,1.205422976,1.200911959,1.202566532,1.19618913,1.175049721,1.174477011,1.205422976,1.259794397
572,1.205999723,1.204385877,1.204628484,1.197694823,1.177631031,1.175774662,1.205999723,1.263909495
571,1.207841232,1.205305836,1.206362706,1.199673544,1.181255125,1.17830236,1.207841232,1.265501483
570,1.21096791,1.20828743,1.208371565,1.201943559,1.182915169,1.180475355,1.21096791,1.267715602
569,1.217531261,1.212426009,1.213257117,1.206780803,1.186631347,1.184609313,1.217531261,1.269190452
568,1.221427096,1.216588292,1.219785184,1.210493959,1.191032482,1.188241946,1.221427096,1.270025185
567,1.224336097,1.219697781,1.222000142,1.212750648,1.194033428,1.190285439,1.224336097,1.271359375
566,1.226368559,1.221482886,1.224093467,1.215290488,1.197451067,1.192749045,1.226368559,1.275489691
565,1.227603196,1.222529753,1.224992676,1.216957559,1.199001787,1.194606407,1.227603196,1.280192791
564,1.230395584,1.223794388,1.227501577,1.218849669,1.201087354,1.195960688,1.230395584,1.282680389
563,1.235235011,1.226513771,1.231275065,1.222728274,1.20487249,1.200422571,1.235235011,1.281777401
562,1.237606622,1.229641532,1.23432938,1.225913993,1.206696941,1.204362057,1.237606622,1.284202278
561,1.241404794,1.234402306,1.237973031,1.228518606,1.210455167,1.209372237,1.241404794,1.28843636
560,1.242821638,1.237320199,1.239682154,1.230849321,1.213255966,1.212126014,1.242821638,1.29285399
559,1.24613927,1.240104766,1.242048187,1.233519818,1.216427625,1.217083077,1.24613927,1.297657627
558,1.250000121,1.24418952,1.246345851,1.238613193,1.218186061,1.22141458,1.250000121,1.300618394
557,1.254688438,1.247207656,1.249888142,1.24309252,1.222165037,1.225750912,1.254688438,1.302532286
556,1.258099359,1.250924033,1.255203751,1.246325986,1.226143173,1.228614437,1.258099359,1.304963159
555,1.262152136,1.257303005,1.259048674,1.252399838,1.231914643,1.234069313,1.262152136,1.307935455
554,1.264957643,1.261502323,1.26325077,1.257019815,1.23524188,1.239331034,1.264957643,1.311855474
553,1.269931174,1.266463087,1.269035531,1.262511081,1.240074845,1.243151115,1.269931174,1.315135377
552,1.274920254,1.271628781,1.27409436,1.26863231,1.24516304,1.246869351,1.274920254,1.317135047
551,1.278033813,1.275492311,1.27934867,1.274049549,1.251000105,1.250966873,1.278033813,1.31845448
550,1.281363105,1.280192347,1.282991839,1.279150697,1.254174708,1.254025309,1.281363105,1.321917931
549,1.287720926,1.285246441,1.286943914,1.284047902,1.260592032,1.259702752,1.287720926,1.325200601
548,1.291040501,1.290024498,1.291864701,1.288802607,1.262372333,1.263362602,1.291040501,1.33071307
547,1.294655009,1.295929417,1.295286325,1.294216145,1.266922317,1.268440387,1.294655009,1.333470918
546,1.30010568,1.300459584,1.298896672,1.299176643,1.271799853,1.272936072,1.30010568,1.337893622
545,1.303570535,1.304034238,1.301826942,1.303939861,1.275609377,1.274926008,1.303570535,1.342101416
544,1.306707902,1.307933816,1.304581038,1.309422614,1.279670766,1.280472633,1.306707902,1.345885848
543,1.30888856,1.310627029,1.307811526,1.312924055,1.282691054,1.284399828,1.30888856,1.350234763
542,1.311648879,1.314142426,1.310975407,1.316666451,1.286606538,1.288636948,1.311648879,1.355318335
541,1.316696751,1.319755013,1.315373466,1.322009294,1.292180805,1.294299466,1.316696751,1.358743048
540,1.318312809,1.322827962,1.319112685,1.326857272,1.294856302,1.297895224,1.318312809,1.364041991
539,1.322347122,1.326700874,1.323110613,1.332012088,1.301746662,1.303838255,1.322347122,1.366620902
538,1.328086896,1.331534237,1.32633724,1.336928541,1.305737832,1.307283879,1.328086896,1.370972123
537,1.330989094,1.332049276,1.329657987,1.34042702,1.309181121,1.312595645,1.330989094,1.374509364
536,1.336315379,1.335272341,1.334502513,1.346398346,1.314885315,1.317525051,1.336315379,1.379601698
535,1.339991594,1.339263273,1.337473809,1.349119921,1.318637654,1.320934678,1.339991594,1.38460272
534,1.344417046,1.343725788,1.342499335,1.355457676,1.323996216,1.326240297,1.344417046,1.389314582
533,1.349031021,1.348661863,1.345574887,1.359338131,1.327755703,1.330965135,1.349031021,1.392866119
532,1.349816699,1.348636185,1.347886861,1.361840588,1.330807947,1.332598173,1.349816699,1.396420423
531,1.351448305,1.349414421,1.348866192,1.364206837,1.334577525,1.333617505,1.351448305,1.401397925
530,1.353927783,1.353875455,1.351409363,1.36748842,1.337625145,1.337313792,1.353927783,1.40673284
529,1.357514595,1.355655129,1.356950377,1.371396634,1.342366025,1.344373611,1.357514595,1.410960926
528,1.362884123,1.362227179,1.362145801,1.376731705,1.346992116,1.3492499,1.362884123,1.414178108
527,1.364553628,1.367109922,1.364879143,1.379307077,1.350493851,1.352542316,1.364553628,1.416786074
526,1.36862001,1.370760129,1.368400196,1.383598748,1.354444234,1.35623992,1.36862001,1.419839537
525,1.371192778,1.372459806,1.370831871,1.386807785,1.358159571,1.358909411,1.371192778,1.422270871
524,1.375673135,1.375115982,1.375305709,1.392582572,1.36267003,1.364066214,1.375673135,1.424518195
523,1.381152474,1.381606555,1.3796806,1.399279355,1.367306213,1.369638299,1.381152474,1.428185949
522,1.3878475,1.388095646,1.386228939,1.406158612,1.372244718,1.376134896,1.3878475,1.430701218
521,1.393135885,1.390300979,1.389972985,1.410133821,1.37662525,1.380944897,1.393135885,1.433798032
520,1.395908838,1.393279117,1.390807516,1.413507566,1.37884579,1.383682871,1.395908838,1.437847181
519,1.39936106,1.396307623,1.394138882,1.416870948,1.383508462,1.388015252,1.39936106,1.441976114
518,1.40249211,1.39751942,1.396980341,1.42000744,1.386025859,1.391846308,1.40249211,1.444844645
517,1.404444401,1.398280867,1.400613373,1.42331049,1.388507937,1.394351618,1.404444401,1.448607863
516,1.40690833,1.401656024,1.402210517,1.425322893,1.390464417,1.397430247,1.40690833,1.451687153
515,1.410636535,1.404196651,1.404791819,1.42869923,1.394162514,1.400793341,1.410636535,1.457310305
514,1.41238524,1.405138831,1.407282379,1.432053728,1.396771576,1.404303935,1.41238524,1.460034487
513,1.412627697,1.405499802,1.409156574,1.433872923,1.398749921,1.405529592,1.412627697,1.462189114
512,1.412264254,1.405029206,1.410385443,1.436228067,1.400910754,1.406933039,1.412264254,1.465421515
511,1.413175777,1.406696292,1.413714878,1.439687683,1.406011984,1.409052039,1.413175777,1.4674816
510,1.413576147,1.408927303,1.416454012,1.442929662,1.407992011,1.410969981,1.413576147,1.469847908
509,1.414807868,1.409527276,1.418125004,1.445092709,1.410331546,1.413678981,1.414807868,1.474231872
508,1.418254745,1.411618046,1.419848607,1.447645873,1.414596867,1.41752189,1.418254745,1.47698142
507,1.423498915,1.413240195,1.422981114,1.451665498,1.41829034,1.420839768,1.423498915,1.480411667
506,1.425786468,1.414408044,1.426439903,1.454153519,1.419159886,1.422268677,1.425786468,1.481806271
505,1.430461179,1.419004874,1.431133355,1.456644132,1.422521602,1.426516333,1.430461179,1.485498006
504,1.434381309,1.423780462,1.433783195,1.460836237,1.426727215,1.431283314,1.434381309,1.488956846
503,1.438312128,1.427762505,1.43573172,1.464195918,1.428871229,1.433960268,1.438312128,1.489672595
502,1.44122453,1.430225111,1.437542686,1.466546621,1.428568065,1.436188137,1.44122453,1.494456402
501,1.441736169,1.429981665,1.437645011,1.467300208,1.429728161,1.43570042,1.441736169,1.496969826
500,1.446164536,1.435991272,1.440169841,1.47148417,1.433892148,1.438934012,1.446164536,1.497187041
499,1.448616318,1.438549181,1.442372732,1.473879289,1.435452959,1.440729916,1.448616318,1.498889712
498,1.448042486,1.439181745,1.442107265,1.474885306,1.436153474,1.441233436,1.448042486,1.503168528
497,1.450035591,1.441152027,1.443216916,1.477339645,1.439423105,1.444065353,1.450035591,1.508585072
496,1.451714814,1.441320909,1.444283127,1.479980901,1.442723431,1.444732177,1.451714814,1.511990876
495,1.451970876,1.440516006,1.445780359,1.48068341,1.443605592,1.446062753,1.451970876,1.515531345
494,1.454501371,1.444249172,1.449243975,1.483686284,1.445644486,1.448301157,1.454501371,1.519759892
493,1.457605698,1.446519687,1.452570031,1.486815743,1.449908967,1.452349073,1.457605698,1.520316535
492,1.461359655,1.449692384,1.455079416,1.490072527,1.453768107,1.455670024,1.461359655,1.523454855
491,1.463336241,1.44993188,1.457329125,1.492428042,1.45492484,1.457310526,1.463336241,1.526331227
490,1.465683557,1.452957916,1.45965944,1.496213743,1.458668769,1.459726282,1.465683557,1.529204831
489,1.467956533,1.457423395,1.464359648,1.499189968,1.462166299,1.464502481,1.467956533,1.530599897
488,1.468952113,1.460525478,1.465916249,1.501063942,1.465126879,1.467681638,1.468952113,1.531341933
487,1.470577403,1.463200419,1.467891803,1.502812442,1.467730474,1.470328302,1.470577403,1.532142539
486,1.473606903,1.464283333,1.468271662,1.505189424,1.470662041,1.474107119,1.473606903,1.532660443
485,1.475710791,1.466258553,1.470773324,1.508609806,1.474441711,1.478144938,1.475710791,1.534209542
484,1.477895335,1.469136449,1.472439007,1.51150016,1.476674866,1.480474652,1.477895335,1.53751896
483,1.480644965,1.472011381,1.475649223,1.514454547,1.480579418,1.484802644,1.480644965,1.540028695
482,1.484803666,1.474139681,1.478384013,1.517802013,1.484915379,1.489094638,1.484803666,1.545439704
481,1.485386243,1.474597438,1.480555047,1.519775923,1.486548092,1.492230336,1.485386243,1.549414142
480,1.487724328,1.475690228,1.482374218,1.52369191,1.489557868,1.494909924,1.487724328,1.552623945
479,1.490915142,1.478280729,1.484663989,1.527028643,1.492351519,1.497275196,1.490915142,1.555862803
478,1.492831964,1.480260887,1.486307469,1.530579681,1.494988332,1.501208536,1.492831964,1.55971964
477,1.49607574,1.484984625,1.491607633,1.534597455,1.498117944,1.503570297,1.49607574,1.564396453
476,1.499912298,1.488784948,1.495785113,1.538493085,1.502068748,1.506915392,1.499912298,1.56897688
475,1.504499063,1.49207764,1.499245833,1.541556661,1.505529276,1.50983379,1.504499063,1.572993746
474,1.50604904,1.494256801,1.500877729,1.544718321,1.50571807,1.51133162,1.50604904,1.576950659
473,1.507396889,1.496898164,1.503489922,1.546653737,1.507087144,1.513748693,1.507396889,1.578133582
472,1.510530369,1.500783422,1.506827079,1.550509023,1.509728161,1.516365506,1.510530369,1.58099289
471,1.513348995,1.504142777,1.508733613,1.553570748,1.513677284,1.517622331,1.513348995,1.58445957
470,1.513332961,1.506039482,1.511047034,1.555659398,1.515373909,1.519041582,1.513332961,1.585662324
469,1.517996983,1.509850175,1.513796787,1.55913567,1.519201934,1.521538551,1.517996983,1.586188068
468,1.519975997,1.511886626,1.515977475,1.562446863,1.522649007,1.525174257,1.519975997,1.58844277
467,1.521403045,1.513519639,1.516996384,1.564789053,1.526018291,1.528353853,1.521403045,1.590344671
466,1.522414174,1.514098379,1.519450745,1.568291604,1.528913697,1.531641002,1.522414174,1.592045498
465,1.525944624,1.516268158,1.522209668,1.571050932,1.533366131,1.537164799,1.525944624,1.593190144
464,1.529541153,1.520504511,1.526956695,1.575752338,1.538955955,1.541638974,1.529541153,1.596232539
463,1.533000663,1.523213525,1.52977933,1.578878095,1.543193104,1.546315522,1.533000663,1.600268314
462,1.53677114,1.525952661,1.534461197,1.582868109,1.547635867,1.551942482,1.53677114,1.602708871
461,1.540406541,1.52884537,1.537124552,1.587742737,1.551384842,1.557317901,1.540406541,1.607804434
460,1.543072599,1.531293162,1.541484963,1.59178679,1.55545338,1.561745982,1.543072599,1.613437271
459,1.546584098,1.536102822,1.545038838,1.596213928,1.559534532,1.565817165,1.546584098,1.617486419
458,1.550240392,1.538380744,1.548144315,1.59937966,1.562444234,1.568538457,1.550240392,1.621089147
457,1.552063437,1.542538582,1.551810652,1.603577688,1.566816357,1.573729939,1.552063437,1.625122616
456,1.552802956,1.545825348,1.554361545,1.608246152,1.570156207,1.576331387,1.552802956,1.630760064
455,1.555245992,1.547957598,1.554524204,1.612761752,1.571032482,1.580708546,1.555245992,1.636163233
454,1.55804081,1.550334775,1.557007042,1.616265784,1.57475749,1.585097118,1.55804081,1.639157205
453,1.560377922,1.553169709,1.560138101,1.619799426,1.576987701,1.587463268,1.560377922,1.643640784
452,1.56193373,1.553583024,1.56086017,1.621458354,1.577801325,1.588527377,1.56193373,1.647003699
451,1.561493031,1.552787504,1.560782943,1.622140876,1.57790308,1.589160838,1.561493031,1.650604582
450,1.562391435,1.550604886,1.559375487,1.622820436,1.578368969,1.589377698,1.562391435,1.654020994
449,1.561307909,1.551039435,1.559067546,1.624183259,1.577715547,1.591195551,1.561307909,1.657282449
448,1.560510083,1.550453288,1.555741007,1.624031876,1.575260801,1.587878112,1.560510083,1.66049502
447,1.562267534,1.547241087,1.555250617,1.623548484,1.57351498,1.587186705,1.562267534,1.662910674
446,1.560023225,1.543366199,1.553413105,1.621455763,1.572521392,1.583592264,1.560023225,1.664081145
445,1.556931045,1.540754959,1.548555547,1.618002069,1.568447808,1.578762508,1.556931045,1.66465808
444,1.551861795,1.535445568,1.54133968,1.614430674,1.563274256,1.574527582,1.551861795,1.665766292
443,1.550052354,1.530849231,1.539927397,1.611209052,1.562023336,1.572005591,1.550052354,1.663127428
442,1.546457282,1.527223221,1.534853122,1.606695302,1.556730789,1.567581022,1.546457282,1.661796466
441,1.540818573,1.524238664,1.530896703,1.601434258,1.551060654,1.563161282,1.540818573,1.658927012
440,1.537041779,1.51842411,1.525869247,1.595500316,1.546278987,1.557193667,1.537041779,1.656471236
439,1.533139627,1.512730539,1.521890625,1.589519366,1.543653106,1.552748027,1.533139627,1.653313085
438,1.529845804,1.51154195,1.518482515,1.585498261,1.540345212,1.54938186,1.529845804,1.651385819
437,1.526246845,1.507520897,1.515023725,1.58083868,1.536558394,1.545332187,1.526246845,1.650276223
436,1.525412092,1.50489336,1.514746675,1.578406548,1.533871965,1.543176313,1.525412092,1.64723475
435,1.525161375,1.502349277,1.513908765,1.573741785,1.530826868,1.539867654,1.525161375,1.644334858
434,1.523441338,1.501590299,1.510268976,1.570511281,1.527635446,1.535863197,1.523441338,1.645207408
433,1.523203253,1.501612026,1.50990408,1.569920921,1.526797856,1.535129208,1.523203253,1.643927176
432,1.522831065,1.499362745,1.507115231,1.568066935,1.525528855,1.53410768,1.522831065,1.642652017
431,1.523360681,1.498711416,1.507294783,1.56763055,1.525123095,1.534955807,1.523360681,1.643090137
430,1.524095826,1.500029381,1.509792584,1.568178344,1.524761905,1.536558555,1.524095826,1.642983605
429,1.523177502,1.500208139,1.510154584,1.567534316,1.526186902,1.536102446,1.523177502,1.641438195
428,1.524674517,1.503069739,1.511576037,1.568403384,1.527962578,1.539075718,1.524674517,1.638486651
427,1.524486965,1.503288494,1.512269629,1.569173997,1.528148428,1.539816731,1.524486965,1.639527993
426,1.525861051,1.505199519,1.513870635,1.571238959,1.529546936,1.542231609,1.525861051,1.640331827
425,1.526740991,1.507681383,1.516133376,1.573094796,1.529357721,1.544754039,1.526740991,1.641949642
424,1.525903323,1.507401396,1.515446059,1.573511194,1.530688111,1.544290028,1.525903323,1.644003271
423,1.528388145,1.510535082,1.518645174,1.574595678,1.531661936,1.545635968,1.528388145,1.647702385
422,1.52871952,1.51283967,1.518826174,1.575045387,1.533604541,1.545696109,1.52871952,1.649121893
421,1.530361329,1.515377334,1.518609939,1.575104978,1.534295385,1.546348447,1.530361329,1.651009958
420,1.530094092,1.51555856,1.517565448,1.574791477,1.533086093,1.547030635,1.530094092,1.653487871
419,1.527375558,1.515260302,1.516931224,1.574485749,1.531896563,1.545365989,1.527375558,1.657501048
418,1.526855174,1.516107671,1.517275848,1.575020589,1.533430884,1.544927879,1.526855174,1.659857671
417,1.524982083,1.51682517,1.517856496,1.5746586,1.535119941,1.544886175,1.524982083,1.660513006
416,1.52513951,1.518235971,1.518516784,1.575001342,1.536803952,1.544930951,1.52513951,1.659937916
415,1.525833841,1.520053173,1.521200411,1.575325947,1.537188689,1.547132481,1.525833841,1.660339603
414,1.526047631,1.520240325,1.52189159,1.576611412,1.539167876,1.548443741,1.526047631,1.661121762
413,1.52834976,1.522160239,1.525103254,1.578690069,1.540497845,1.549626377,1.52834976,1.662288083
412,1.52941871,1.522219989,1.526392457,1.580598465,1.542276043,1.550535084,1.52941871,1.662899144
411,1.532760635,1.523086123,1.52933962,1.58382897,1.54547167,1.552037743,1.532760635,1.664488366
410,1.537068017,1.52660794,1.53346449,1.584448199,1.548666036,1.555097495,1.537068017,1.666861592
409,1.538793399,1.529079434,1.534743557,1.585165884,1.551316724,1.55810852,1.538793399,1.670005447
408,1.542721303,1.532333609,1.537281901,1.586610876,1.553182382,1.561756956,1.542721303,1.672055847
407,1.544430165,1.532911854,1.538191245,1.588420077,1.556575633,1.562708684,1.544430165,1.677202601
406,1.547997056,1.536322565,1.541075661,1.590174128,1.558962683,1.565681517,1.547997056,1.681074196
405,1.551526047,1.539721425,1.542966267,1.59305819,1.562794492,1.568767609,1.551526047,1.68655761
404,1.554899069,1.545154761,1.546716587,1.596269818,1.566116262,1.572589007,1.554899069,1.689050742
403,1.556161219,1.546713271,1.548000843,1.596872947,1.567607852,1.57457192,1.556161219,1.692387082
402,1.557196756,1.550057327,1.549445378,1.596474395,1.568935262,1.576711615,1.557196756,1.694709273
401,1.559046837,1.550588838,1.549272549,1.598808363,1.57037843,1.577464637,1.559046837,1.695879645
400,1.561837233,1.553174647,1.551821174,1.600790748,1.571075118,1.579098071,1.561837233,1.6968549
