DRG Definition,Provider Id,Provider Name,Provider Street Address,Provider City,Provider State,Provider Zip Code,Hospital Referral Region (HRR) Description,Total Discharges,Average Covered Charges,Average Total Payments,Average Medicare Payments,lat,lon
"003 - ECMO OR TRACH W MV >96 HRS OR PDX EXC FACE, MOUTH & NECK W MAJ O.R.",20001,PROVIDENCE ALASKA MEDICAL CENTER,3200 PROVIDENCE DRIVE,ANCHORAGE,AK,99508,AK - Anchorage,13,575748.46,133282.62,132010.15,61.21,-149.82
025 - CRANIOTOMY & ENDOVASCULAR INTRACRANIAL PROCEDURES W MCC,20001,PROVIDENCE ALASKA MEDICAL CENTER,3200 PROVIDENCE DRIVE,ANCHORAGE,AK,99508,AK - Anchorage,18,155684.83,43356.72,38916.89,61.21,-149.82
038 - EXTRACRANIAL PROCEDURES W CC,20017,ALASKA REGIONAL HOSPITAL,2801 DEBARR ROAD,ANCHORAGE,AK,99508,AK - Anchorage,14,93951.86,15336.0,14416.0,61.21,-149.82
039 - EXTRACRANIAL PROCEDURES W/O CC/MCC,20001,PROVIDENCE ALASKA MEDICAL CENTER,3200 PROVIDENCE DRIVE,ANCHORAGE,AK,99508,AK - Anchorage,21,46687.76,9910.05,8784.52,61.21,-149.82
039 - EXTRACRANIAL PROCEDURES W/O CC/MCC,20017,ALASKA REGIONAL HOSPITAL,2801 DEBARR ROAD,ANCHORAGE,AK,99508,AK - Anchorage,48,71561.04,9969.46,7211.4,61.21,-149.82
064 - INTRACRANIAL HEMORRHAGE OR CEREBRAL INFARCTION W MCC,20001,PROVIDENCE ALASKA MEDICAL CENTER,3200 PROVIDENCE DRIVE,ANCHORAGE,AK,99508,AK - Anchorage,46,76259.78,16925.11,14427.33,61.21,-149.82
064 - INTRACRANIAL HEMORRHAGE OR CEREBRAL INFARCTION W MCC,20017,ALASKA REGIONAL HOSPITAL,2801 DEBARR ROAD,ANCHORAGE,AK,99508,AK - Anchorage,14,89287.71,21724.57,10754.64,61.21,-149.82
064 - INTRACRANIAL HEMORRHAGE OR CEREBRAL INFARCTION W MCC,20026,ALASKA NATIVE MEDICAL CENTER,4315 DIPLOMACY DR,ANCHORAGE,AK,99508,AK - Anchorage,17,67940.41,20347.88,19670.94,61.21,-149.82
065 - INTRACRANIAL HEMORRHAGE OR CEREBRAL INFARCTION W CC OR TPA IN 24 HRS,20001,PROVIDENCE ALASKA MEDICAL CENTER,3200 PROVIDENCE DRIVE,ANCHORAGE,AK,99508,AK - Anchorage,60,58312.1,11961.87,9052.58,61.21,-149.82
065 - INTRACRANIAL HEMORRHAGE OR CEREBRAL INFARCTION W CC OR TPA IN 24 HRS,20006,MAT-SU REGIONAL MEDICAL CENTER,2500 SOUTH WOODWORTH LOOP,PALMER,AK,99645,AK - Anchorage,25,56784.0,11243.68,10317.44,62.0,-148.0
065 - INTRACRANIAL HEMORRHAGE OR CEREBRAL INFARCTION W CC OR TPA IN 24 HRS,20012,FAIRBANKS MEMORIAL HOSPITAL,1650 COWLES STREET,FAIRBANKS,AK,99701,AK - Anchorage,22,37768.09,15672.23,14446.55,64.6,-147.3
065 - INTRACRANIAL HEMORRHAGE OR CEREBRAL INFARCTION W CC OR TPA IN 24 HRS,20017,ALASKA REGIONAL HOSPITAL,2801 DEBARR ROAD,ANCHORAGE,AK,99508,AK - Anchorage,23,59475.52,8484.26,7365.48,61.21,-149.82
065 - INTRACRANIAL HEMORRHAGE OR CEREBRAL INFARCTION W CC OR TPA IN 24 HRS,20026,ALASKA NATIVE MEDICAL CENTER,4315 DIPLOMACY DR,ANCHORAGE,AK,99508,AK - Anchorage,29,48998.31,13119.38,12190.55,61.21,-149.82
066 - INTRACRANIAL HEMORRHAGE OR CEREBRAL INFARCTION W/O CC/MCC,20001,PROVIDENCE ALASKA MEDICAL CENTER,3200 PROVIDENCE DRIVE,ANCHORAGE,AK,99508,AK - Anchorage,25,40033.72,7433.96,5849.44,61.21,-149.82
069 - TRANSIENT ISCHEMIA,20006,MAT-SU REGIONAL MEDICAL CENTER,2500 SOUTH WOODWORTH LOOP,PALMER,AK,99645,AK - Anchorage,13,37973.38,8237.62,5998.0,62.0,-148.0
074 - CRANIAL & PERIPHERAL NERVE DISORDERS W/O MCC,20017,ALASKA REGIONAL HOSPITAL,2801 DEBARR ROAD,ANCHORAGE,AK,99508,AK - Anchorage,11,40071.82,7391.36,6065.18,61.21,-149.82
092 - OTHER DISORDERS OF NERVOUS SYSTEM W CC,20001,PROVIDENCE ALASKA MEDICAL CENTER,3200 PROVIDENCE DRIVE,ANCHORAGE,AK,99508,AK - Anchorage,12,45170.25,8739.83,7342.5,61.21,-149.82
100 - SEIZURES W MCC,20001,PROVIDENCE ALASKA MEDICAL CENTER,3200 PROVIDENCE DRIVE,ANCHORAGE,AK,99508,AK - Anchorage,13,108048.0,18898.77,17913.23,61.21,-149.82
101 - SEIZURES W/O MCC,20001,PROVIDENCE ALASKA MEDICAL CENTER,3200 PROVIDENCE DRIVE,ANCHORAGE,AK,99508,AK - Anchorage,17,42616.53,7974.35,6334.65,61.21,-149.82
101 - SEIZURES W/O MCC,20006,MAT-SU REGIONAL MEDICAL CENTER,2500 SOUTH WOODWORTH LOOP,PALMER,AK,99645,AK - Anchorage,26,39288.04,9467.81,6804.08,62.0,-148.0
175 - PULMONARY EMBOLISM W MCC,20001,PROVIDENCE ALASKA MEDICAL CENTER,3200 PROVIDENCE DRIVE,ANCHORAGE,AK,99508,AK - Anchorage,12,61295.08,13479.25,12384.25,61.21,-149.82
175 - PULMONARY EMBOLISM W MCC,20006,MAT-SU REGIONAL MEDICAL CENTER,2500 SOUTH WOODWORTH LOOP,PALMER,AK,99645,AK - Anchorage,11,65836.73,15738.64,15041.18,62.0,-148.0
176 - PULMONARY EMBOLISM W/O MCC,20001,PROVIDENCE ALASKA MEDICAL CENTER,3200 PROVIDENCE DRIVE,ANCHORAGE,AK,99508,AK - Anchorage,14,38427.43,8890.43,7628.14,61.21,-149.82
177 - RESPIRATORY INFECTIONS & INFLAMMATIONS W MCC,20001,PROVIDENCE ALASKA MEDICAL CENTER,3200 PROVIDENCE DRIVE,ANCHORAGE,AK,99508,AK - Anchorage,26,97672.5,17902.77,16707.54,61.21,-149.82
177 - RESPIRATORY INFECTIONS & INFLAMMATIONS W MCC,20006,MAT-SU REGIONAL MEDICAL CENTER,2500 SOUTH WOODWORTH LOOP,PALMER,AK,99645,AK - Anchorage,29,61249.97,20148.28,19243.59,62.0,-148.0
177 - RESPIRATORY INFECTIONS & INFLAMMATIONS W MCC,20017,ALASKA REGIONAL HOSPITAL,2801 DEBARR ROAD,ANCHORAGE,AK,99508,AK - Anchorage,14,111146.14,17512.21,16868.21,61.21,-149.82
189 - PULMONARY EDEMA & RESPIRATORY FAILURE,20001,PROVIDENCE ALASKA MEDICAL CENTER,3200 PROVIDENCE DRIVE,ANCHORAGE,AK,99508,AK - Anchorage,104,62915.27,12109.93,10581.52,61.21,-149.82
189 - PULMONARY EDEMA & RESPIRATORY FAILURE,20006,MAT-SU REGIONAL MEDICAL CENTER,2500 SOUTH WOODWORTH LOOP,PALMER,AK,99645,AK - Anchorage,54,50531.67,13015.7,12087.56,62.0,-148.0
189 - PULMONARY EDEMA & RESPIRATORY FAILURE,20017,ALASKA REGIONAL HOSPITAL,2801 DEBARR ROAD,ANCHORAGE,AK,99508,AK - Anchorage,23,72693.43,18708.26,10387.78,61.21,-149.82
189 - PULMONARY EDEMA & RESPIRATORY FAILURE,20024,CENTRAL PENINSULA GENERAL HOSPITAL,250 HOSPITAL PLACE,SOLDOTNA,AK,99669,AK - Anchorage,18,64145.94,19991.5,19422.11,60.4,-150.9
189 - PULMONARY EDEMA & RESPIRATORY FAILURE,20026,ALASKA NATIVE MEDICAL CENTER,4315 DIPLOMACY DR,ANCHORAGE,AK,99508,AK - Anchorage,17,48206.18,14956.53,14353.71,61.21,-149.82
190 - CHRONIC OBSTRUCTIVE PULMONARY DISEASE W MCC,20001,PROVIDENCE ALASKA MEDICAL CENTER,3200 PROVIDENCE DRIVE,ANCHORAGE,AK,99508,AK - Anchorage,41,53526.15,11263.32,9415.98,61.21,-149.82
190 - CHRONIC OBSTRUCTIVE PULMONARY DISEASE W MCC,20006,MAT-SU REGIONAL MEDICAL CENTER,2500 SOUTH WOODWORTH LOOP,PALMER,AK,99645,AK - Anchorage,32,47870.47,12286.94,11126.69,62.0,-148.0
190 - CHRONIC OBSTRUCTIVE PULMONARY DISEASE W MCC,20017,ALASKA REGIONAL HOSPITAL,2801 DEBARR ROAD,ANCHORAGE,AK,99508,AK - Anchorage,21,51327.62,10036.0,8874.62,61.21,-149.82
190 - CHRONIC OBSTRUCTIVE PULMONARY DISEASE W MCC,20024,CENTRAL PENINSULA GENERAL HOSPITAL,250 HOSPITAL PLACE,SOLDOTNA,AK,99669,AK - Anchorage,21,48555.29,17287.14,16309.81,60.4,-150.9
190 - CHRONIC OBSTRUCTIVE PULMONARY DISEASE W MCC,20026,ALASKA NATIVE MEDICAL CENTER,4315 DIPLOMACY DR,ANCHORAGE,AK,99508,AK - Anchorage,20,67257.45,15242.65,14604.25,61.21,-149.82
191 - CHRONIC OBSTRUCTIVE PULMONARY DISEASE W CC,20001,PROVIDENCE ALASKA MEDICAL CENTER,3200 PROVIDENCE DRIVE,ANCHORAGE,AK,99508,AK - Anchorage,23,45303.61,9181.52,7985.13,61.21,-149.82
191 - CHRONIC OBSTRUCTIVE PULMONARY DISEASE W CC,20006,MAT-SU REGIONAL MEDICAL CENTER,2500 SOUTH WOODWORTH LOOP,PALMER,AK,99645,AK - Anchorage,15,31301.67,9892.6,8951.8,62.0,-148.0
191 - CHRONIC OBSTRUCTIVE PULMONARY DISEASE W CC,20024,CENTRAL PENINSULA GENERAL HOSPITAL,250 HOSPITAL PLACE,SOLDOTNA,AK,99669,AK - Anchorage,15,57340.4,19313.47,18072.2,60.4,-150.9
191 - CHRONIC OBSTRUCTIVE PULMONARY DISEASE W CC,20026,ALASKA NATIVE MEDICAL CENTER,4315 DIPLOMACY DR,ANCHORAGE,AK,99508,AK - Anchorage,23,38660.91,11719.65,10832.17,61.21,-149.82
192 - CHRONIC OBSTRUCTIVE PULMONARY DISEASE W/O CC/MCC,20018,YUKON KUSKOKWIM DELTA REG HOSPITAL,PO BOX 287,BETHEL,AK,99559,AK - Anchorage,11,15508.36,12923.09,12223.09,61.0,-161.0
192 - CHRONIC OBSTRUCTIVE PULMONARY DISEASE W/O CC/MCC,20024,CENTRAL PENINSULA GENERAL HOSPITAL,250 HOSPITAL PLACE,SOLDOTNA,AK,99669,AK - Anchorage,12,28029.08,9931.0,8755.0,60.4,-150.9
193 - SIMPLE PNEUMONIA & PLEURISY W MCC,20001,PROVIDENCE ALASKA MEDICAL CENTER,3200 PROVIDENCE DRIVE,ANCHORAGE,AK,99508,AK - Anchorage,27,59181.81,13405.52,11647.44,61.21,-149.82
193 - SIMPLE PNEUMONIA & PLEURISY W MCC,20006,MAT-SU REGIONAL MEDICAL CENTER,2500 SOUTH WOODWORTH LOOP,PALMER,AK,99645,AK - Anchorage,42,44575.12,15470.48,13430.71,62.0,-148.0
193 - SIMPLE PNEUMONIA & PLEURISY W MCC,20017,ALASKA REGIONAL HOSPITAL,2801 DEBARR ROAD,ANCHORAGE,AK,99508,AK - Anchorage,14,56992.0,11013.0,9410.64,61.21,-149.82
193 - SIMPLE PNEUMONIA & PLEURISY W MCC,20026,ALASKA NATIVE MEDICAL CENTER,4315 DIPLOMACY DR,ANCHORAGE,AK,99508,AK - Anchorage,23,50420.17,17081.87,16189.52,61.21,-149.82
194 - SIMPLE PNEUMONIA & PLEURISY W CC,20001,PROVIDENCE ALASKA MEDICAL CENTER,3200 PROVIDENCE DRIVE,ANCHORAGE,AK,99508,AK - Anchorage,48,36907.02,9215.83,8092.67,61.21,-149.82
194 - SIMPLE PNEUMONIA & PLEURISY W CC,20006,MAT-SU REGIONAL MEDICAL CENTER,2500 SOUTH WOODWORTH LOOP,PALMER,AK,99645,AK - Anchorage,22,33786.23,10914.77,8839.95,62.0,-148.0
194 - SIMPLE PNEUMONIA & PLEURISY W CC,20008,BARTLETT REGIONAL HOSPITAL,3260 HOSPITAL DR,JUNEAU,AK,99801,AK - Anchorage,12,26099.33,11546.17,10258.17,58.0,-134.0
194 - SIMPLE PNEUMONIA & PLEURISY W CC,20012,FAIRBANKS MEMORIAL HOSPITAL,1650 COWLES STREET,FAIRBANKS,AK,99701,AK - Anchorage,19,26616.42,14299.42,13086.58,64.6,-147.3
194 - SIMPLE PNEUMONIA & PLEURISY W CC,20018,YUKON KUSKOKWIM DELTA REG HOSPITAL,PO BOX 287,BETHEL,AK,99559,AK - Anchorage,35,17870.31,15997.26,14938.06,61.0,-161.0
194 - SIMPLE PNEUMONIA & PLEURISY W CC,20024,CENTRAL PENINSULA GENERAL HOSPITAL,250 HOSPITAL PLACE,SOLDOTNA,AK,99669,AK - Anchorage,27,37574.22,13077.63,12315.41,60.4,-150.9
194 - SIMPLE PNEUMONIA & PLEURISY W CC,20026,ALASKA NATIVE MEDICAL CENTER,4315 DIPLOMACY DR,ANCHORAGE,AK,99508,AK - Anchorage,16,35860.81,12172.56,11097.19,61.21,-149.82
195 - SIMPLE PNEUMONIA & PLEURISY W/O CC/MCC,20018,YUKON KUSKOKWIM DELTA REG HOSPITAL,PO BOX 287,BETHEL,AK,99559,AK - Anchorage,11,16317.55,12672.36,11509.09,61.0,-161.0
207 - RESPIRATORY SYSTEM DIAGNOSIS W VENTILATOR SUPPORT >96 HOURS,20026,ALASKA NATIVE MEDICAL CENTER,4315 DIPLOMACY DR,ANCHORAGE,AK,99508,AK - Anchorage,12,297952.75,75004.42,73796.75,61.21,-149.82
208 - RESPIRATORY SYSTEM DIAGNOSIS W VENTILATOR SUPPORT <=96 HOURS,20001,PROVIDENCE ALASKA MEDICAL CENTER,3200 PROVIDENCE DRIVE,ANCHORAGE,AK,99508,AK - Anchorage,37,131701.24,25276.65,24162.05,61.21,-149.82
208 - RESPIRATORY SYSTEM DIAGNOSIS W VENTILATOR SUPPORT <=96 HOURS,20017,ALASKA REGIONAL HOSPITAL,2801 DEBARR ROAD,ANCHORAGE,AK,99508,AK - Anchorage,12,127254.58,25826.33,18290.25,61.21,-149.82
208 - RESPIRATORY SYSTEM DIAGNOSIS W VENTILATOR SUPPORT <=96 HOURS,20026,ALASKA NATIVE MEDICAL CENTER,4315 DIPLOMACY DR,ANCHORAGE,AK,99508,AK - Anchorage,19,93812.0,26566.53,25557.05,61.21,-149.82
219 - CARDIAC VALVE & OTH MAJ CARDIOTHORACIC PROC W/O CARD CATH W MCC,20001,PROVIDENCE ALASKA MEDICAL CENTER,3200 PROVIDENCE DRIVE,ANCHORAGE,AK,99508,AK - Anchorage,18,462721.61,98764.94,87120.22,61.21,-149.82
219 - CARDIAC VALVE & OTH MAJ CARDIOTHORACIC PROC W/O CARD CATH W MCC,20017,ALASKA REGIONAL HOSPITAL,2801 DEBARR ROAD,ANCHORAGE,AK,99508,AK - Anchorage,20,503004.0,80577.4,79619.8,61.21,-149.82
220 - CARDIAC VALVE & OTH MAJ CARDIOTHORACIC PROC W/O CARD CATH W CC,20001,PROVIDENCE ALASKA MEDICAL CENTER,3200 PROVIDENCE DRIVE,ANCHORAGE,AK,99508,AK - Anchorage,19,245943.37,46869.32,41747.0,61.21,-149.82
220 - CARDIAC VALVE & OTH MAJ CARDIOTHORACIC PROC W/O CARD CATH W CC,20017,ALASKA REGIONAL HOSPITAL,2801 DEBARR ROAD,ANCHORAGE,AK,99508,AK - Anchorage,13,256359.54,39795.69,38509.77,61.21,-149.82
234 - CORONARY BYPASS W CARDIAC CATH W/O MCC,20001,PROVIDENCE ALASKA MEDICAL CENTER,3200 PROVIDENCE DRIVE,ANCHORAGE,AK,99508,AK - Anchorage,19,302149.42,53523.63,48586.79,61.21,-149.82
235 - CORONARY BYPASS W/O CARDIAC CATH W MCC,20017,ALASKA REGIONAL HOSPITAL,2801 DEBARR ROAD,ANCHORAGE,AK,99508,AK - Anchorage,13,259872.31,76895.85,37673.92,61.21,-149.82
236 - CORONARY BYPASS W/O CARDIAC CATH W/O MCC,20001,PROVIDENCE ALASKA MEDICAL CENTER,3200 PROVIDENCE DRIVE,ANCHORAGE,AK,99508,AK - Anchorage,28,262860.29,42825.11,41584.89,61.21,-149.82
236 - CORONARY BYPASS W/O CARDIAC CATH W/O MCC,20017,ALASKA REGIONAL HOSPITAL,2801 DEBARR ROAD,ANCHORAGE,AK,99508,AK - Anchorage,12,235347.25,39094.5,27558.92,61.21,-149.82
242 - PERMANENT CARDIAC PACEMAKER IMPLANT W MCC,20001,PROVIDENCE ALASKA MEDICAL CENTER,3200 PROVIDENCE DRIVE,ANCHORAGE,AK,99508,AK - Anchorage,12,161305.33,35520.0,34354.67,61.21,-149.82
243 - PERMANENT CARDIAC PACEMAKER IMPLANT W CC,20001,PROVIDENCE ALASKA MEDICAL CENTER,3200 PROVIDENCE DRIVE,ANCHORAGE,AK,99508,AK - Anchorage,21,114569.14,25764.38,23225.33,61.21,-149.82
246 - PERC CARDIOVASC PROC W DRUG-ELUTING STENT W MCC OR 4+ VESSELS/STENTS,20001,PROVIDENCE ALASKA MEDICAL CENTER,3200 PROVIDENCE DRIVE,ANCHORAGE,AK,99508,AK - Anchorage,54,162184.78,31139.59,29208.33,61.21,-149.82
246 - PERC CARDIOVASC PROC W DRUG-ELUTING STENT W MCC OR 4+ VESSELS/STENTS,20017,ALASKA REGIONAL HOSPITAL,2801 DEBARR ROAD,ANCHORAGE,AK,99508,AK - Anchorage,16,226880.0,45666.19,24085.25,61.21,-149.82
247 - PERC CARDIOVASC PROC W DRUG-ELUTING STENT W/O MCC,20001,PROVIDENCE ALASKA MEDICAL CENTER,3200 PROVIDENCE DRIVE,ANCHORAGE,AK,99508,AK - Anchorage,57,103775.26,20183.93,16872.56,61.21,-149.82
247 - PERC CARDIOVASC PROC W DRUG-ELUTING STENT W/O MCC,20006,MAT-SU REGIONAL MEDICAL CENTER,2500 SOUTH WOODWORTH LOOP,PALMER,AK,99645,AK - Anchorage,17,153539.94,22907.88,21620.0,62.0,-148.0
247 - PERC CARDIOVASC PROC W DRUG-ELUTING STENT W/O MCC,20012,FAIRBANKS MEMORIAL HOSPITAL,1650 COWLES STREET,FAIRBANKS,AK,99701,AK - Anchorage,23,81843.04,31749.43,30524.74,64.6,-147.3
247 - PERC CARDIOVASC PROC W DRUG-ELUTING STENT W/O MCC,20017,ALASKA REGIONAL HOSPITAL,2801 DEBARR ROAD,ANCHORAGE,AK,99508,AK - Anchorage,20,148403.35,26045.6,14653.15,61.21,-149.82
247 - PERC CARDIOVASC PROC W DRUG-ELUTING STENT W/O MCC,20026,ALASKA NATIVE MEDICAL CENTER,4315 DIPLOMACY DR,ANCHORAGE,AK,99508,AK - Anchorage,12,113339.42,24697.5,23526.17,61.21,-149.82
252 - OTHER VASCULAR PROCEDURES W MCC,20001,PROVIDENCE ALASKA MEDICAL CENTER,3200 PROVIDENCE DRIVE,ANCHORAGE,AK,99508,AK - Anchorage,23,215710.04,41311.13,39991.52,61.21,-149.82
253 - OTHER VASCULAR PROCEDURES W CC,20001,PROVIDENCE ALASKA MEDICAL CENTER,3200 PROVIDENCE DRIVE,ANCHORAGE,AK,99508,AK - Anchorage,17,92266.0,22734.82,21740.71,61.21,-149.82
266 - ENDOVASCULAR CARDIAC VALVE REPLACEMENT W MCC,20001,PROVIDENCE ALASKA MEDICAL CENTER,3200 PROVIDENCE DRIVE,ANCHORAGE,AK,99508,AK - Anchorage,30,180256.83,73528.8,72582.5,61.21,-149.82
267 - ENDOVASCULAR CARDIAC VALVE REPLACEMENT W/O MCC,20001,PROVIDENCE ALASKA MEDICAL CENTER,3200 PROVIDENCE DRIVE,ANCHORAGE,AK,99508,AK - Anchorage,14,139784.86,54994.0,53664.0,61.21,-149.82
269 - AORTIC AND HEART ASSIST PROCEDURES EXCEPT PULSATION BALLOON W/O MCC,20001,PROVIDENCE ALASKA MEDICAL CENTER,3200 PROVIDENCE DRIVE,ANCHORAGE,AK,99508,AK - Anchorage,13,146388.77,34885.85,33827.92,61.21,-149.82
269 - AORTIC AND HEART ASSIST PROCEDURES EXCEPT PULSATION BALLOON W/O MCC,20017,ALASKA REGIONAL HOSPITAL,2801 DEBARR ROAD,ANCHORAGE,AK,99508,AK - Anchorage,14,219862.0,36940.86,29378.36,61.21,-149.82
270 - OTHER MAJOR CARDIOVASCULAR PROCEDURES W MCC,20001,PROVIDENCE ALASKA MEDICAL CENTER,3200 PROVIDENCE DRIVE,ANCHORAGE,AK,99508,AK - Anchorage,18,296875.94,62841.33,61584.5,61.21,-149.82
273 - PERCUTANEOUS INTRACARDIAC PROCEDURES W MCC,20001,PROVIDENCE ALASKA MEDICAL CENTER,3200 PROVIDENCE DRIVE,ANCHORAGE,AK,99508,AK - Anchorage,15,202233.53,37497.47,31668.67,61.21,-149.82
274 - PERCUTANEOUS INTRACARDIAC PROCEDURES W/O MCC,20001,PROVIDENCE ALASKA MEDICAL CENTER,3200 PROVIDENCE DRIVE,ANCHORAGE,AK,99508,AK - Anchorage,21,154762.9,22283.14,21297.67,61.21,-149.82
"280 - ACUTE MYOCARDIAL INFARCTION, DISCHARGED ALIVE W MCC",20001,PROVIDENCE ALASKA MEDICAL CENTER,3200 PROVIDENCE DRIVE,ANCHORAGE,AK,99508,AK - Anchorage,42,83662.02,16525.95,15389.48,61.21,-149.82
"280 - ACUTE MYOCARDIAL INFARCTION, DISCHARGED ALIVE W MCC",20012,FAIRBANKS MEMORIAL HOSPITAL,1650 COWLES STREET,FAIRBANKS,AK,99701,AK - Anchorage,11,72813.82,25433.82,24273.18,64.6,-147.3
"281 - ACUTE MYOCARDIAL INFARCTION, DISCHARGED ALIVE W CC",20001,PROVIDENCE ALASKA MEDICAL CENTER,3200 PROVIDENCE DRIVE,ANCHORAGE,AK,99508,AK - Anchorage,17,43290.82,11983.59,7876.59,61.21,-149.82
"282 - ACUTE MYOCARDIAL INFARCTION, DISCHARGED ALIVE W/O CC/MCC",20001,PROVIDENCE ALASKA MEDICAL CENTER,3200 PROVIDENCE DRIVE,ANCHORAGE,AK,99508,AK - Anchorage,14,43263.93,7422.43,6458.43,61.21,-149.82
"282 - ACUTE MYOCARDIAL INFARCTION, DISCHARGED ALIVE W/O CC/MCC",20012,FAIRBANKS MEMORIAL HOSPITAL,1650 COWLES STREET,FAIRBANKS,AK,99701,AK - Anchorage,11,46144.27,11152.09,10457.18,64.6,-147.3
"286 - CIRCULATORY DISORDERS EXCEPT AMI, W CARD CATH W MCC",20001,PROVIDENCE ALASKA MEDICAL CENTER,3200 PROVIDENCE DRIVE,ANCHORAGE,AK,99508,AK - Anchorage,17,175849.35,31270.53,30237.82,61.21,-149.82
"287 - CIRCULATORY DISORDERS EXCEPT AMI, W CARD CATH W/O MCC",20001,PROVIDENCE ALASKA MEDICAL CENTER,3200 PROVIDENCE DRIVE,ANCHORAGE,AK,99508,AK - Anchorage,49,60181.35,11203.14,9035.9,61.21,-149.82
"287 - CIRCULATORY DISORDERS EXCEPT AMI, W CARD CATH W/O MCC",20012,FAIRBANKS MEMORIAL HOSPITAL,1650 COWLES STREET,FAIRBANKS,AK,99701,AK - Anchorage,11,69853.82,18156.36,16878.64,64.6,-147.3
291 - HEART FAILURE & SHOCK W MCC,20001,PROVIDENCE ALASKA MEDICAL CENTER,3200 PROVIDENCE DRIVE,ANCHORAGE,AK,99508,AK - Anchorage,69,84579.97,15956.58,14600.93,61.21,-149.82
291 - HEART FAILURE & SHOCK W MCC,20006,MAT-SU REGIONAL MEDICAL CENTER,2500 SOUTH WOODWORTH LOOP,PALMER,AK,99645,AK - Anchorage,32,64665.0,15708.75,14986.91,62.0,-148.0
291 - HEART FAILURE & SHOCK W MCC,20017,ALASKA REGIONAL HOSPITAL,2801 DEBARR ROAD,ANCHORAGE,AK,99508,AK - Anchorage,32,61218.34,11581.0,10513.13,61.21,-149.82
291 - HEART FAILURE & SHOCK W MCC,20026,ALASKA NATIVE MEDICAL CENTER,4315 DIPLOMACY DR,ANCHORAGE,AK,99508,AK - Anchorage,25,74848.32,18595.32,17687.0,61.21,-149.82
292 - HEART FAILURE & SHOCK W CC,20001,PROVIDENCE ALASKA MEDICAL CENTER,3200 PROVIDENCE DRIVE,ANCHORAGE,AK,99508,AK - Anchorage,74,49630.82,9366.36,8178.32,61.21,-149.82
292 - HEART FAILURE & SHOCK W CC,20006,MAT-SU REGIONAL MEDICAL CENTER,2500 SOUTH WOODWORTH LOOP,PALMER,AK,99645,AK - Anchorage,14,46080.0,10295.71,9471.71,62.0,-148.0
292 - HEART FAILURE & SHOCK W CC,20012,FAIRBANKS MEMORIAL HOSPITAL,1650 COWLES STREET,FAIRBANKS,AK,99701,AK - Anchorage,25,37056.32,15119.48,12855.64,64.6,-147.3
292 - HEART FAILURE & SHOCK W CC,20017,ALASKA REGIONAL HOSPITAL,2801 DEBARR ROAD,ANCHORAGE,AK,99508,AK - Anchorage,20,39475.3,7546.15,6273.4,61.21,-149.82
292 - HEART FAILURE & SHOCK W CC,20018,YUKON KUSKOKWIM DELTA REG HOSPITAL,PO BOX 287,BETHEL,AK,99559,AK - Anchorage,14,12188.86,15866.14,14678.14,61.0,-161.0
292 - HEART FAILURE & SHOCK W CC,20024,CENTRAL PENINSULA GENERAL HOSPITAL,250 HOSPITAL PLACE,SOLDOTNA,AK,99669,AK - Anchorage,30,39180.97,14343.13,13619.8,60.4,-150.9
292 - HEART FAILURE & SHOCK W CC,20026,ALASKA NATIVE MEDICAL CENTER,4315 DIPLOMACY DR,ANCHORAGE,AK,99508,AK - Anchorage,25,40950.84,12169.56,11215.6,61.21,-149.82
308 - CARDIAC ARRHYTHMIA & CONDUCTION DISORDERS W MCC,20001,PROVIDENCE ALASKA MEDICAL CENTER,3200 PROVIDENCE DRIVE,ANCHORAGE,AK,99508,AK - Anchorage,35,60774.57,13470.71,11877.11,61.21,-149.82
308 - CARDIAC ARRHYTHMIA & CONDUCTION DISORDERS W MCC,20017,ALASKA REGIONAL HOSPITAL,2801 DEBARR ROAD,ANCHORAGE,AK,99508,AK - Anchorage,12,67242.42,9733.42,8662.42,61.21,-149.82
309 - CARDIAC ARRHYTHMIA & CONDUCTION DISORDERS W CC,20001,PROVIDENCE ALASKA MEDICAL CENTER,3200 PROVIDENCE DRIVE,ANCHORAGE,AK,99508,AK - Anchorage,25,42595.08,7699.04,6442.56,61.21,-149.82
309 - CARDIAC ARRHYTHMIA & CONDUCTION DISORDERS W CC,20006,MAT-SU REGIONAL MEDICAL CENTER,2500 SOUTH WOODWORTH LOOP,PALMER,AK,99645,AK - Anchorage,21,45591.71,8335.14,7299.14,62.0,-148.0
309 - CARDIAC ARRHYTHMIA & CONDUCTION DISORDERS W CC,20017,ALASKA REGIONAL HOSPITAL,2801 DEBARR ROAD,ANCHORAGE,AK,99508,AK - Anchorage,11,34830.0,6470.36,5304.55,61.21,-149.82
309 - CARDIAC ARRHYTHMIA & CONDUCTION DISORDERS W CC,20026,ALASKA NATIVE MEDICAL CENTER,4315 DIPLOMACY DR,ANCHORAGE,AK,99508,AK - Anchorage,13,61738.31,11479.15,10443.15,61.21,-149.82
310 - CARDIAC ARRHYTHMIA & CONDUCTION DISORDERS W/O CC/MCC,20001,PROVIDENCE ALASKA MEDICAL CENTER,3200 PROVIDENCE DRIVE,ANCHORAGE,AK,99508,AK - Anchorage,11,25186.27,5834.45,4846.09,61.21,-149.82
310 - CARDIAC ARRHYTHMIA & CONDUCTION DISORDERS W/O CC/MCC,20006,MAT-SU REGIONAL MEDICAL CENTER,2500 SOUTH WOODWORTH LOOP,PALMER,AK,99645,AK - Anchorage,16,34350.13,8510.94,4182.69,62.0,-148.0
312 - SYNCOPE & COLLAPSE,20001,PROVIDENCE ALASKA MEDICAL CENTER,3200 PROVIDENCE DRIVE,ANCHORAGE,AK,99508,AK - Anchorage,26,45034.85,7668.54,6503.12,61.21,-149.82
312 - SYNCOPE & COLLAPSE,20017,ALASKA REGIONAL HOSPITAL,2801 DEBARR ROAD,ANCHORAGE,AK,99508,AK - Anchorage,13,33198.62,6310.54,5130.23,61.21,-149.82
314 - OTHER CIRCULATORY SYSTEM DIAGNOSES W MCC,20001,PROVIDENCE ALASKA MEDICAL CENTER,3200 PROVIDENCE DRIVE,ANCHORAGE,AK,99508,AK - Anchorage,17,67599.0,17195.29,15901.0,61.21,-149.82
315 - OTHER CIRCULATORY SYSTEM DIAGNOSES W CC,20001,PROVIDENCE ALASKA MEDICAL CENTER,3200 PROVIDENCE DRIVE,ANCHORAGE,AK,99508,AK - Anchorage,11,61029.27,13379.64,7478.82,61.21,-149.82
"326 - STOMACH, ESOPHAGEAL & DUODENAL PROC W MCC",20001,PROVIDENCE ALASKA MEDICAL CENTER,3200 PROVIDENCE DRIVE,ANCHORAGE,AK,99508,AK - Anchorage,23,143914.39,48078.22,46940.04,61.21,-149.82
"327 - STOMACH, ESOPHAGEAL & DUODENAL PROC W CC",20001,PROVIDENCE ALASKA MEDICAL CENTER,3200 PROVIDENCE DRIVE,ANCHORAGE,AK,99508,AK - Anchorage,30,71582.63,23632.7,21641.3,61.21,-149.82
329 - MAJOR SMALL & LARGE BOWEL PROCEDURES W MCC,20001,PROVIDENCE ALASKA MEDICAL CENTER,3200 PROVIDENCE DRIVE,ANCHORAGE,AK,99508,AK - Anchorage,32,226040.16,56431.91,52867.25,61.21,-149.82
329 - MAJOR SMALL & LARGE BOWEL PROCEDURES W MCC,20017,ALASKA REGIONAL HOSPITAL,2801 DEBARR ROAD,ANCHORAGE,AK,99508,AK - Anchorage,13,190361.38,38911.23,37926.92,61.21,-149.82
329 - MAJOR SMALL & LARGE BOWEL PROCEDURES W MCC,20026,ALASKA NATIVE MEDICAL CENTER,4315 DIPLOMACY DR,ANCHORAGE,AK,99508,AK - Anchorage,14,196561.71,59133.86,58037.86,61.21,-149.82
330 - MAJOR SMALL & LARGE BOWEL PROCEDURES W CC,20001,PROVIDENCE ALASKA MEDICAL CENTER,3200 PROVIDENCE DRIVE,ANCHORAGE,AK,99508,AK - Anchorage,41,96649.22,24442.49,23113.51,61.21,-149.82
330 - MAJOR SMALL & LARGE BOWEL PROCEDURES W CC,20017,ALASKA REGIONAL HOSPITAL,2801 DEBARR ROAD,ANCHORAGE,AK,99508,AK - Anchorage,15,145210.6,22900.27,21698.2,61.21,-149.82
330 - MAJOR SMALL & LARGE BOWEL PROCEDURES W CC,20026,ALASKA NATIVE MEDICAL CENTER,4315 DIPLOMACY DR,ANCHORAGE,AK,99508,AK - Anchorage,24,117979.17,30815.88,27254.58,61.21,-149.82
331 - MAJOR SMALL & LARGE BOWEL PROCEDURES W/O CC/MCC,20001,PROVIDENCE ALASKA MEDICAL CENTER,3200 PROVIDENCE DRIVE,ANCHORAGE,AK,99508,AK - Anchorage,13,57357.38,15477.46,12494.15,61.21,-149.82
331 - MAJOR SMALL & LARGE BOWEL PROCEDURES W/O CC/MCC,20017,ALASKA REGIONAL HOSPITAL,2801 DEBARR ROAD,ANCHORAGE,AK,99508,AK - Anchorage,14,101657.93,15110.36,10888.5,61.21,-149.82
356 - OTHER DIGESTIVE SYSTEM O.R. PROCEDURES W MCC,20001,PROVIDENCE ALASKA MEDICAL CENTER,3200 PROVIDENCE DRIVE,ANCHORAGE,AK,99508,AK - Anchorage,15,167044.67,33777.73,32456.93,61.21,-149.82
371 - MAJOR GASTROINTESTINAL DISORDERS & PERITONEAL INFECTIONS W MCC,20001,PROVIDENCE ALASKA MEDICAL CENTER,3200 PROVIDENCE DRIVE,ANCHORAGE,AK,99508,AK - Anchorage,12,71690.5,16495.42,15781.67,61.21,-149.82
377 - G.I. HEMORRHAGE W MCC,20001,PROVIDENCE ALASKA MEDICAL CENTER,3200 PROVIDENCE DRIVE,ANCHORAGE,AK,99508,AK - Anchorage,35,75556.23,19332.09,13515.57,61.21,-149.82
378 - G.I. HEMORRHAGE W CC,20001,PROVIDENCE ALASKA MEDICAL CENTER,3200 PROVIDENCE DRIVE,ANCHORAGE,AK,99508,AK - Anchorage,59,40623.85,10343.2,8010.49,61.21,-149.82
378 - G.I. HEMORRHAGE W CC,20006,MAT-SU REGIONAL MEDICAL CENTER,2500 SOUTH WOODWORTH LOOP,PALMER,AK,99645,AK - Anchorage,22,45256.91,10564.59,9458.59,62.0,-148.0
378 - G.I. HEMORRHAGE W CC,20008,BARTLETT REGIONAL HOSPITAL,3260 HOSPITAL DR,JUNEAU,AK,99801,AK - Anchorage,11,28733.91,11935.55,10998.91,58.0,-134.0
378 - G.I. HEMORRHAGE W CC,20012,FAIRBANKS MEMORIAL HOSPITAL,1650 COWLES STREET,FAIRBANKS,AK,99701,AK - Anchorage,14,27722.86,14684.07,13678.07,64.6,-147.3
378 - G.I. HEMORRHAGE W CC,20017,ALASKA REGIONAL HOSPITAL,2801 DEBARR ROAD,ANCHORAGE,AK,99508,AK - Anchorage,18,42149.61,8062.39,6923.72,61.21,-149.82
378 - G.I. HEMORRHAGE W CC,20026,ALASKA NATIVE MEDICAL CENTER,4315 DIPLOMACY DR,ANCHORAGE,AK,99508,AK - Anchorage,21,37976.24,12434.29,11636.95,61.21,-149.82
389 - G.I. OBSTRUCTION W CC,20001,PROVIDENCE ALASKA MEDICAL CENTER,3200 PROVIDENCE DRIVE,ANCHORAGE,AK,99508,AK - Anchorage,25,37443.64,8414.6,7196.36,61.21,-149.82
389 - G.I. OBSTRUCTION W CC,20026,ALASKA NATIVE MEDICAL CENTER,4315 DIPLOMACY DR,ANCHORAGE,AK,99508,AK - Anchorage,14,46790.5,11085.14,10081.14,61.21,-149.82
390 - G.I. OBSTRUCTION W/O CC/MCC,20001,PROVIDENCE ALASKA MEDICAL CENTER,3200 PROVIDENCE DRIVE,ANCHORAGE,AK,99508,AK - Anchorage,12,29693.58,6949.92,4683.5,61.21,-149.82
390 - G.I. OBSTRUCTION W/O CC/MCC,20017,ALASKA REGIONAL HOSPITAL,2801 DEBARR ROAD,ANCHORAGE,AK,99508,AK - Anchorage,13,25336.85,8559.08,2754.54,61.21,-149.82
"391 - ESOPHAGITIS, GASTROENT & MISC DIGEST DISORDERS W MCC",20001,PROVIDENCE ALASKA MEDICAL CENTER,3200 PROVIDENCE DRIVE,ANCHORAGE,AK,99508,AK - Anchorage,19,61243.68,11830.95,10610.26,61.21,-149.82
"392 - ESOPHAGITIS, GASTROENT & MISC DIGEST DISORDERS W/O MCC",20001,PROVIDENCE ALASKA MEDICAL CENTER,3200 PROVIDENCE DRIVE,ANCHORAGE,AK,99508,AK - Anchorage,47,36734.57,7695.7,6129.21,61.21,-149.82
"392 - ESOPHAGITIS, GASTROENT & MISC DIGEST DISORDERS W/O MCC",20006,MAT-SU REGIONAL MEDICAL CENTER,2500 SOUTH WOODWORTH LOOP,PALMER,AK,99645,AK - Anchorage,29,32804.17,8629.31,6618.28,62.0,-148.0
"392 - ESOPHAGITIS, GASTROENT & MISC DIGEST DISORDERS W/O MCC",20008,BARTLETT REGIONAL HOSPITAL,3260 HOSPITAL DR,JUNEAU,AK,99801,AK - Anchorage,17,26683.06,10353.82,9296.41,58.0,-134.0
"392 - ESOPHAGITIS, GASTROENT & MISC DIGEST DISORDERS W/O MCC",20012,FAIRBANKS MEMORIAL HOSPITAL,1650 COWLES STREET,FAIRBANKS,AK,99701,AK - Anchorage,18,24337.22,10999.22,9132.78,64.6,-147.3
"392 - ESOPHAGITIS, GASTROENT & MISC DIGEST DISORDERS W/O MCC",20017,ALASKA REGIONAL HOSPITAL,2801 DEBARR ROAD,ANCHORAGE,AK,99508,AK - Anchorage,25,31926.2,6799.6,4564.2,61.21,-149.82
"392 - ESOPHAGITIS, GASTROENT & MISC DIGEST DISORDERS W/O MCC",20024,CENTRAL PENINSULA GENERAL HOSPITAL,250 HOSPITAL PLACE,SOLDOTNA,AK,99669,AK - Anchorage,14,25063.07,9656.29,8652.29,60.4,-150.9
"392 - ESOPHAGITIS, GASTROENT & MISC DIGEST DISORDERS W/O MCC",20026,ALASKA NATIVE MEDICAL CENTER,4315 DIPLOMACY DR,ANCHORAGE,AK,99508,AK - Anchorage,19,33619.21,10212.68,8309.21,61.21,-149.82
393 - OTHER DIGESTIVE SYSTEM DIAGNOSES W MCC,20001,PROVIDENCE ALASKA MEDICAL CENTER,3200 PROVIDENCE DRIVE,ANCHORAGE,AK,99508,AK - Anchorage,14,65605.71,15398.21,14328.29,61.21,-149.82
394 - OTHER DIGESTIVE SYSTEM DIAGNOSES W CC,20001,PROVIDENCE ALASKA MEDICAL CENTER,3200 PROVIDENCE DRIVE,ANCHORAGE,AK,99508,AK - Anchorage,13,33800.54,9055.92,8087.62,61.21,-149.82
418 - LAPAROSCOPIC CHOLECYSTECTOMY W/O C.D.E. W CC,20001,PROVIDENCE ALASKA MEDICAL CENTER,3200 PROVIDENCE DRIVE,ANCHORAGE,AK,99508,AK - Anchorage,23,64212.78,15235.91,14056.78,61.21,-149.82
445 - DISORDERS OF THE BILIARY TRACT W CC,20001,PROVIDENCE ALASKA MEDICAL CENTER,3200 PROVIDENCE DRIVE,ANCHORAGE,AK,99508,AK - Anchorage,17,42691.82,9864.88,8805.59,61.21,-149.82
460 - SPINAL FUSION EXCEPT CERVICAL W/O MCC,20001,PROVIDENCE ALASKA MEDICAL CENTER,3200 PROVIDENCE DRIVE,ANCHORAGE,AK,99508,AK - Anchorage,20,113701.8,34916.4,30929.55,61.21,-149.82
460 - SPINAL FUSION EXCEPT CERVICAL W/O MCC,20017,ALASKA REGIONAL HOSPITAL,2801 DEBARR ROAD,ANCHORAGE,AK,99508,AK - Anchorage,98,219545.29,33323.31,31244.79,61.21,-149.82
460 - SPINAL FUSION EXCEPT CERVICAL W/O MCC,20024,CENTRAL PENINSULA GENERAL HOSPITAL,250 HOSPITAL PLACE,SOLDOTNA,AK,99669,AK - Anchorage,35,120360.49,53423.74,52255.71,60.4,-150.9
467 - REVISION OF HIP OR KNEE REPLACEMENT W CC,20017,ALASKA REGIONAL HOSPITAL,2801 DEBARR ROAD,ANCHORAGE,AK,99508,AK - Anchorage,21,125280.19,26905.1,24681.67,61.21,-149.82
468 - REVISION OF HIP OR KNEE REPLACEMENT W/O CC/MCC,20001,PROVIDENCE ALASKA MEDICAL CENTER,3200 PROVIDENCE DRIVE,ANCHORAGE,AK,99508,AK - Anchorage,17,70675.47,23818.24,22686.0,61.21,-149.82
468 - REVISION OF HIP OR KNEE REPLACEMENT W/O CC/MCC,20017,ALASKA REGIONAL HOSPITAL,2801 DEBARR ROAD,ANCHORAGE,AK,99508,AK - Anchorage,31,111493.29,25010.61,18351.94,61.21,-149.82
469 - MAJOR JOINT REPLACEMENT OR REATTACHMENT OF LOWER EXTREMITY W MCC,20001,PROVIDENCE ALASKA MEDICAL CENTER,3200 PROVIDENCE DRIVE,ANCHORAGE,AK,99508,AK - Anchorage,21,139832.14,32715.52,27864.19,61.21,-149.82
470 - MAJOR JOINT REPLACEMENT OR REATTACHMENT OF LOWER EXTREMITY W/O MCC,20001,PROVIDENCE ALASKA MEDICAL CENTER,3200 PROVIDENCE DRIVE,ANCHORAGE,AK,99508,AK - Anchorage,245,63616.5,18857.05,16222.11,61.21,-149.82
470 - MAJOR JOINT REPLACEMENT OR REATTACHMENT OF LOWER EXTREMITY W/O MCC,20006,MAT-SU REGIONAL MEDICAL CENTER,2500 SOUTH WOODWORTH LOOP,PALMER,AK,99645,AK - Anchorage,73,92831.66,23502.3,19980.75,62.0,-148.0
470 - MAJOR JOINT REPLACEMENT OR REATTACHMENT OF LOWER EXTREMITY W/O MCC,20008,BARTLETT REGIONAL HOSPITAL,3260 HOSPITAL DR,JUNEAU,AK,99801,AK - Anchorage,52,54152.0,25537.67,23584.67,58.0,-134.0
470 - MAJOR JOINT REPLACEMENT OR REATTACHMENT OF LOWER EXTREMITY W/O MCC,20012,FAIRBANKS MEMORIAL HOSPITAL,1650 COWLES STREET,FAIRBANKS,AK,99701,AK - Anchorage,78,76570.45,34449.44,27543.63,64.6,-147.3
470 - MAJOR JOINT REPLACEMENT OR REATTACHMENT OF LOWER EXTREMITY W/O MCC,20017,ALASKA REGIONAL HOSPITAL,2801 DEBARR ROAD,ANCHORAGE,AK,99508,AK - Anchorage,331,103520.76,18638.55,14105.02,61.21,-149.82
470 - MAJOR JOINT REPLACEMENT OR REATTACHMENT OF LOWER EXTREMITY W/O MCC,20024,CENTRAL PENINSULA GENERAL HOSPITAL,250 HOSPITAL PLACE,SOLDOTNA,AK,99669,AK - Anchorage,62,76068.45,29446.11,25380.08,60.4,-150.9
470 - MAJOR JOINT REPLACEMENT OR REATTACHMENT OF LOWER EXTREMITY W/O MCC,20026,ALASKA NATIVE MEDICAL CENTER,4315 DIPLOMACY DR,ANCHORAGE,AK,99508,AK - Anchorage,53,92432.53,25250.17,22466.28,61.21,-149.82
472 - CERVICAL SPINAL FUSION W CC,20001,PROVIDENCE ALASKA MEDICAL CENTER,3200 PROVIDENCE DRIVE,ANCHORAGE,AK,99508,AK - Anchorage,15,84003.33,26242.6,25109.53,61.21,-149.82
472 - CERVICAL SPINAL FUSION W CC,20017,ALASKA REGIONAL HOSPITAL,2801 DEBARR ROAD,ANCHORAGE,AK,99508,AK - Anchorage,32,129202.78,27795.0,20587.63,61.21,-149.82
473 - CERVICAL SPINAL FUSION W/O CC/MCC,20001,PROVIDENCE ALASKA MEDICAL CENTER,3200 PROVIDENCE DRIVE,ANCHORAGE,AK,99508,AK - Anchorage,23,60684.17,20209.96,17670.78,61.21,-149.82
473 - CERVICAL SPINAL FUSION W/O CC/MCC,20017,ALASKA REGIONAL HOSPITAL,2801 DEBARR ROAD,ANCHORAGE,AK,99508,AK - Anchorage,31,123936.61,22461.1,15735.68,61.21,-149.82
473 - CERVICAL SPINAL FUSION W/O CC/MCC,20024,CENTRAL PENINSULA GENERAL HOSPITAL,250 HOSPITAL PLACE,SOLDOTNA,AK,99669,AK - Anchorage,12,66494.0,31355.67,30287.0,60.4,-150.9
480 - HIP & FEMUR PROCEDURES EXCEPT MAJOR JOINT W MCC,20001,PROVIDENCE ALASKA MEDICAL CENTER,3200 PROVIDENCE DRIVE,ANCHORAGE,AK,99508,AK - Anchorage,14,139079.93,29615.29,28363.86,61.21,-149.82
480 - HIP & FEMUR PROCEDURES EXCEPT MAJOR JOINT W MCC,20026,ALASKA NATIVE MEDICAL CENTER,4315 DIPLOMACY DR,ANCHORAGE,AK,99508,AK - Anchorage,13,140148.69,39605.38,30936.0,61.21,-149.82
481 - HIP & FEMUR PROCEDURES EXCEPT MAJOR JOINT W CC,20001,PROVIDENCE ALASKA MEDICAL CENTER,3200 PROVIDENCE DRIVE,ANCHORAGE,AK,99508,AK - Anchorage,32,80146.31,17636.09,16046.53,61.21,-149.82
481 - HIP & FEMUR PROCEDURES EXCEPT MAJOR JOINT W CC,20006,MAT-SU REGIONAL MEDICAL CENTER,2500 SOUTH WOODWORTH LOOP,PALMER,AK,99645,AK - Anchorage,14,107565.86,21001.79,19905.79,62.0,-148.0
481 - HIP & FEMUR PROCEDURES EXCEPT MAJOR JOINT W CC,20012,FAIRBANKS MEMORIAL HOSPITAL,1650 COWLES STREET,FAIRBANKS,AK,99701,AK - Anchorage,13,66573.69,29460.92,28179.38,64.6,-147.3
481 - HIP & FEMUR PROCEDURES EXCEPT MAJOR JOINT W CC,20017,ALASKA REGIONAL HOSPITAL,2801 DEBARR ROAD,ANCHORAGE,AK,99508,AK - Anchorage,14,114363.93,18309.86,16565.86,61.21,-149.82
481 - HIP & FEMUR PROCEDURES EXCEPT MAJOR JOINT W CC,20026,ALASKA NATIVE MEDICAL CENTER,4315 DIPLOMACY DR,ANCHORAGE,AK,99508,AK - Anchorage,16,97527.25,23056.94,21935.19,61.21,-149.82
482 - HIP & FEMUR PROCEDURES EXCEPT MAJOR JOINT W/O CC/MCC,20026,ALASKA NATIVE MEDICAL CENTER,4315 DIPLOMACY DR,ANCHORAGE,AK,99508,AK - Anchorage,11,67856.36,19189.18,18025.91,61.21,-149.82
483 - MAJOR JOINT/LIMB REATTACHMENT PROCEDURE OF UPPER EXTREMITIES,20001,PROVIDENCE ALASKA MEDICAL CENTER,3200 PROVIDENCE DRIVE,ANCHORAGE,AK,99508,AK - Anchorage,72,69312.92,21313.56,19535.6,61.21,-149.82
483 - MAJOR JOINT/LIMB REATTACHMENT PROCEDURE OF UPPER EXTREMITIES,20006,MAT-SU REGIONAL MEDICAL CENTER,2500 SOUTH WOODWORTH LOOP,PALMER,AK,99645,AK - Anchorage,14,146655.86,25638.07,24354.07,62.0,-148.0
483 - MAJOR JOINT/LIMB REATTACHMENT PROCEDURE OF UPPER EXTREMITIES,20017,ALASKA REGIONAL HOSPITAL,2801 DEBARR ROAD,ANCHORAGE,AK,99508,AK - Anchorage,16,122970.81,18778.56,17656.81,61.21,-149.82
"493 - LOWER EXTREM & HUMER PROC EXCEPT HIP,FOOT,FEMUR W CC",20001,PROVIDENCE ALASKA MEDICAL CENTER,3200 PROVIDENCE DRIVE,ANCHORAGE,AK,99508,AK - Anchorage,17,87533.18,19485.53,18170.47,61.21,-149.82
"494 - LOWER EXTREM & HUMER PROC EXCEPT HIP,FOOT,FEMUR W/O CC/MCC",20001,PROVIDENCE ALASKA MEDICAL CENTER,3200 PROVIDENCE DRIVE,ANCHORAGE,AK,99508,AK - Anchorage,11,67172.36,15116.55,11800.91,61.21,-149.82
517 - OTHER MUSCULOSKELET SYS & CONN TISS O.R. PROC W/O CC/MCC,20017,ALASKA REGIONAL HOSPITAL,2801 DEBARR ROAD,ANCHORAGE,AK,99508,AK - Anchorage,12,59332.92,13186.5,11665.42,61.21,-149.82
552 - MEDICAL BACK PROBLEMS W/O MCC,20001,PROVIDENCE ALASKA MEDICAL CENTER,3200 PROVIDENCE DRIVE,ANCHORAGE,AK,99508,AK - Anchorage,15,44250.53,14407.07,6318.27,61.21,-149.82
552 - MEDICAL BACK PROBLEMS W/O MCC,20006,MAT-SU REGIONAL MEDICAL CENTER,2500 SOUTH WOODWORTH LOOP,PALMER,AK,99645,AK - Anchorage,11,49903.64,9189.82,7906.91,62.0,-148.0
603 - CELLULITIS W/O MCC,20001,PROVIDENCE ALASKA MEDICAL CENTER,3200 PROVIDENCE DRIVE,ANCHORAGE,AK,99508,AK - Anchorage,34,29769.41,7954.56,6805.5,61.21,-149.82
603 - CELLULITIS W/O MCC,20006,MAT-SU REGIONAL MEDICAL CENTER,2500 SOUTH WOODWORTH LOOP,PALMER,AK,99645,AK - Anchorage,30,40547.8,8949.33,7968.4,62.0,-148.0
603 - CELLULITIS W/O MCC,20008,BARTLETT REGIONAL HOSPITAL,3260 HOSPITAL DR,JUNEAU,AK,99801,AK - Anchorage,13,26060.15,10249.69,9166.31,58.0,-134.0
603 - CELLULITIS W/O MCC,20012,FAIRBANKS MEMORIAL HOSPITAL,1650 COWLES STREET,FAIRBANKS,AK,99701,AK - Anchorage,14,32977.0,15370.5,9842.79,64.6,-147.3
603 - CELLULITIS W/O MCC,20017,ALASKA REGIONAL HOSPITAL,2801 DEBARR ROAD,ANCHORAGE,AK,99508,AK - Anchorage,15,37325.73,6915.73,5805.07,61.21,-149.82
603 - CELLULITIS W/O MCC,20018,YUKON KUSKOKWIM DELTA REG HOSPITAL,PO BOX 287,BETHEL,AK,99559,AK - Anchorage,18,17811.39,14370.33,13160.11,61.0,-161.0
603 - CELLULITIS W/O MCC,20024,CENTRAL PENINSULA GENERAL HOSPITAL,250 HOSPITAL PLACE,SOLDOTNA,AK,99669,AK - Anchorage,20,38669.25,11352.0,10202.6,60.4,-150.9
603 - CELLULITIS W/O MCC,20026,ALASKA NATIVE MEDICAL CENTER,4315 DIPLOMACY DR,ANCHORAGE,AK,99508,AK - Anchorage,13,35687.54,10802.69,9717.15,61.21,-149.82
638 - DIABETES W CC,20001,PROVIDENCE ALASKA MEDICAL CENTER,3200 PROVIDENCE DRIVE,ANCHORAGE,AK,99508,AK - Anchorage,23,48561.78,8373.61,6879.78,61.21,-149.82
"640 - MISC DISORDERS OF NUTRITION,METABOLISM,FLUIDS/ELECTROLYTES W MCC",20001,PROVIDENCE ALASKA MEDICAL CENTER,3200 PROVIDENCE DRIVE,ANCHORAGE,AK,99508,AK - Anchorage,42,51560.71,10672.4,9670.79,61.21,-149.82
"641 - MISC DISORDERS OF NUTRITION,METABOLISM,FLUIDS/ELECTROLYTES W/O MCC",20001,PROVIDENCE ALASKA MEDICAL CENTER,3200 PROVIDENCE DRIVE,ANCHORAGE,AK,99508,AK - Anchorage,35,36568.43,7220.09,6220.2,61.21,-149.82
"641 - MISC DISORDERS OF NUTRITION,METABOLISM,FLUIDS/ELECTROLYTES W/O MCC",20006,MAT-SU REGIONAL MEDICAL CENTER,2500 SOUTH WOODWORTH LOOP,PALMER,AK,99645,AK - Anchorage,13,34633.46,7671.54,6693.69,62.0,-148.0
"641 - MISC DISORDERS OF NUTRITION,METABOLISM,FLUIDS/ELECTROLYTES W/O MCC",20017,ALASKA REGIONAL HOSPITAL,2801 DEBARR ROAD,ANCHORAGE,AK,99508,AK - Anchorage,13,42083.38,6195.85,5405.31,61.21,-149.82
"641 - MISC DISORDERS OF NUTRITION,METABOLISM,FLUIDS/ELECTROLYTES W/O MCC",20024,CENTRAL PENINSULA GENERAL HOSPITAL,250 HOSPITAL PLACE,SOLDOTNA,AK,99669,AK - Anchorage,12,20642.67,8798.58,7949.25,60.4,-150.9
"641 - MISC DISORDERS OF NUTRITION,METABOLISM,FLUIDS/ELECTROLYTES W/O MCC",20026,ALASKA NATIVE MEDICAL CENTER,4315 DIPLOMACY DR,ANCHORAGE,AK,99508,AK - Anchorage,15,32879.4,9934.13,8000.07,61.21,-149.82
660 - KIDNEY & URETER PROCEDURES FOR NON-NEOPLASM W CC,20001,PROVIDENCE ALASKA MEDICAL CENTER,3200 PROVIDENCE DRIVE,ANCHORAGE,AK,99508,AK - Anchorage,16,71808.81,16917.81,15691.88,61.21,-149.82
682 - RENAL FAILURE W MCC,20001,PROVIDENCE ALASKA MEDICAL CENTER,3200 PROVIDENCE DRIVE,ANCHORAGE,AK,99508,AK - Anchorage,47,91761.0,16012.21,14168.68,61.21,-149.82
682 - RENAL FAILURE W MCC,20006,MAT-SU REGIONAL MEDICAL CENTER,2500 SOUTH WOODWORTH LOOP,PALMER,AK,99645,AK - Anchorage,20,56579.35,16470.65,15700.65,62.0,-148.0
682 - RENAL FAILURE W MCC,20017,ALASKA REGIONAL HOSPITAL,2801 DEBARR ROAD,ANCHORAGE,AK,99508,AK - Anchorage,15,65393.8,11849.87,10825.07,61.21,-149.82
683 - RENAL FAILURE W CC,20001,PROVIDENCE ALASKA MEDICAL CENTER,3200 PROVIDENCE DRIVE,ANCHORAGE,AK,99508,AK - Anchorage,47,44340.49,8906.38,7813.28,61.21,-149.82
683 - RENAL FAILURE W CC,20006,MAT-SU REGIONAL MEDICAL CENTER,2500 SOUTH WOODWORTH LOOP,PALMER,AK,99645,AK - Anchorage,16,40462.5,9981.63,9264.13,62.0,-148.0
683 - RENAL FAILURE W CC,20012,FAIRBANKS MEMORIAL HOSPITAL,1650 COWLES STREET,FAIRBANKS,AK,99701,AK - Anchorage,17,37241.18,15664.35,14682.71,64.6,-147.3
683 - RENAL FAILURE W CC,20017,ALASKA REGIONAL HOSPITAL,2801 DEBARR ROAD,ANCHORAGE,AK,99508,AK - Anchorage,18,34655.78,7633.89,6853.0,61.21,-149.82
683 - RENAL FAILURE W CC,20026,ALASKA NATIVE MEDICAL CENTER,4315 DIPLOMACY DR,ANCHORAGE,AK,99508,AK - Anchorage,13,35900.77,11511.69,10822.46,61.21,-149.82
689 - KIDNEY & URINARY TRACT INFECTIONS W MCC,20001,PROVIDENCE ALASKA MEDICAL CENTER,3200 PROVIDENCE DRIVE,ANCHORAGE,AK,99508,AK - Anchorage,11,46888.45,10183.91,9236.27,61.21,-149.82
689 - KIDNEY & URINARY TRACT INFECTIONS W MCC,20006,MAT-SU REGIONAL MEDICAL CENTER,2500 SOUTH WOODWORTH LOOP,PALMER,AK,99645,AK - Anchorage,28,50843.93,12726.04,11814.04,62.0,-148.0
690 - KIDNEY & URINARY TRACT INFECTIONS W/O MCC,20001,PROVIDENCE ALASKA MEDICAL CENTER,3200 PROVIDENCE DRIVE,ANCHORAGE,AK,99508,AK - Anchorage,49,37992.69,7693.49,6676.84,61.21,-149.82
690 - KIDNEY & URINARY TRACT INFECTIONS W/O MCC,20006,MAT-SU REGIONAL MEDICAL CENTER,2500 SOUTH WOODWORTH LOOP,PALMER,AK,99645,AK - Anchorage,39,28819.59,8397.41,7336.13,62.0,-148.0
690 - KIDNEY & URINARY TRACT INFECTIONS W/O MCC,20008,BARTLETT REGIONAL HOSPITAL,3260 HOSPITAL DR,JUNEAU,AK,99801,AK - Anchorage,14,21446.5,9306.79,8302.79,58.0,-134.0
690 - KIDNEY & URINARY TRACT INFECTIONS W/O MCC,20012,FAIRBANKS MEMORIAL HOSPITAL,1650 COWLES STREET,FAIRBANKS,AK,99701,AK - Anchorage,13,29676.31,11558.08,10474.69,64.6,-147.3
690 - KIDNEY & URINARY TRACT INFECTIONS W/O MCC,20017,ALASKA REGIONAL HOSPITAL,2801 DEBARR ROAD,ANCHORAGE,AK,99508,AK - Anchorage,11,40189.18,6171.73,4829.27,61.21,-149.82
690 - KIDNEY & URINARY TRACT INFECTIONS W/O MCC,20018,YUKON KUSKOKWIM DELTA REG HOSPITAL,PO BOX 287,BETHEL,AK,99559,AK - Anchorage,14,17142.64,13338.57,12242.57,61.0,-161.0
690 - KIDNEY & URINARY TRACT INFECTIONS W/O MCC,20024,CENTRAL PENINSULA GENERAL HOSPITAL,250 HOSPITAL PLACE,SOLDOTNA,AK,99669,AK - Anchorage,20,23288.05,9851.7,8958.5,60.4,-150.9
698 - OTHER KIDNEY & URINARY TRACT DIAGNOSES W MCC,20001,PROVIDENCE ALASKA MEDICAL CENTER,3200 PROVIDENCE DRIVE,ANCHORAGE,AK,99508,AK - Anchorage,18,79345.78,14864.17,13681.06,61.21,-149.82
698 - OTHER KIDNEY & URINARY TRACT DIAGNOSES W MCC,20017,ALASKA REGIONAL HOSPITAL,2801 DEBARR ROAD,ANCHORAGE,AK,99508,AK - Anchorage,12,58987.33,12065.67,11104.33,61.21,-149.82
708 - MAJOR MALE PELVIC PROCEDURES W/O CC/MCC,20001,PROVIDENCE ALASKA MEDICAL CENTER,3200 PROVIDENCE DRIVE,ANCHORAGE,AK,99508,AK - Anchorage,12,70641.58,12000.0,10683.33,61.21,-149.82
812 - RED BLOOD CELL DISORDERS W/O MCC,20001,PROVIDENCE ALASKA MEDICAL CENTER,3200 PROVIDENCE DRIVE,ANCHORAGE,AK,99508,AK - Anchorage,19,46651.32,9248.16,8325.84,61.21,-149.82
853 - INFECTIOUS & PARASITIC DISEASES W O.R. PROCEDURE W MCC,20001,PROVIDENCE ALASKA MEDICAL CENTER,3200 PROVIDENCE DRIVE,ANCHORAGE,AK,99508,AK - Anchorage,63,211695.08,51638.48,49433.52,61.21,-149.82
853 - INFECTIOUS & PARASITIC DISEASES W O.R. PROCEDURE W MCC,20006,MAT-SU REGIONAL MEDICAL CENTER,2500 SOUTH WOODWORTH LOOP,PALMER,AK,99645,AK - Anchorage,18,235618.28,58282.72,57217.06,62.0,-148.0
853 - INFECTIOUS & PARASITIC DISEASES W O.R. PROCEDURE W MCC,20017,ALASKA REGIONAL HOSPITAL,2801 DEBARR ROAD,ANCHORAGE,AK,99508,AK - Anchorage,21,264846.1,49233.86,43581.19,61.21,-149.82
853 - INFECTIOUS & PARASITIC DISEASES W O.R. PROCEDURE W MCC,20026,ALASKA NATIVE MEDICAL CENTER,4315 DIPLOMACY DR,ANCHORAGE,AK,99508,AK - Anchorage,28,239584.79,70069.25,62018.61,61.21,-149.82
854 - INFECTIOUS & PARASITIC DISEASES W O.R. PROCEDURE W CC,20001,PROVIDENCE ALASKA MEDICAL CENTER,3200 PROVIDENCE DRIVE,ANCHORAGE,AK,99508,AK - Anchorage,16,97734.0,20909.94,19740.69,61.21,-149.82
863 - POSTOPERATIVE & POST-TRAUMATIC INFECTIONS W/O MCC,20001,PROVIDENCE ALASKA MEDICAL CENTER,3200 PROVIDENCE DRIVE,ANCHORAGE,AK,99508,AK - Anchorage,11,49502.91,9580.45,8581.18,61.21,-149.82
870 - SEPTICEMIA OR SEVERE SEPSIS W MV >96 HOURS,20001,PROVIDENCE ALASKA MEDICAL CENTER,3200 PROVIDENCE DRIVE,ANCHORAGE,AK,99508,AK - Anchorage,14,283837.43,69887.79,53601.0,61.21,-149.82
870 - SEPTICEMIA OR SEVERE SEPSIS W MV >96 HOURS,20026,ALASKA NATIVE MEDICAL CENTER,4315 DIPLOMACY DR,ANCHORAGE,AK,99508,AK - Anchorage,14,254810.07,72116.36,71294.43,61.21,-149.82
871 - SEPTICEMIA OR SEVERE SEPSIS W/O MV >96 HOURS W MCC,20001,PROVIDENCE ALASKA MEDICAL CENTER,3200 PROVIDENCE DRIVE,ANCHORAGE,AK,99508,AK - Anchorage,234,86352.82,18756.71,15990.07,61.21,-149.82
871 - SEPTICEMIA OR SEVERE SEPSIS W/O MV >96 HOURS W MCC,20006,MAT-SU REGIONAL MEDICAL CENTER,2500 SOUTH WOODWORTH LOOP,PALMER,AK,99645,AK - Anchorage,91,77344.1,19430.73,18343.33,62.0,-148.0
871 - SEPTICEMIA OR SEVERE SEPSIS W/O MV >96 HOURS W MCC,20008,BARTLETT REGIONAL HOSPITAL,3260 HOSPITAL DR,JUNEAU,AK,99801,AK - Anchorage,27,50245.04,23480.96,22471.41,58.0,-134.0
871 - SEPTICEMIA OR SEVERE SEPSIS W/O MV >96 HOURS W MCC,20012,FAIRBANKS MEMORIAL HOSPITAL,1650 COWLES STREET,FAIRBANKS,AK,99701,AK - Anchorage,31,37722.58,26418.03,25345.0,64.6,-147.3
871 - SEPTICEMIA OR SEVERE SEPSIS W/O MV >96 HOURS W MCC,20017,ALASKA REGIONAL HOSPITAL,2801 DEBARR ROAD,ANCHORAGE,AK,99508,AK - Anchorage,76,77964.7,14319.88,12706.03,61.21,-149.82
871 - SEPTICEMIA OR SEVERE SEPSIS W/O MV >96 HOURS W MCC,20024,CENTRAL PENINSULA GENERAL HOSPITAL,250 HOSPITAL PLACE,SOLDOTNA,AK,99669,AK - Anchorage,62,52691.24,24860.02,23825.84,60.4,-150.9
871 - SEPTICEMIA OR SEVERE SEPSIS W/O MV >96 HOURS W MCC,20026,ALASKA NATIVE MEDICAL CENTER,4315 DIPLOMACY DR,ANCHORAGE,AK,99508,AK - Anchorage,181,72283.48,22071.46,21159.06,61.21,-149.82
872 - SEPTICEMIA OR SEVERE SEPSIS W/O MV >96 HOURS W/O MCC,20001,PROVIDENCE ALASKA MEDICAL CENTER,3200 PROVIDENCE DRIVE,ANCHORAGE,AK,99508,AK - Anchorage,80,45406.98,9985.76,8340.23,61.21,-149.82
872 - SEPTICEMIA OR SEVERE SEPSIS W/O MV >96 HOURS W/O MCC,20006,MAT-SU REGIONAL MEDICAL CENTER,2500 SOUTH WOODWORTH LOOP,PALMER,AK,99645,AK - Anchorage,32,46007.28,11065.44,10025.94,62.0,-148.0
872 - SEPTICEMIA OR SEVERE SEPSIS W/O MV >96 HOURS W/O MCC,20008,BARTLETT REGIONAL HOSPITAL,3260 HOSPITAL DR,JUNEAU,AK,99801,AK - Anchorage,15,29497.33,13508.67,12308.27,58.0,-134.0
872 - SEPTICEMIA OR SEVERE SEPSIS W/O MV >96 HOURS W/O MCC,20012,FAIRBANKS MEMORIAL HOSPITAL,1650 COWLES STREET,FAIRBANKS,AK,99701,AK - Anchorage,16,28500.56,15379.63,14259.63,64.6,-147.3
872 - SEPTICEMIA OR SEVERE SEPSIS W/O MV >96 HOURS W/O MCC,20017,ALASKA REGIONAL HOSPITAL,2801 DEBARR ROAD,ANCHORAGE,AK,99508,AK - Anchorage,30,55011.8,8882.93,7818.93,61.21,-149.82
872 - SEPTICEMIA OR SEVERE SEPSIS W/O MV >96 HOURS W/O MCC,20024,CENTRAL PENINSULA GENERAL HOSPITAL,250 HOSPITAL PLACE,SOLDOTNA,AK,99669,AK - Anchorage,30,34543.17,13707.8,12728.73,60.4,-150.9
872 - SEPTICEMIA OR SEVERE SEPSIS W/O MV >96 HOURS W/O MCC,20026,ALASKA NATIVE MEDICAL CENTER,4315 DIPLOMACY DR,ANCHORAGE,AK,99508,AK - Anchorage,49,43053.67,12838.45,11738.45,61.21,-149.82
881 - DEPRESSIVE NEUROSES,20012,FAIRBANKS MEMORIAL HOSPITAL,1650 COWLES STREET,FAIRBANKS,AK,99701,AK - Anchorage,16,34255.88,11096.56,9561.25,64.6,-147.3
884 - ORGANIC DISTURBANCES & INTELLECTUAL DISABILITY,20001,PROVIDENCE ALASKA MEDICAL CENTER,3200 PROVIDENCE DRIVE,ANCHORAGE,AK,99508,AK - Anchorage,16,118597.63,21852.94,14434.19,61.21,-149.82
885 - PSYCHOSES,20001,PROVIDENCE ALASKA MEDICAL CENTER,3200 PROVIDENCE DRIVE,ANCHORAGE,AK,99508,AK - Anchorage,53,72357.94,11581.75,10140.0,61.21,-149.82
885 - PSYCHOSES,20008,BARTLETT REGIONAL HOSPITAL,3260 HOSPITAL DR,JUNEAU,AK,99801,AK - Anchorage,13,43714.77,17541.92,16081.69,58.0,-134.0
885 - PSYCHOSES,20012,FAIRBANKS MEMORIAL HOSPITAL,1650 COWLES STREET,FAIRBANKS,AK,99701,AK - Anchorage,52,57877.1,22449.94,21446.0,64.6,-147.3
897 - ALCOHOL/DRUG ABUSE OR DEPENDENCE W/O REHABILITATION THERAPY W/O MCC,20001,PROVIDENCE ALASKA MEDICAL CENTER,3200 PROVIDENCE DRIVE,ANCHORAGE,AK,99508,AK - Anchorage,19,41320.47,7224.16,6167.53,61.21,-149.82
917 - POISONING & TOXIC EFFECTS OF DRUGS W MCC,20001,PROVIDENCE ALASKA MEDICAL CENTER,3200 PROVIDENCE DRIVE,ANCHORAGE,AK,99508,AK - Anchorage,26,62285.35,13970.38,12100.0,61.21,-149.82
917 - POISONING & TOXIC EFFECTS OF DRUGS W MCC,20026,ALASKA NATIVE MEDICAL CENTER,4315 DIPLOMACY DR,ANCHORAGE,AK,99508,AK - Anchorage,13,45500.85,16843.46,15956.08,61.21,-149.82
918 - POISONING & TOXIC EFFECTS OF DRUGS W/O MCC,20001,PROVIDENCE ALASKA MEDICAL CENTER,3200 PROVIDENCE DRIVE,ANCHORAGE,AK,99508,AK - Anchorage,17,54830.47,7728.18,6288.76,61.21,-149.82
919 - COMPLICATIONS OF TREATMENT W MCC,20001,PROVIDENCE ALASKA MEDICAL CENTER,3200 PROVIDENCE DRIVE,ANCHORAGE,AK,99508,AK - Anchorage,16,77338.5,17269.06,16103.5,61.21,-149.82
920 - COMPLICATIONS OF TREATMENT W CC,20001,PROVIDENCE ALASKA MEDICAL CENTER,3200 PROVIDENCE DRIVE,ANCHORAGE,AK,99508,AK - Anchorage,11,35314.82,9889.73,7708.36,61.21,-149.82
948 - SIGNS & SYMPTOMS W/O MCC,20001,PROVIDENCE ALASKA MEDICAL CENTER,3200 PROVIDENCE DRIVE,ANCHORAGE,AK,99508,AK - Anchorage,16,55924.94,9391.81,8179.75,61.21,-149.82
981 - EXTENSIVE O.R. PROCEDURE UNRELATED TO PRINCIPAL DIAGNOSIS W MCC,20001,PROVIDENCE ALASKA MEDICAL CENTER,3200 PROVIDENCE DRIVE,ANCHORAGE,AK,99508,AK - Anchorage,41,157026.22,45892.02,43636.98,61.21,-149.82
