DRG Definition,Provider Id,Provider Name,Provider Street Address,Provider City,Provider State,Provider Zip Code,Hospital Referral Region (HRR) Description,Total Discharges,Average Covered Charges,Average Total Payments,Average Medicare Payments,lat,lon
"003 - ECMO OR TRACH W MV >96 HRS OR PDX EXC FACE, MOUTH & NECK W MAJ O.R.",80004,BAYHEALTH - KENT GENERAL HOSPITAL,640 S STATE STREET,DOVER,DE,19901,DE - Wilmington,13,238705.46,100084.62,98494.38,39.2,-75.5
025 - CRANIOTOMY & ENDOVASCULAR INTRACRANIAL PROCEDURES W MCC,80004,BAYHEALTH - KENT GENERAL HOSPITAL,640 S STATE STREET,DOVER,DE,19901,DE - Wilmington,15,100518.4,26209.6,25216.4,39.2,-75.5
039 - EXTRACRANIAL PROCEDURES W/O CC/MCC,80004,BAYHEALTH - KENT GENERAL HOSPITAL,640 S STATE STREET,DOVER,DE,19901,DE - Wilmington,17,28591.0,7096.0,6033.53,39.2,-75.5
039 - EXTRACRANIAL PROCEDURES W/O CC/MCC,80007,BEEBE MEDICAL CENTER,424 SAVANNAH RD,LEWES,DE,19958,MD - Salisbury,88,39638.78,7702.38,5255.55,38.7,-75.2
054 - NERVOUS SYSTEM NEOPLASMS W MCC,80004,BAYHEALTH - KENT GENERAL HOSPITAL,640 S STATE STREET,DOVER,DE,19901,DE - Wilmington,11,32115.82,8548.0,7357.82,39.2,-75.5
057 - DEGENERATIVE NERVOUS SYSTEM DISORDERS W/O MCC,80007,BEEBE MEDICAL CENTER,424 SAVANNAH RD,LEWES,DE,19958,MD - Salisbury,11,20881.55,6673.09,5324.73,38.7,-75.2
064 - INTRACRANIAL HEMORRHAGE OR CEREBRAL INFARCTION W MCC,80004,BAYHEALTH - KENT GENERAL HOSPITAL,640 S STATE STREET,DOVER,DE,19901,DE - Wilmington,68,41514.65,12787.69,10783.03,39.2,-75.5
064 - INTRACRANIAL HEMORRHAGE OR CEREBRAL INFARCTION W MCC,80006,NANTICOKE MEMORIAL HOSPITAL,801 MIDDLEFORD RD,SEAFORD,DE,19973,MD - Salisbury,19,27907.89,12669.68,10343.63,38.6,-75.6
064 - INTRACRANIAL HEMORRHAGE OR CEREBRAL INFARCTION W MCC,80007,BEEBE MEDICAL CENTER,424 SAVANNAH RD,LEWES,DE,19958,MD - Salisbury,40,42768.75,12748.35,9669.08,38.7,-75.2
064 - INTRACRANIAL HEMORRHAGE OR CEREBRAL INFARCTION W MCC,80009,BAYHEALTH - MILFORD MEMORIAL HOSPITAL,21 WEST CLARKE AVENUE,MILFORD,DE,19963,MD - Salisbury,28,37785.21,10421.18,8637.79,38.9,-75.4
065 - INTRACRANIAL HEMORRHAGE OR CEREBRAL INFARCTION W CC OR TPA IN 24 HRS,80003,ST FRANCIS HOSPITAL,7TH AND CLAYTON STS,WILMINGTON,DE,19805,DE - Wilmington,33,33107.39,8556.48,6500.39,39.75,-75.59
065 - INTRACRANIAL HEMORRHAGE OR CEREBRAL INFARCTION W CC OR TPA IN 24 HRS,80004,BAYHEALTH - KENT GENERAL HOSPITAL,640 S STATE STREET,DOVER,DE,19901,DE - Wilmington,102,26936.24,6960.4,5849.37,39.2,-75.5
065 - INTRACRANIAL HEMORRHAGE OR CEREBRAL INFARCTION W CC OR TPA IN 24 HRS,80006,NANTICOKE MEMORIAL HOSPITAL,801 MIDDLEFORD RD,SEAFORD,DE,19973,MD - Salisbury,49,22734.59,7557.98,6298.35,38.6,-75.6
065 - INTRACRANIAL HEMORRHAGE OR CEREBRAL INFARCTION W CC OR TPA IN 24 HRS,80007,BEEBE MEDICAL CENTER,424 SAVANNAH RD,LEWES,DE,19958,MD - Salisbury,86,25737.83,6975.31,5086.71,38.7,-75.2
065 - INTRACRANIAL HEMORRHAGE OR CEREBRAL INFARCTION W CC OR TPA IN 24 HRS,80009,BAYHEALTH - MILFORD MEMORIAL HOSPITAL,21 WEST CLARKE AVENUE,MILFORD,DE,19963,MD - Salisbury,44,28608.77,6664.52,5233.43,38.9,-75.4
066 - INTRACRANIAL HEMORRHAGE OR CEREBRAL INFARCTION W/O CC/MCC,80003,ST FRANCIS HOSPITAL,7TH AND CLAYTON STS,WILMINGTON,DE,19805,DE - Wilmington,13,22497.85,6092.38,4904.85,39.75,-75.59
066 - INTRACRANIAL HEMORRHAGE OR CEREBRAL INFARCTION W/O CC/MCC,80004,BAYHEALTH - KENT GENERAL HOSPITAL,640 S STATE STREET,DOVER,DE,19901,DE - Wilmington,54,24009.56,5959.44,3921.94,39.2,-75.5
066 - INTRACRANIAL HEMORRHAGE OR CEREBRAL INFARCTION W/O CC/MCC,80006,NANTICOKE MEMORIAL HOSPITAL,801 MIDDLEFORD RD,SEAFORD,DE,19973,MD - Salisbury,17,21023.0,5552.71,4348.71,38.6,-75.6
066 - INTRACRANIAL HEMORRHAGE OR CEREBRAL INFARCTION W/O CC/MCC,80007,BEEBE MEDICAL CENTER,424 SAVANNAH RD,LEWES,DE,19958,MD - Salisbury,27,20823.41,5409.26,3417.19,38.7,-75.2
069 - TRANSIENT ISCHEMIA,80004,BAYHEALTH - KENT GENERAL HOSPITAL,640 S STATE STREET,DOVER,DE,19901,DE - Wilmington,51,21015.59,5262.98,3798.94,39.2,-75.5
069 - TRANSIENT ISCHEMIA,80006,NANTICOKE MEMORIAL HOSPITAL,801 MIDDLEFORD RD,SEAFORD,DE,19973,MD - Salisbury,46,15031.78,5586.2,4280.63,38.6,-75.6
069 - TRANSIENT ISCHEMIA,80007,BEEBE MEDICAL CENTER,424 SAVANNAH RD,LEWES,DE,19958,MD - Salisbury,18,19541.89,4772.22,3546.0,38.7,-75.2
070 - NONSPECIFIC CEREBROVASCULAR DISORDERS W MCC,80007,BEEBE MEDICAL CENTER,424 SAVANNAH RD,LEWES,DE,19958,MD - Salisbury,53,37113.72,10177.55,8945.81,38.7,-75.2
071 - NONSPECIFIC CEREBROVASCULAR DISORDERS W CC,80004,BAYHEALTH - KENT GENERAL HOSPITAL,640 S STATE STREET,DOVER,DE,19901,DE - Wilmington,17,23956.35,6212.29,5581.71,39.2,-75.5
071 - NONSPECIFIC CEREBROVASCULAR DISORDERS W CC,80007,BEEBE MEDICAL CENTER,424 SAVANNAH RD,LEWES,DE,19958,MD - Salisbury,98,26705.56,6611.85,5158.52,38.7,-75.2
"086 - TRAUMATIC STUPOR & COMA, COMA <1 HR W CC",80004,BAYHEALTH - KENT GENERAL HOSPITAL,640 S STATE STREET,DOVER,DE,19901,DE - Wilmington,19,26596.05,7086.74,6249.32,39.2,-75.5
"087 - TRAUMATIC STUPOR & COMA, COMA <1 HR W/O CC/MCC",80004,BAYHEALTH - KENT GENERAL HOSPITAL,640 S STATE STREET,DOVER,DE,19901,DE - Wilmington,19,18826.32,6015.89,4180.11,39.2,-75.5
091 - OTHER DISORDERS OF NERVOUS SYSTEM W MCC,80007,BEEBE MEDICAL CENTER,424 SAVANNAH RD,LEWES,DE,19958,MD - Salisbury,17,41498.24,10281.06,8915.18,38.7,-75.2
092 - OTHER DISORDERS OF NERVOUS SYSTEM W CC,80004,BAYHEALTH - KENT GENERAL HOSPITAL,640 S STATE STREET,DOVER,DE,19901,DE - Wilmington,14,25228.71,6171.29,5302.43,39.2,-75.5
092 - OTHER DISORDERS OF NERVOUS SYSTEM W CC,80006,NANTICOKE MEMORIAL HOSPITAL,801 MIDDLEFORD RD,SEAFORD,DE,19973,MD - Salisbury,11,18885.73,6539.09,5724.55,38.6,-75.6
092 - OTHER DISORDERS OF NERVOUS SYSTEM W CC,80007,BEEBE MEDICAL CENTER,424 SAVANNAH RD,LEWES,DE,19958,MD - Salisbury,30,25428.17,5961.33,4756.2,38.7,-75.2
100 - SEIZURES W MCC,80004,BAYHEALTH - KENT GENERAL HOSPITAL,640 S STATE STREET,DOVER,DE,19901,DE - Wilmington,13,30977.08,10175.23,8958.69,39.2,-75.5
101 - SEIZURES W/O MCC,80004,BAYHEALTH - KENT GENERAL HOSPITAL,640 S STATE STREET,DOVER,DE,19901,DE - Wilmington,17,18580.41,6670.18,4156.12,39.2,-75.5
101 - SEIZURES W/O MCC,80006,NANTICOKE MEMORIAL HOSPITAL,801 MIDDLEFORD RD,SEAFORD,DE,19973,MD - Salisbury,19,13099.79,6153.79,4644.58,38.6,-75.6
101 - SEIZURES W/O MCC,80007,BEEBE MEDICAL CENTER,424 SAVANNAH RD,LEWES,DE,19958,MD - Salisbury,11,21007.0,5100.64,3697.18,38.7,-75.2
164 - MAJOR CHEST PROCEDURES W CC,80004,BAYHEALTH - KENT GENERAL HOSPITAL,640 S STATE STREET,DOVER,DE,19901,DE - Wilmington,13,95421.85,21963.0,20825.31,39.2,-75.5
166 - OTHER RESP SYSTEM O.R. PROCEDURES W MCC,80007,BEEBE MEDICAL CENTER,424 SAVANNAH RD,LEWES,DE,19958,MD - Salisbury,13,68616.31,21227.54,19399.77,38.7,-75.2
175 - PULMONARY EMBOLISM W MCC,80004,BAYHEALTH - KENT GENERAL HOSPITAL,640 S STATE STREET,DOVER,DE,19901,DE - Wilmington,17,34186.12,9631.0,8526.47,39.2,-75.5
175 - PULMONARY EMBOLISM W MCC,80007,BEEBE MEDICAL CENTER,424 SAVANNAH RD,LEWES,DE,19958,MD - Salisbury,26,52167.15,11477.65,9971.88,38.7,-75.2
176 - PULMONARY EMBOLISM W/O MCC,80004,BAYHEALTH - KENT GENERAL HOSPITAL,640 S STATE STREET,DOVER,DE,19901,DE - Wilmington,35,22794.09,6323.63,5307.69,39.2,-75.5
176 - PULMONARY EMBOLISM W/O MCC,80007,BEEBE MEDICAL CENTER,424 SAVANNAH RD,LEWES,DE,19958,MD - Salisbury,33,24896.03,6016.36,4690.42,38.7,-75.2
177 - RESPIRATORY INFECTIONS & INFLAMMATIONS W MCC,80004,BAYHEALTH - KENT GENERAL HOSPITAL,640 S STATE STREET,DOVER,DE,19901,DE - Wilmington,34,38070.88,12310.68,10905.32,39.2,-75.5
177 - RESPIRATORY INFECTIONS & INFLAMMATIONS W MCC,80006,NANTICOKE MEMORIAL HOSPITAL,801 MIDDLEFORD RD,SEAFORD,DE,19973,MD - Salisbury,27,22004.3,13066.37,12214.96,38.6,-75.6
177 - RESPIRATORY INFECTIONS & INFLAMMATIONS W MCC,80007,BEEBE MEDICAL CENTER,424 SAVANNAH RD,LEWES,DE,19958,MD - Salisbury,106,46614.76,12279.6,10812.54,38.7,-75.2
177 - RESPIRATORY INFECTIONS & INFLAMMATIONS W MCC,80009,BAYHEALTH - MILFORD MEMORIAL HOSPITAL,21 WEST CLARKE AVENUE,MILFORD,DE,19963,MD - Salisbury,14,45263.43,11822.21,10770.21,38.9,-75.4
178 - RESPIRATORY INFECTIONS & INFLAMMATIONS W CC,80004,BAYHEALTH - KENT GENERAL HOSPITAL,640 S STATE STREET,DOVER,DE,19901,DE - Wilmington,19,22390.21,8532.58,7455.0,39.2,-75.5
178 - RESPIRATORY INFECTIONS & INFLAMMATIONS W CC,80007,BEEBE MEDICAL CENTER,424 SAVANNAH RD,LEWES,DE,19958,MD - Salisbury,39,28135.28,8665.28,6694.69,38.7,-75.2
180 - RESPIRATORY NEOPLASMS W MCC,80004,BAYHEALTH - KENT GENERAL HOSPITAL,640 S STATE STREET,DOVER,DE,19901,DE - Wilmington,14,53988.86,14731.21,14007.07,39.2,-75.5
180 - RESPIRATORY NEOPLASMS W MCC,80006,NANTICOKE MEMORIAL HOSPITAL,801 MIDDLEFORD RD,SEAFORD,DE,19973,MD - Salisbury,14,27955.14,12238.36,11324.36,38.6,-75.6
184 - MAJOR CHEST TRAUMA W CC,80007,BEEBE MEDICAL CENTER,424 SAVANNAH RD,LEWES,DE,19958,MD - Salisbury,11,16764.73,6548.18,5005.64,38.7,-75.2
186 - PLEURAL EFFUSION W MCC,80004,BAYHEALTH - KENT GENERAL HOSPITAL,640 S STATE STREET,DOVER,DE,19901,DE - Wilmington,11,48142.55,13663.27,12888.0,39.2,-75.5
189 - PULMONARY EDEMA & RESPIRATORY FAILURE,80004,BAYHEALTH - KENT GENERAL HOSPITAL,640 S STATE STREET,DOVER,DE,19901,DE - Wilmington,115,31620.3,8999.57,7427.99,39.2,-75.5
189 - PULMONARY EDEMA & RESPIRATORY FAILURE,80006,NANTICOKE MEMORIAL HOSPITAL,801 MIDDLEFORD RD,SEAFORD,DE,19973,MD - Salisbury,102,19014.45,9085.51,7832.64,38.6,-75.6
189 - PULMONARY EDEMA & RESPIRATORY FAILURE,80007,BEEBE MEDICAL CENTER,424 SAVANNAH RD,LEWES,DE,19958,MD - Salisbury,182,30095.29,8477.52,6731.78,38.7,-75.2
189 - PULMONARY EDEMA & RESPIRATORY FAILURE,80009,BAYHEALTH - MILFORD MEMORIAL HOSPITAL,21 WEST CLARKE AVENUE,MILFORD,DE,19963,MD - Salisbury,45,31276.44,9157.98,7405.78,38.9,-75.4
190 - CHRONIC OBSTRUCTIVE PULMONARY DISEASE W MCC,80003,ST FRANCIS HOSPITAL,7TH AND CLAYTON STS,WILMINGTON,DE,19805,DE - Wilmington,17,33885.0,8890.53,7417.41,39.75,-75.59
190 - CHRONIC OBSTRUCTIVE PULMONARY DISEASE W MCC,80004,BAYHEALTH - KENT GENERAL HOSPITAL,640 S STATE STREET,DOVER,DE,19901,DE - Wilmington,162,28708.03,7970.98,6810.15,39.2,-75.5
190 - CHRONIC OBSTRUCTIVE PULMONARY DISEASE W MCC,80006,NANTICOKE MEMORIAL HOSPITAL,801 MIDDLEFORD RD,SEAFORD,DE,19973,MD - Salisbury,33,19629.58,9485.52,6890.91,38.6,-75.6
190 - CHRONIC OBSTRUCTIVE PULMONARY DISEASE W MCC,80007,BEEBE MEDICAL CENTER,424 SAVANNAH RD,LEWES,DE,19958,MD - Salisbury,75,29017.71,7616.56,6129.59,38.7,-75.2
190 - CHRONIC OBSTRUCTIVE PULMONARY DISEASE W MCC,80009,BAYHEALTH - MILFORD MEMORIAL HOSPITAL,21 WEST CLARKE AVENUE,MILFORD,DE,19963,MD - Salisbury,49,28096.67,7929.69,6021.57,38.9,-75.4
191 - CHRONIC OBSTRUCTIVE PULMONARY DISEASE W CC,80003,ST FRANCIS HOSPITAL,7TH AND CLAYTON STS,WILMINGTON,DE,19805,DE - Wilmington,25,28488.8,8306.72,7134.16,39.75,-75.59
191 - CHRONIC OBSTRUCTIVE PULMONARY DISEASE W CC,80004,BAYHEALTH - KENT GENERAL HOSPITAL,640 S STATE STREET,DOVER,DE,19901,DE - Wilmington,60,23720.47,6529.05,5380.72,39.2,-75.5
191 - CHRONIC OBSTRUCTIVE PULMONARY DISEASE W CC,80006,NANTICOKE MEMORIAL HOSPITAL,801 MIDDLEFORD RD,SEAFORD,DE,19973,MD - Salisbury,20,14972.15,6466.55,5640.55,38.6,-75.6
191 - CHRONIC OBSTRUCTIVE PULMONARY DISEASE W CC,80007,BEEBE MEDICAL CENTER,424 SAVANNAH RD,LEWES,DE,19958,MD - Salisbury,39,23632.62,6064.1,4777.95,38.7,-75.2
191 - CHRONIC OBSTRUCTIVE PULMONARY DISEASE W CC,80009,BAYHEALTH - MILFORD MEMORIAL HOSPITAL,21 WEST CLARKE AVENUE,MILFORD,DE,19963,MD - Salisbury,12,30003.67,6147.25,4868.58,38.9,-75.4
192 - CHRONIC OBSTRUCTIVE PULMONARY DISEASE W/O CC/MCC,80004,BAYHEALTH - KENT GENERAL HOSPITAL,640 S STATE STREET,DOVER,DE,19901,DE - Wilmington,41,18184.37,6305.24,3514.51,39.2,-75.5
192 - CHRONIC OBSTRUCTIVE PULMONARY DISEASE W/O CC/MCC,80007,BEEBE MEDICAL CENTER,424 SAVANNAH RD,LEWES,DE,19958,MD - Salisbury,18,19501.39,5702.22,3274.83,38.7,-75.2
193 - SIMPLE PNEUMONIA & PLEURISY W MCC,80003,ST FRANCIS HOSPITAL,7TH AND CLAYTON STS,WILMINGTON,DE,19805,DE - Wilmington,23,43081.43,11395.57,10106.65,39.75,-75.59
193 - SIMPLE PNEUMONIA & PLEURISY W MCC,80004,BAYHEALTH - KENT GENERAL HOSPITAL,640 S STATE STREET,DOVER,DE,19901,DE - Wilmington,179,34710.95,10179.46,8705.59,39.2,-75.5
193 - SIMPLE PNEUMONIA & PLEURISY W MCC,80006,NANTICOKE MEMORIAL HOSPITAL,801 MIDDLEFORD RD,SEAFORD,DE,19973,MD - Salisbury,61,20265.59,10126.77,8959.41,38.6,-75.6
193 - SIMPLE PNEUMONIA & PLEURISY W MCC,80007,BEEBE MEDICAL CENTER,424 SAVANNAH RD,LEWES,DE,19958,MD - Salisbury,136,31543.2,9501.42,7363.65,38.7,-75.2
193 - SIMPLE PNEUMONIA & PLEURISY W MCC,80009,BAYHEALTH - MILFORD MEMORIAL HOSPITAL,21 WEST CLARKE AVENUE,MILFORD,DE,19963,MD - Salisbury,89,33799.66,9057.2,7649.82,38.9,-75.4
194 - SIMPLE PNEUMONIA & PLEURISY W CC,80003,ST FRANCIS HOSPITAL,7TH AND CLAYTON STS,WILMINGTON,DE,19805,DE - Wilmington,17,29195.65,7518.47,6006.59,39.75,-75.59
194 - SIMPLE PNEUMONIA & PLEURISY W CC,80004,BAYHEALTH - KENT GENERAL HOSPITAL,640 S STATE STREET,DOVER,DE,19901,DE - Wilmington,92,23582.95,6674.51,5546.2,39.2,-75.5
194 - SIMPLE PNEUMONIA & PLEURISY W CC,80006,NANTICOKE MEMORIAL HOSPITAL,801 MIDDLEFORD RD,SEAFORD,DE,19973,MD - Salisbury,15,12455.2,7248.0,6135.47,38.6,-75.6
194 - SIMPLE PNEUMONIA & PLEURISY W CC,80007,BEEBE MEDICAL CENTER,424 SAVANNAH RD,LEWES,DE,19958,MD - Salisbury,66,20799.29,6371.83,4738.26,38.7,-75.2
194 - SIMPLE PNEUMONIA & PLEURISY W CC,80009,BAYHEALTH - MILFORD MEMORIAL HOSPITAL,21 WEST CLARKE AVENUE,MILFORD,DE,19963,MD - Salisbury,23,22513.22,5995.52,4935.17,38.9,-75.4
195 - SIMPLE PNEUMONIA & PLEURISY W/O CC/MCC,80004,BAYHEALTH - KENT GENERAL HOSPITAL,640 S STATE STREET,DOVER,DE,19901,DE - Wilmington,28,16650.18,4916.75,3837.96,39.2,-75.5
195 - SIMPLE PNEUMONIA & PLEURISY W/O CC/MCC,80006,NANTICOKE MEMORIAL HOSPITAL,801 MIDDLEFORD RD,SEAFORD,DE,19973,MD - Salisbury,11,11144.0,5121.45,3846.18,38.6,-75.6
195 - SIMPLE PNEUMONIA & PLEURISY W/O CC/MCC,80007,BEEBE MEDICAL CENTER,424 SAVANNAH RD,LEWES,DE,19958,MD - Salisbury,21,17591.48,6007.95,3105.52,38.7,-75.2
202 - BRONCHITIS & ASTHMA W CC/MCC,80004,BAYHEALTH - KENT GENERAL HOSPITAL,640 S STATE STREET,DOVER,DE,19901,DE - Wilmington,26,21641.81,6113.08,5098.19,39.2,-75.5
202 - BRONCHITIS & ASTHMA W CC/MCC,80006,NANTICOKE MEMORIAL HOSPITAL,801 MIDDLEFORD RD,SEAFORD,DE,19973,MD - Salisbury,13,14281.46,6538.69,5556.54,38.6,-75.6
202 - BRONCHITIS & ASTHMA W CC/MCC,80007,BEEBE MEDICAL CENTER,424 SAVANNAH RD,LEWES,DE,19958,MD - Salisbury,11,18464.36,5865.64,4541.64,38.7,-75.2
203 - BRONCHITIS & ASTHMA W/O CC/MCC,80004,BAYHEALTH - KENT GENERAL HOSPITAL,640 S STATE STREET,DOVER,DE,19901,DE - Wilmington,11,17464.55,4706.45,3634.73,39.2,-75.5
207 - RESPIRATORY SYSTEM DIAGNOSIS W VENTILATOR SUPPORT >96 HOURS,80004,BAYHEALTH - KENT GENERAL HOSPITAL,640 S STATE STREET,DOVER,DE,19901,DE - Wilmington,27,151222.26,50333.52,41828.11,39.2,-75.5
207 - RESPIRATORY SYSTEM DIAGNOSIS W VENTILATOR SUPPORT >96 HOURS,80007,BEEBE MEDICAL CENTER,424 SAVANNAH RD,LEWES,DE,19958,MD - Salisbury,18,156797.33,39231.61,36789.17,38.7,-75.2
208 - RESPIRATORY SYSTEM DIAGNOSIS W VENTILATOR SUPPORT <=96 HOURS,80004,BAYHEALTH - KENT GENERAL HOSPITAL,640 S STATE STREET,DOVER,DE,19901,DE - Wilmington,69,53319.88,16053.97,13870.78,39.2,-75.5
208 - RESPIRATORY SYSTEM DIAGNOSIS W VENTILATOR SUPPORT <=96 HOURS,80006,NANTICOKE MEMORIAL HOSPITAL,801 MIDDLEFORD RD,SEAFORD,DE,19973,MD - Salisbury,14,42325.36,15825.07,15026.07,38.6,-75.6
208 - RESPIRATORY SYSTEM DIAGNOSIS W VENTILATOR SUPPORT <=96 HOURS,80007,BEEBE MEDICAL CENTER,424 SAVANNAH RD,LEWES,DE,19958,MD - Salisbury,47,71958.64,18220.94,14293.36,38.7,-75.2
208 - RESPIRATORY SYSTEM DIAGNOSIS W VENTILATOR SUPPORT <=96 HOURS,80009,BAYHEALTH - MILFORD MEMORIAL HOSPITAL,21 WEST CLARKE AVENUE,MILFORD,DE,19963,MD - Salisbury,26,53800.69,14112.23,13218.35,38.9,-75.4
220 - CARDIAC VALVE & OTH MAJ CARDIOTHORACIC PROC W/O CARD CATH W CC,80004,BAYHEALTH - KENT GENERAL HOSPITAL,640 S STATE STREET,DOVER,DE,19901,DE - Wilmington,19,117068.32,33064.16,31807.89,39.2,-75.5
234 - CORONARY BYPASS W CARDIAC CATH W/O MCC,80004,BAYHEALTH - KENT GENERAL HOSPITAL,640 S STATE STREET,DOVER,DE,19901,DE - Wilmington,17,135417.18,34688.41,33412.59,39.2,-75.5
234 - CORONARY BYPASS W CARDIAC CATH W/O MCC,80007,BEEBE MEDICAL CENTER,424 SAVANNAH RD,LEWES,DE,19958,MD - Salisbury,35,177949.17,45407.54,39517.14,38.7,-75.2
236 - CORONARY BYPASS W/O CARDIAC CATH W/O MCC,80004,BAYHEALTH - KENT GENERAL HOSPITAL,640 S STATE STREET,DOVER,DE,19901,DE - Wilmington,25,101228.28,27621.32,22426.2,39.2,-75.5
236 - CORONARY BYPASS W/O CARDIAC CATH W/O MCC,80007,BEEBE MEDICAL CENTER,424 SAVANNAH RD,LEWES,DE,19958,MD - Salisbury,21,133987.05,30730.43,25560.14,38.7,-75.2
242 - PERMANENT CARDIAC PACEMAKER IMPLANT W MCC,80004,BAYHEALTH - KENT GENERAL HOSPITAL,640 S STATE STREET,DOVER,DE,19901,DE - Wilmington,22,86886.27,24956.09,23851.45,39.2,-75.5
243 - PERMANENT CARDIAC PACEMAKER IMPLANT W CC,80004,BAYHEALTH - KENT GENERAL HOSPITAL,640 S STATE STREET,DOVER,DE,19901,DE - Wilmington,19,75426.32,18760.05,17780.26,39.2,-75.5
243 - PERMANENT CARDIAC PACEMAKER IMPLANT W CC,80007,BEEBE MEDICAL CENTER,424 SAVANNAH RD,LEWES,DE,19958,MD - Salisbury,19,72297.11,16741.95,15290.53,38.7,-75.2
244 - PERMANENT CARDIAC PACEMAKER IMPLANT W/O CC/MCC,80004,BAYHEALTH - KENT GENERAL HOSPITAL,640 S STATE STREET,DOVER,DE,19901,DE - Wilmington,12,45041.0,13738.42,12541.08,39.2,-75.5
244 - PERMANENT CARDIAC PACEMAKER IMPLANT W/O CC/MCC,80007,BEEBE MEDICAL CENTER,424 SAVANNAH RD,LEWES,DE,19958,MD - Salisbury,14,63205.79,15603.29,11628.14,38.7,-75.2
246 - PERC CARDIOVASC PROC W DRUG-ELUTING STENT W MCC OR 4+ VESSELS/STENTS,80004,BAYHEALTH - KENT GENERAL HOSPITAL,640 S STATE STREET,DOVER,DE,19901,DE - Wilmington,39,78853.79,22572.44,20273.33,39.2,-75.5
246 - PERC CARDIOVASC PROC W DRUG-ELUTING STENT W MCC OR 4+ VESSELS/STENTS,80006,NANTICOKE MEMORIAL HOSPITAL,801 MIDDLEFORD RD,SEAFORD,DE,19973,MD - Salisbury,39,56749.1,25280.59,21176.31,38.6,-75.6
246 - PERC CARDIOVASC PROC W DRUG-ELUTING STENT W MCC OR 4+ VESSELS/STENTS,80007,BEEBE MEDICAL CENTER,424 SAVANNAH RD,LEWES,DE,19958,MD - Salisbury,34,105615.74,26029.21,20877.91,38.7,-75.2
247 - PERC CARDIOVASC PROC W DRUG-ELUTING STENT W/O MCC,80003,ST FRANCIS HOSPITAL,7TH AND CLAYTON STS,WILMINGTON,DE,19805,DE - Wilmington,11,80343.18,15643.45,14064.27,39.75,-75.59
247 - PERC CARDIOVASC PROC W DRUG-ELUTING STENT W/O MCC,80004,BAYHEALTH - KENT GENERAL HOSPITAL,640 S STATE STREET,DOVER,DE,19901,DE - Wilmington,72,60842.6,14334.81,12412.43,39.2,-75.5
247 - PERC CARDIOVASC PROC W DRUG-ELUTING STENT W/O MCC,80006,NANTICOKE MEMORIAL HOSPITAL,801 MIDDLEFORD RD,SEAFORD,DE,19973,MD - Salisbury,26,48988.81,15127.0,13946.73,38.6,-75.6
247 - PERC CARDIOVASC PROC W DRUG-ELUTING STENT W/O MCC,80007,BEEBE MEDICAL CENTER,424 SAVANNAH RD,LEWES,DE,19958,MD - Salisbury,88,74454.24,15524.24,11809.27,38.7,-75.2
252 - OTHER VASCULAR PROCEDURES W MCC,80004,BAYHEALTH - KENT GENERAL HOSPITAL,640 S STATE STREET,DOVER,DE,19901,DE - Wilmington,20,90158.8,28059.6,27074.15,39.2,-75.5
252 - OTHER VASCULAR PROCEDURES W MCC,80007,BEEBE MEDICAL CENTER,424 SAVANNAH RD,LEWES,DE,19958,MD - Salisbury,17,109430.0,27153.71,25469.94,38.7,-75.2
253 - OTHER VASCULAR PROCEDURES W CC,80006,NANTICOKE MEMORIAL HOSPITAL,801 MIDDLEFORD RD,SEAFORD,DE,19973,MD - Salisbury,13,45133.15,19811.15,16021.46,38.6,-75.6
253 - OTHER VASCULAR PROCEDURES W CC,80007,BEEBE MEDICAL CENTER,424 SAVANNAH RD,LEWES,DE,19958,MD - Salisbury,12,70283.58,19617.58,15266.17,38.7,-75.2
254 - OTHER VASCULAR PROCEDURES W/O CC/MCC,80004,BAYHEALTH - KENT GENERAL HOSPITAL,640 S STATE STREET,DOVER,DE,19901,DE - Wilmington,18,55438.39,11610.0,10526.72,39.2,-75.5
254 - OTHER VASCULAR PROCEDURES W/O CC/MCC,80007,BEEBE MEDICAL CENTER,424 SAVANNAH RD,LEWES,DE,19958,MD - Salisbury,12,57885.58,14910.17,10295.5,38.7,-75.2
269 - AORTIC AND HEART ASSIST PROCEDURES EXCEPT PULSATION BALLOON W/O MCC,80007,BEEBE MEDICAL CENTER,424 SAVANNAH RD,LEWES,DE,19958,MD - Salisbury,18,108426.78,27176.22,22717.28,38.7,-75.2
270 - OTHER MAJOR CARDIOVASCULAR PROCEDURES W MCC,80007,BEEBE MEDICAL CENTER,424 SAVANNAH RD,LEWES,DE,19958,MD - Salisbury,15,142663.53,40144.07,32613.8,38.7,-75.2
"280 - ACUTE MYOCARDIAL INFARCTION, DISCHARGED ALIVE W MCC",80004,BAYHEALTH - KENT GENERAL HOSPITAL,640 S STATE STREET,DOVER,DE,19901,DE - Wilmington,56,35204.48,10718.41,9757.63,39.2,-75.5
"280 - ACUTE MYOCARDIAL INFARCTION, DISCHARGED ALIVE W MCC",80006,NANTICOKE MEMORIAL HOSPITAL,801 MIDDLEFORD RD,SEAFORD,DE,19973,MD - Salisbury,27,21832.07,12138.81,11186.81,38.6,-75.6
"280 - ACUTE MYOCARDIAL INFARCTION, DISCHARGED ALIVE W MCC",80007,BEEBE MEDICAL CENTER,424 SAVANNAH RD,LEWES,DE,19958,MD - Salisbury,57,44415.18,11869.4,10202.21,38.7,-75.2
"280 - ACUTE MYOCARDIAL INFARCTION, DISCHARGED ALIVE W MCC",80009,BAYHEALTH - MILFORD MEMORIAL HOSPITAL,21 WEST CLARKE AVENUE,MILFORD,DE,19963,MD - Salisbury,33,32220.73,9332.91,8634.61,38.9,-75.4
"281 - ACUTE MYOCARDIAL INFARCTION, DISCHARGED ALIVE W CC",80004,BAYHEALTH - KENT GENERAL HOSPITAL,640 S STATE STREET,DOVER,DE,19901,DE - Wilmington,39,30765.72,7351.97,5711.74,39.2,-75.5
"281 - ACUTE MYOCARDIAL INFARCTION, DISCHARGED ALIVE W CC",80006,NANTICOKE MEMORIAL HOSPITAL,801 MIDDLEFORD RD,SEAFORD,DE,19973,MD - Salisbury,16,16979.13,7355.75,6477.25,38.6,-75.6
"281 - ACUTE MYOCARDIAL INFARCTION, DISCHARGED ALIVE W CC",80007,BEEBE MEDICAL CENTER,424 SAVANNAH RD,LEWES,DE,19958,MD - Salisbury,23,34442.61,6971.39,5199.83,38.7,-75.2
"281 - ACUTE MYOCARDIAL INFARCTION, DISCHARGED ALIVE W CC",80009,BAYHEALTH - MILFORD MEMORIAL HOSPITAL,21 WEST CLARKE AVENUE,MILFORD,DE,19963,MD - Salisbury,14,21296.36,5476.57,4930.57,38.9,-75.4
"282 - ACUTE MYOCARDIAL INFARCTION, DISCHARGED ALIVE W/O CC/MCC",80004,BAYHEALTH - KENT GENERAL HOSPITAL,640 S STATE STREET,DOVER,DE,19901,DE - Wilmington,28,24239.18,5279.0,4118.14,39.2,-75.5
"286 - CIRCULATORY DISORDERS EXCEPT AMI, W CARD CATH W MCC",80004,BAYHEALTH - KENT GENERAL HOSPITAL,640 S STATE STREET,DOVER,DE,19901,DE - Wilmington,15,40341.0,15456.27,11699.4,39.2,-75.5
"286 - CIRCULATORY DISORDERS EXCEPT AMI, W CARD CATH W MCC",80007,BEEBE MEDICAL CENTER,424 SAVANNAH RD,LEWES,DE,19958,MD - Salisbury,23,53274.74,15272.09,13642.65,38.7,-75.2
"287 - CIRCULATORY DISORDERS EXCEPT AMI, W CARD CATH W/O MCC",80004,BAYHEALTH - KENT GENERAL HOSPITAL,640 S STATE STREET,DOVER,DE,19901,DE - Wilmington,17,30013.12,7697.47,6686.59,39.2,-75.5
"287 - CIRCULATORY DISORDERS EXCEPT AMI, W CARD CATH W/O MCC",80006,NANTICOKE MEMORIAL HOSPITAL,801 MIDDLEFORD RD,SEAFORD,DE,19973,MD - Salisbury,19,21140.79,8135.37,7125.89,38.6,-75.6
"287 - CIRCULATORY DISORDERS EXCEPT AMI, W CARD CATH W/O MCC",80007,BEEBE MEDICAL CENTER,424 SAVANNAH RD,LEWES,DE,19958,MD - Salisbury,52,32037.17,8049.02,5756.63,38.7,-75.2
291 - HEART FAILURE & SHOCK W MCC,80003,ST FRANCIS HOSPITAL,7TH AND CLAYTON STS,WILMINGTON,DE,19805,DE - Wilmington,24,31704.5,11106.58,9829.33,39.75,-75.59
291 - HEART FAILURE & SHOCK W MCC,80004,BAYHEALTH - KENT GENERAL HOSPITAL,640 S STATE STREET,DOVER,DE,19901,DE - Wilmington,179,29190.78,9947.12,9071.29,39.2,-75.5
291 - HEART FAILURE & SHOCK W MCC,80006,NANTICOKE MEMORIAL HOSPITAL,801 MIDDLEFORD RD,SEAFORD,DE,19973,MD - Salisbury,126,19408.07,10554.63,9607.98,38.6,-75.6
291 - HEART FAILURE & SHOCK W MCC,80007,BEEBE MEDICAL CENTER,424 SAVANNAH RD,LEWES,DE,19958,MD - Salisbury,175,31929.95,9707.3,7838.45,38.7,-75.2
291 - HEART FAILURE & SHOCK W MCC,80009,BAYHEALTH - MILFORD MEMORIAL HOSPITAL,21 WEST CLARKE AVENUE,MILFORD,DE,19963,MD - Salisbury,88,36389.63,9757.47,8763.95,38.9,-75.4
292 - HEART FAILURE & SHOCK W CC,80003,ST FRANCIS HOSPITAL,7TH AND CLAYTON STS,WILMINGTON,DE,19805,DE - Wilmington,44,27902.43,7556.16,6186.18,39.75,-75.59
292 - HEART FAILURE & SHOCK W CC,80004,BAYHEALTH - KENT GENERAL HOSPITAL,640 S STATE STREET,DOVER,DE,19901,DE - Wilmington,112,19906.43,6471.47,5763.91,39.2,-75.5
292 - HEART FAILURE & SHOCK W CC,80006,NANTICOKE MEMORIAL HOSPITAL,801 MIDDLEFORD RD,SEAFORD,DE,19973,MD - Salisbury,78,12693.21,7788.94,5782.0,38.6,-75.6
292 - HEART FAILURE & SHOCK W CC,80007,BEEBE MEDICAL CENTER,424 SAVANNAH RD,LEWES,DE,19958,MD - Salisbury,103,23022.12,6574.56,4712.33,38.7,-75.2
292 - HEART FAILURE & SHOCK W CC,80009,BAYHEALTH - MILFORD MEMORIAL HOSPITAL,21 WEST CLARKE AVENUE,MILFORD,DE,19963,MD - Salisbury,44,25032.0,6074.95,5101.95,38.9,-75.4
293 - HEART FAILURE & SHOCK W/O CC/MCC,80003,ST FRANCIS HOSPITAL,7TH AND CLAYTON STS,WILMINGTON,DE,19805,DE - Wilmington,13,17932.69,5548.46,4365.62,39.75,-75.59
293 - HEART FAILURE & SHOCK W/O CC/MCC,80004,BAYHEALTH - KENT GENERAL HOSPITAL,640 S STATE STREET,DOVER,DE,19901,DE - Wilmington,33,15225.88,4732.64,3812.09,39.2,-75.5
293 - HEART FAILURE & SHOCK W/O CC/MCC,80006,NANTICOKE MEMORIAL HOSPITAL,801 MIDDLEFORD RD,SEAFORD,DE,19973,MD - Salisbury,25,11374.68,5027.48,4152.76,38.6,-75.6
293 - HEART FAILURE & SHOCK W/O CC/MCC,80007,BEEBE MEDICAL CENTER,424 SAVANNAH RD,LEWES,DE,19958,MD - Salisbury,24,15138.75,4318.83,3129.67,38.7,-75.2
299 - PERIPHERAL VASCULAR DISORDERS W MCC,80004,BAYHEALTH - KENT GENERAL HOSPITAL,640 S STATE STREET,DOVER,DE,19901,DE - Wilmington,16,22603.88,9043.63,8283.63,39.2,-75.5
300 - PERIPHERAL VASCULAR DISORDERS W CC,80004,BAYHEALTH - KENT GENERAL HOSPITAL,640 S STATE STREET,DOVER,DE,19901,DE - Wilmington,29,22992.59,6438.45,5692.28,39.2,-75.5
300 - PERIPHERAL VASCULAR DISORDERS W CC,80007,BEEBE MEDICAL CENTER,424 SAVANNAH RD,LEWES,DE,19958,MD - Salisbury,23,21995.09,6200.83,5171.26,38.7,-75.2
300 - PERIPHERAL VASCULAR DISORDERS W CC,80009,BAYHEALTH - MILFORD MEMORIAL HOSPITAL,21 WEST CLARKE AVENUE,MILFORD,DE,19963,MD - Salisbury,11,23030.55,6294.45,5245.73,38.9,-75.4
305 - HYPERTENSION W/O MCC,80004,BAYHEALTH - KENT GENERAL HOSPITAL,640 S STATE STREET,DOVER,DE,19901,DE - Wilmington,16,18169.81,4660.06,3756.06,39.2,-75.5
308 - CARDIAC ARRHYTHMIA & CONDUCTION DISORDERS W MCC,80003,ST FRANCIS HOSPITAL,7TH AND CLAYTON STS,WILMINGTON,DE,19805,DE - Wilmington,13,39560.31,9966.23,8590.08,39.75,-75.59
308 - CARDIAC ARRHYTHMIA & CONDUCTION DISORDERS W MCC,80004,BAYHEALTH - KENT GENERAL HOSPITAL,640 S STATE STREET,DOVER,DE,19901,DE - Wilmington,74,27699.42,8993.22,8029.66,39.2,-75.5
308 - CARDIAC ARRHYTHMIA & CONDUCTION DISORDERS W MCC,80006,NANTICOKE MEMORIAL HOSPITAL,801 MIDDLEFORD RD,SEAFORD,DE,19973,MD - Salisbury,32,17973.72,9097.66,7725.34,38.6,-75.6
308 - CARDIAC ARRHYTHMIA & CONDUCTION DISORDERS W MCC,80007,BEEBE MEDICAL CENTER,424 SAVANNAH RD,LEWES,DE,19958,MD - Salisbury,40,33202.45,9368.38,6970.13,38.7,-75.2
308 - CARDIAC ARRHYTHMIA & CONDUCTION DISORDERS W MCC,80009,BAYHEALTH - MILFORD MEMORIAL HOSPITAL,21 WEST CLARKE AVENUE,MILFORD,DE,19963,MD - Salisbury,13,28391.62,7553.46,6472.23,38.9,-75.4
309 - CARDIAC ARRHYTHMIA & CONDUCTION DISORDERS W CC,80003,ST FRANCIS HOSPITAL,7TH AND CLAYTON STS,WILMINGTON,DE,19805,DE - Wilmington,11,27357.91,6427.73,4864.0,39.75,-75.59
309 - CARDIAC ARRHYTHMIA & CONDUCTION DISORDERS W CC,80004,BAYHEALTH - KENT GENERAL HOSPITAL,640 S STATE STREET,DOVER,DE,19901,DE - Wilmington,96,18607.7,5441.64,4443.45,39.2,-75.5
309 - CARDIAC ARRHYTHMIA & CONDUCTION DISORDERS W CC,80006,NANTICOKE MEMORIAL HOSPITAL,801 MIDDLEFORD RD,SEAFORD,DE,19973,MD - Salisbury,42,11264.12,5969.02,4464.33,38.6,-75.6
309 - CARDIAC ARRHYTHMIA & CONDUCTION DISORDERS W CC,80007,BEEBE MEDICAL CENTER,424 SAVANNAH RD,LEWES,DE,19958,MD - Salisbury,46,21444.0,5225.26,3831.7,38.7,-75.2
309 - CARDIAC ARRHYTHMIA & CONDUCTION DISORDERS W CC,80009,BAYHEALTH - MILFORD MEMORIAL HOSPITAL,21 WEST CLARKE AVENUE,MILFORD,DE,19963,MD - Salisbury,25,21916.88,5029.8,4157.32,38.9,-75.4
310 - CARDIAC ARRHYTHMIA & CONDUCTION DISORDERS W/O CC/MCC,80003,ST FRANCIS HOSPITAL,7TH AND CLAYTON STS,WILMINGTON,DE,19805,DE - Wilmington,15,20328.27,4928.73,3086.93,39.75,-75.59
310 - CARDIAC ARRHYTHMIA & CONDUCTION DISORDERS W/O CC/MCC,80004,BAYHEALTH - KENT GENERAL HOSPITAL,640 S STATE STREET,DOVER,DE,19901,DE - Wilmington,64,16292.7,4070.05,3088.0,39.2,-75.5
310 - CARDIAC ARRHYTHMIA & CONDUCTION DISORDERS W/O CC/MCC,80006,NANTICOKE MEMORIAL HOSPITAL,801 MIDDLEFORD RD,SEAFORD,DE,19973,MD - Salisbury,32,10814.31,4179.97,3182.47,38.6,-75.6
310 - CARDIAC ARRHYTHMIA & CONDUCTION DISORDERS W/O CC/MCC,80007,BEEBE MEDICAL CENTER,424 SAVANNAH RD,LEWES,DE,19958,MD - Salisbury,27,18970.52,3835.04,2435.04,38.7,-75.2
312 - SYNCOPE & COLLAPSE,80003,ST FRANCIS HOSPITAL,7TH AND CLAYTON STS,WILMINGTON,DE,19805,DE - Wilmington,27,28509.19,6256.41,4808.81,39.75,-75.59
312 - SYNCOPE & COLLAPSE,80004,BAYHEALTH - KENT GENERAL HOSPITAL,640 S STATE STREET,DOVER,DE,19901,DE - Wilmington,32,18661.97,5662.13,4092.25,39.2,-75.5
312 - SYNCOPE & COLLAPSE,80006,NANTICOKE MEMORIAL HOSPITAL,801 MIDDLEFORD RD,SEAFORD,DE,19973,MD - Salisbury,46,16389.54,6558.43,4527.48,38.6,-75.6
312 - SYNCOPE & COLLAPSE,80007,BEEBE MEDICAL CENTER,424 SAVANNAH RD,LEWES,DE,19958,MD - Salisbury,34,23015.12,6120.94,3706.65,38.7,-75.2
313 - CHEST PAIN,80003,ST FRANCIS HOSPITAL,7TH AND CLAYTON STS,WILMINGTON,DE,19805,DE - Wilmington,11,27000.36,5478.64,4143.73,39.75,-75.59
313 - CHEST PAIN,80007,BEEBE MEDICAL CENTER,424 SAVANNAH RD,LEWES,DE,19958,MD - Salisbury,12,24133.33,4595.42,3215.08,38.7,-75.2
314 - OTHER CIRCULATORY SYSTEM DIAGNOSES W MCC,80004,BAYHEALTH - KENT GENERAL HOSPITAL,640 S STATE STREET,DOVER,DE,19901,DE - Wilmington,16,38736.06,12412.69,11472.5,39.2,-75.5
314 - OTHER CIRCULATORY SYSTEM DIAGNOSES W MCC,80006,NANTICOKE MEMORIAL HOSPITAL,801 MIDDLEFORD RD,SEAFORD,DE,19973,MD - Salisbury,18,22732.89,12848.83,12064.83,38.6,-75.6
314 - OTHER CIRCULATORY SYSTEM DIAGNOSES W MCC,80007,BEEBE MEDICAL CENTER,424 SAVANNAH RD,LEWES,DE,19958,MD - Salisbury,32,49660.91,15834.06,11845.72,38.7,-75.2
315 - OTHER CIRCULATORY SYSTEM DIAGNOSES W CC,80004,BAYHEALTH - KENT GENERAL HOSPITAL,640 S STATE STREET,DOVER,DE,19901,DE - Wilmington,12,22628.92,6573.33,5260.5,39.2,-75.5
315 - OTHER CIRCULATORY SYSTEM DIAGNOSES W CC,80007,BEEBE MEDICAL CENTER,424 SAVANNAH RD,LEWES,DE,19958,MD - Salisbury,11,26223.0,6399.91,5107.55,38.7,-75.2
"326 - STOMACH, ESOPHAGEAL & DUODENAL PROC W MCC",80007,BEEBE MEDICAL CENTER,424 SAVANNAH RD,LEWES,DE,19958,MD - Salisbury,12,177099.42,52763.08,46456.92,38.7,-75.2
"327 - STOMACH, ESOPHAGEAL & DUODENAL PROC W CC",80007,BEEBE MEDICAL CENTER,424 SAVANNAH RD,LEWES,DE,19958,MD - Salisbury,11,87929.36,21825.55,20243.64,38.7,-75.2
329 - MAJOR SMALL & LARGE BOWEL PROCEDURES W MCC,80004,BAYHEALTH - KENT GENERAL HOSPITAL,640 S STATE STREET,DOVER,DE,19901,DE - Wilmington,33,98791.06,33374.61,32076.42,39.2,-75.5
329 - MAJOR SMALL & LARGE BOWEL PROCEDURES W MCC,80006,NANTICOKE MEMORIAL HOSPITAL,801 MIDDLEFORD RD,SEAFORD,DE,19973,MD - Salisbury,11,75889.36,35867.82,35050.73,38.6,-75.6
329 - MAJOR SMALL & LARGE BOWEL PROCEDURES W MCC,80007,BEEBE MEDICAL CENTER,424 SAVANNAH RD,LEWES,DE,19958,MD - Salisbury,24,132221.63,36544.71,34065.92,38.7,-75.2
329 - MAJOR SMALL & LARGE BOWEL PROCEDURES W MCC,80009,BAYHEALTH - MILFORD MEMORIAL HOSPITAL,21 WEST CLARKE AVENUE,MILFORD,DE,19963,MD - Salisbury,16,109577.63,35976.44,30586.44,38.9,-75.4
330 - MAJOR SMALL & LARGE BOWEL PROCEDURES W CC,80004,BAYHEALTH - KENT GENERAL HOSPITAL,640 S STATE STREET,DOVER,DE,19901,DE - Wilmington,32,73738.66,21812.69,15975.5,39.2,-75.5
330 - MAJOR SMALL & LARGE BOWEL PROCEDURES W CC,80006,NANTICOKE MEMORIAL HOSPITAL,801 MIDDLEFORD RD,SEAFORD,DE,19973,MD - Salisbury,12,49951.33,18537.08,17790.42,38.6,-75.6
330 - MAJOR SMALL & LARGE BOWEL PROCEDURES W CC,80007,BEEBE MEDICAL CENTER,424 SAVANNAH RD,LEWES,DE,19958,MD - Salisbury,39,85899.23,19906.87,16961.05,38.7,-75.2
331 - MAJOR SMALL & LARGE BOWEL PROCEDURES W/O CC/MCC,80004,BAYHEALTH - KENT GENERAL HOSPITAL,640 S STATE STREET,DOVER,DE,19901,DE - Wilmington,15,42854.47,10732.27,9500.73,39.2,-75.5
331 - MAJOR SMALL & LARGE BOWEL PROCEDURES W/O CC/MCC,80007,BEEBE MEDICAL CENTER,424 SAVANNAH RD,LEWES,DE,19958,MD - Salisbury,21,63375.24,10704.05,8953.76,38.7,-75.2
371 - MAJOR GASTROINTESTINAL DISORDERS & PERITONEAL INFECTIONS W MCC,80004,BAYHEALTH - KENT GENERAL HOSPITAL,640 S STATE STREET,DOVER,DE,19901,DE - Wilmington,15,37228.93,11581.4,10816.93,39.2,-75.5
372 - MAJOR GASTROINTESTINAL DISORDERS & PERITONEAL INFECTIONS W CC,80004,BAYHEALTH - KENT GENERAL HOSPITAL,640 S STATE STREET,DOVER,DE,19901,DE - Wilmington,21,23574.24,7328.95,6370.62,39.2,-75.5
372 - MAJOR GASTROINTESTINAL DISORDERS & PERITONEAL INFECTIONS W CC,80007,BEEBE MEDICAL CENTER,424 SAVANNAH RD,LEWES,DE,19958,MD - Salisbury,24,29907.25,7303.5,6129.5,38.7,-75.2
377 - G.I. HEMORRHAGE W MCC,80003,ST FRANCIS HOSPITAL,7TH AND CLAYTON STS,WILMINGTON,DE,19805,DE - Wilmington,11,39507.55,13120.91,11734.73,39.75,-75.59
377 - G.I. HEMORRHAGE W MCC,80004,BAYHEALTH - KENT GENERAL HOSPITAL,640 S STATE STREET,DOVER,DE,19901,DE - Wilmington,46,30080.54,12278.33,10000.72,39.2,-75.5
377 - G.I. HEMORRHAGE W MCC,80006,NANTICOKE MEMORIAL HOSPITAL,801 MIDDLEFORD RD,SEAFORD,DE,19973,MD - Salisbury,27,19414.0,12622.26,10474.44,38.6,-75.6
377 - G.I. HEMORRHAGE W MCC,80007,BEEBE MEDICAL CENTER,424 SAVANNAH RD,LEWES,DE,19958,MD - Salisbury,31,51793.26,13575.32,12379.77,38.7,-75.2
377 - G.I. HEMORRHAGE W MCC,80009,BAYHEALTH - MILFORD MEMORIAL HOSPITAL,21 WEST CLARKE AVENUE,MILFORD,DE,19963,MD - Salisbury,11,32638.18,10102.09,9285.0,38.9,-75.4
378 - G.I. HEMORRHAGE W CC,80003,ST FRANCIS HOSPITAL,7TH AND CLAYTON STS,WILMINGTON,DE,19805,DE - Wilmington,16,26158.94,7812.88,6558.0,39.75,-75.59
378 - G.I. HEMORRHAGE W CC,80004,BAYHEALTH - KENT GENERAL HOSPITAL,640 S STATE STREET,DOVER,DE,19901,DE - Wilmington,95,21760.46,6828.61,5747.19,39.2,-75.5
378 - G.I. HEMORRHAGE W CC,80006,NANTICOKE MEMORIAL HOSPITAL,801 MIDDLEFORD RD,SEAFORD,DE,19973,MD - Salisbury,49,14056.82,7507.8,6460.57,38.6,-75.6
378 - G.I. HEMORRHAGE W CC,80007,BEEBE MEDICAL CENTER,424 SAVANNAH RD,LEWES,DE,19958,MD - Salisbury,75,29675.6,6494.44,5150.32,38.7,-75.2
378 - G.I. HEMORRHAGE W CC,80009,BAYHEALTH - MILFORD MEMORIAL HOSPITAL,21 WEST CLARKE AVENUE,MILFORD,DE,19963,MD - Salisbury,25,21284.36,6425.68,5238.24,38.9,-75.4
379 - G.I. HEMORRHAGE W/O CC/MCC,80004,BAYHEALTH - KENT GENERAL HOSPITAL,640 S STATE STREET,DOVER,DE,19901,DE - Wilmington,19,14000.05,4713.58,3680.37,39.2,-75.5
379 - G.I. HEMORRHAGE W/O CC/MCC,80007,BEEBE MEDICAL CENTER,424 SAVANNAH RD,LEWES,DE,19958,MD - Salisbury,13,20160.31,4489.92,3056.08,38.7,-75.2
388 - G.I. OBSTRUCTION W MCC,80007,BEEBE MEDICAL CENTER,424 SAVANNAH RD,LEWES,DE,19958,MD - Salisbury,19,62620.63,13917.42,12163.53,38.7,-75.2
389 - G.I. OBSTRUCTION W CC,80004,BAYHEALTH - KENT GENERAL HOSPITAL,640 S STATE STREET,DOVER,DE,19901,DE - Wilmington,37,19201.03,6088.16,4866.86,39.2,-75.5
389 - G.I. OBSTRUCTION W CC,80007,BEEBE MEDICAL CENTER,424 SAVANNAH RD,LEWES,DE,19958,MD - Salisbury,44,24388.36,5922.43,4322.68,38.7,-75.2
390 - G.I. OBSTRUCTION W/O CC/MCC,80004,BAYHEALTH - KENT GENERAL HOSPITAL,640 S STATE STREET,DOVER,DE,19901,DE - Wilmington,25,17475.6,4814.2,3053.2,39.2,-75.5
390 - G.I. OBSTRUCTION W/O CC/MCC,80007,BEEBE MEDICAL CENTER,424 SAVANNAH RD,LEWES,DE,19958,MD - Salisbury,37,18917.22,4148.0,2569.19,38.7,-75.2
"391 - ESOPHAGITIS, GASTROENT & MISC DIGEST DISORDERS W MCC",80004,BAYHEALTH - KENT GENERAL HOSPITAL,640 S STATE STREET,DOVER,DE,19901,DE - Wilmington,19,31076.42,7935.42,7214.89,39.2,-75.5
"391 - ESOPHAGITIS, GASTROENT & MISC DIGEST DISORDERS W MCC",80007,BEEBE MEDICAL CENTER,424 SAVANNAH RD,LEWES,DE,19958,MD - Salisbury,19,39558.26,8145.26,6467.11,38.7,-75.2
"392 - ESOPHAGITIS, GASTROENT & MISC DIGEST DISORDERS W/O MCC",80003,ST FRANCIS HOSPITAL,7TH AND CLAYTON STS,WILMINGTON,DE,19805,DE - Wilmington,25,23327.64,6344.12,4601.48,39.75,-75.59
"392 - ESOPHAGITIS, GASTROENT & MISC DIGEST DISORDERS W/O MCC",80004,BAYHEALTH - KENT GENERAL HOSPITAL,640 S STATE STREET,DOVER,DE,19901,DE - Wilmington,57,17908.33,5732.42,3947.84,39.2,-75.5
"392 - ESOPHAGITIS, GASTROENT & MISC DIGEST DISORDERS W/O MCC",80006,NANTICOKE MEMORIAL HOSPITAL,801 MIDDLEFORD RD,SEAFORD,DE,19973,MD - Salisbury,34,12972.03,5562.12,4036.35,38.6,-75.6
"392 - ESOPHAGITIS, GASTROENT & MISC DIGEST DISORDERS W/O MCC",80007,BEEBE MEDICAL CENTER,424 SAVANNAH RD,LEWES,DE,19958,MD - Salisbury,101,23900.66,5319.03,3467.43,38.7,-75.2
"392 - ESOPHAGITIS, GASTROENT & MISC DIGEST DISORDERS W/O MCC",80009,BAYHEALTH - MILFORD MEMORIAL HOSPITAL,21 WEST CLARKE AVENUE,MILFORD,DE,19963,MD - Salisbury,19,17670.26,5374.89,3507.0,38.9,-75.4
393 - OTHER DIGESTIVE SYSTEM DIAGNOSES W MCC,80007,BEEBE MEDICAL CENTER,424 SAVANNAH RD,LEWES,DE,19958,MD - Salisbury,14,45442.93,13369.43,9624.21,38.7,-75.2
394 - OTHER DIGESTIVE SYSTEM DIAGNOSES W CC,80004,BAYHEALTH - KENT GENERAL HOSPITAL,640 S STATE STREET,DOVER,DE,19901,DE - Wilmington,22,21733.27,6437.95,5470.36,39.2,-75.5
394 - OTHER DIGESTIVE SYSTEM DIAGNOSES W CC,80006,NANTICOKE MEMORIAL HOSPITAL,801 MIDDLEFORD RD,SEAFORD,DE,19973,MD - Salisbury,14,16013.79,7028.43,5471.43,38.6,-75.6
394 - OTHER DIGESTIVE SYSTEM DIAGNOSES W CC,80007,BEEBE MEDICAL CENTER,424 SAVANNAH RD,LEWES,DE,19958,MD - Salisbury,14,24141.93,6262.5,4987.07,38.7,-75.2
417 - LAPAROSCOPIC CHOLECYSTECTOMY W/O C.D.E. W MCC,80004,BAYHEALTH - KENT GENERAL HOSPITAL,640 S STATE STREET,DOVER,DE,19901,DE - Wilmington,12,47608.58,16669.58,15561.08,39.2,-75.5
418 - LAPAROSCOPIC CHOLECYSTECTOMY W/O C.D.E. W CC,80004,BAYHEALTH - KENT GENERAL HOSPITAL,640 S STATE STREET,DOVER,DE,19901,DE - Wilmington,15,46958.0,10793.73,9560.33,39.2,-75.5
418 - LAPAROSCOPIC CHOLECYSTECTOMY W/O C.D.E. W CC,80007,BEEBE MEDICAL CENTER,424 SAVANNAH RD,LEWES,DE,19958,MD - Salisbury,23,47264.65,11462.13,8981.96,38.7,-75.2
419 - LAPAROSCOPIC CHOLECYSTECTOMY W/O C.D.E. W/O CC/MCC,80007,BEEBE MEDICAL CENTER,424 SAVANNAH RD,LEWES,DE,19958,MD - Salisbury,13,37248.0,7975.38,6546.15,38.7,-75.2
438 - DISORDERS OF PANCREAS EXCEPT MALIGNANCY W MCC,80007,BEEBE MEDICAL CENTER,424 SAVANNAH RD,LEWES,DE,19958,MD - Salisbury,19,43858.89,10801.95,9336.11,38.7,-75.2
439 - DISORDERS OF PANCREAS EXCEPT MALIGNANCY W CC,80004,BAYHEALTH - KENT GENERAL HOSPITAL,640 S STATE STREET,DOVER,DE,19901,DE - Wilmington,17,20439.71,6016.0,4937.29,39.2,-75.5
439 - DISORDERS OF PANCREAS EXCEPT MALIGNANCY W CC,80007,BEEBE MEDICAL CENTER,424 SAVANNAH RD,LEWES,DE,19958,MD - Salisbury,19,35136.63,5946.26,4557.21,38.7,-75.2
440 - DISORDERS OF PANCREAS EXCEPT MALIGNANCY W/O CC/MCC,80007,BEEBE MEDICAL CENTER,424 SAVANNAH RD,LEWES,DE,19958,MD - Salisbury,17,22771.94,4961.06,2666.82,38.7,-75.2
"442 - DISORDERS OF LIVER EXCEPT MALIG,CIRR,ALC HEPA W CC",80007,BEEBE MEDICAL CENTER,424 SAVANNAH RD,LEWES,DE,19958,MD - Salisbury,11,25363.73,7360.0,5172.18,38.7,-75.2
445 - DISORDERS OF THE BILIARY TRACT W CC,80007,BEEBE MEDICAL CENTER,424 SAVANNAH RD,LEWES,DE,19958,MD - Salisbury,14,30119.5,6682.07,5533.21,38.7,-75.2
460 - SPINAL FUSION EXCEPT CERVICAL W/O MCC,80004,BAYHEALTH - KENT GENERAL HOSPITAL,640 S STATE STREET,DOVER,DE,19901,DE - Wilmington,14,113114.29,31560.36,30528.86,39.2,-75.5
460 - SPINAL FUSION EXCEPT CERVICAL W/O MCC,80007,BEEBE MEDICAL CENTER,424 SAVANNAH RD,LEWES,DE,19958,MD - Salisbury,93,66953.51,26410.84,20623.18,38.7,-75.2
"464 - WND DEBRID & SKN GRFT EXC HAND, FOR MUSCULO-CONN TISS DIS W CC",80007,BEEBE MEDICAL CENTER,424 SAVANNAH RD,LEWES,DE,19958,MD - Salisbury,12,55115.5,16830.67,15428.33,38.7,-75.2
467 - REVISION OF HIP OR KNEE REPLACEMENT W CC,80007,BEEBE MEDICAL CENTER,424 SAVANNAH RD,LEWES,DE,19958,MD - Salisbury,14,95899.36,24734.64,23372.0,38.7,-75.2
468 - REVISION OF HIP OR KNEE REPLACEMENT W/O CC/MCC,80007,BEEBE MEDICAL CENTER,424 SAVANNAH RD,LEWES,DE,19958,MD - Salisbury,23,74100.7,20638.22,14462.35,38.7,-75.2
469 - MAJOR JOINT REPLACEMENT OR REATTACHMENT OF LOWER EXTREMITY W MCC,80004,BAYHEALTH - KENT GENERAL HOSPITAL,640 S STATE STREET,DOVER,DE,19901,DE - Wilmington,18,56811.72,19415.89,18237.72,39.2,-75.5
469 - MAJOR JOINT REPLACEMENT OR REATTACHMENT OF LOWER EXTREMITY W MCC,80006,NANTICOKE MEMORIAL HOSPITAL,801 MIDDLEFORD RD,SEAFORD,DE,19973,MD - Salisbury,11,45547.36,21637.36,20710.82,38.6,-75.6
469 - MAJOR JOINT REPLACEMENT OR REATTACHMENT OF LOWER EXTREMITY W MCC,80007,BEEBE MEDICAL CENTER,424 SAVANNAH RD,LEWES,DE,19958,MD - Salisbury,20,71005.4,19585.75,17696.45,38.7,-75.2
470 - MAJOR JOINT REPLACEMENT OR REATTACHMENT OF LOWER EXTREMITY W/O MCC,80003,ST FRANCIS HOSPITAL,7TH AND CLAYTON STS,WILMINGTON,DE,19805,DE - Wilmington,30,65377.07,15583.67,13085.2,39.75,-75.59
470 - MAJOR JOINT REPLACEMENT OR REATTACHMENT OF LOWER EXTREMITY W/O MCC,80004,BAYHEALTH - KENT GENERAL HOSPITAL,640 S STATE STREET,DOVER,DE,19901,DE - Wilmington,244,41424.85,13777.66,11290.36,39.2,-75.5
470 - MAJOR JOINT REPLACEMENT OR REATTACHMENT OF LOWER EXTREMITY W/O MCC,80006,NANTICOKE MEMORIAL HOSPITAL,801 MIDDLEFORD RD,SEAFORD,DE,19973,MD - Salisbury,171,41370.81,15492.94,13345.46,38.6,-75.6
470 - MAJOR JOINT REPLACEMENT OR REATTACHMENT OF LOWER EXTREMITY W/O MCC,80007,BEEBE MEDICAL CENTER,424 SAVANNAH RD,LEWES,DE,19958,MD - Salisbury,546,51711.29,14288.61,10810.47,38.7,-75.2
470 - MAJOR JOINT REPLACEMENT OR REATTACHMENT OF LOWER EXTREMITY W/O MCC,80009,BAYHEALTH - MILFORD MEMORIAL HOSPITAL,21 WEST CLARKE AVENUE,MILFORD,DE,19963,MD - Salisbury,127,37216.51,12610.85,9714.77,38.9,-75.4
473 - CERVICAL SPINAL FUSION W/O CC/MCC,80004,BAYHEALTH - KENT GENERAL HOSPITAL,640 S STATE STREET,DOVER,DE,19901,DE - Wilmington,11,71334.73,21290.64,14218.73,39.2,-75.5
473 - CERVICAL SPINAL FUSION W/O CC/MCC,80007,BEEBE MEDICAL CENTER,424 SAVANNAH RD,LEWES,DE,19958,MD - Salisbury,14,70461.64,16147.0,12830.64,38.7,-75.2
480 - HIP & FEMUR PROCEDURES EXCEPT MAJOR JOINT W MCC,80007,BEEBE MEDICAL CENTER,424 SAVANNAH RD,LEWES,DE,19958,MD - Salisbury,20,60882.4,18261.0,16514.0,38.7,-75.2
481 - HIP & FEMUR PROCEDURES EXCEPT MAJOR JOINT W CC,80004,BAYHEALTH - KENT GENERAL HOSPITAL,640 S STATE STREET,DOVER,DE,19901,DE - Wilmington,45,42809.84,12499.47,11437.44,39.2,-75.5
481 - HIP & FEMUR PROCEDURES EXCEPT MAJOR JOINT W CC,80006,NANTICOKE MEMORIAL HOSPITAL,801 MIDDLEFORD RD,SEAFORD,DE,19973,MD - Salisbury,11,28372.73,14349.64,13412.91,38.6,-75.6
481 - HIP & FEMUR PROCEDURES EXCEPT MAJOR JOINT W CC,80007,BEEBE MEDICAL CENTER,424 SAVANNAH RD,LEWES,DE,19958,MD - Salisbury,37,54577.0,12556.0,10553.08,38.7,-75.2
481 - HIP & FEMUR PROCEDURES EXCEPT MAJOR JOINT W CC,80009,BAYHEALTH - MILFORD MEMORIAL HOSPITAL,21 WEST CLARKE AVENUE,MILFORD,DE,19963,MD - Salisbury,17,41445.94,11784.0,10731.53,38.9,-75.4
482 - HIP & FEMUR PROCEDURES EXCEPT MAJOR JOINT W/O CC/MCC,80004,BAYHEALTH - KENT GENERAL HOSPITAL,640 S STATE STREET,DOVER,DE,19901,DE - Wilmington,13,35737.31,10242.54,9227.0,39.2,-75.5
482 - HIP & FEMUR PROCEDURES EXCEPT MAJOR JOINT W/O CC/MCC,80007,BEEBE MEDICAL CENTER,424 SAVANNAH RD,LEWES,DE,19958,MD - Salisbury,31,42380.94,11266.61,8338.9,38.7,-75.2
483 - MAJOR JOINT/LIMB REATTACHMENT PROCEDURE OF UPPER EXTREMITIES,80004,BAYHEALTH - KENT GENERAL HOSPITAL,640 S STATE STREET,DOVER,DE,19901,DE - Wilmington,21,45032.24,15395.0,14162.29,39.2,-75.5
483 - MAJOR JOINT/LIMB REATTACHMENT PROCEDURE OF UPPER EXTREMITIES,80007,BEEBE MEDICAL CENTER,424 SAVANNAH RD,LEWES,DE,19958,MD - Salisbury,40,66524.05,14832.45,13422.05,38.7,-75.2
"493 - LOWER EXTREM & HUMER PROC EXCEPT HIP,FOOT,FEMUR W CC",80004,BAYHEALTH - KENT GENERAL HOSPITAL,640 S STATE STREET,DOVER,DE,19901,DE - Wilmington,11,50661.91,14445.27,10939.18,39.2,-75.5
"494 - LOWER EXTREM & HUMER PROC EXCEPT HIP,FOOT,FEMUR W/O CC/MCC",80007,BEEBE MEDICAL CENTER,424 SAVANNAH RD,LEWES,DE,19958,MD - Salisbury,17,44072.59,9884.76,8327.59,38.7,-75.2
536 - FRACTURES OF HIP & PELVIS W/O MCC,80004,BAYHEALTH - KENT GENERAL HOSPITAL,640 S STATE STREET,DOVER,DE,19901,DE - Wilmington,15,16905.8,4653.2,3515.67,39.2,-75.5
536 - FRACTURES OF HIP & PELVIS W/O MCC,80007,BEEBE MEDICAL CENTER,424 SAVANNAH RD,LEWES,DE,19958,MD - Salisbury,13,16099.38,4616.15,3438.31,38.7,-75.2
543 - PATHOLOGICAL FRACTURES & MUSCULOSKELET & CONN TISS MALIG W CC,80004,BAYHEALTH - KENT GENERAL HOSPITAL,640 S STATE STREET,DOVER,DE,19901,DE - Wilmington,13,31674.77,7814.15,6989.62,39.2,-75.5
552 - MEDICAL BACK PROBLEMS W/O MCC,80004,BAYHEALTH - KENT GENERAL HOSPITAL,640 S STATE STREET,DOVER,DE,19901,DE - Wilmington,19,20630.32,5876.79,4571.32,39.2,-75.5
552 - MEDICAL BACK PROBLEMS W/O MCC,80007,BEEBE MEDICAL CENTER,424 SAVANNAH RD,LEWES,DE,19958,MD - Salisbury,11,24072.45,5602.91,4293.82,38.7,-75.2
602 - CELLULITIS W MCC,80004,BAYHEALTH - KENT GENERAL HOSPITAL,640 S STATE STREET,DOVER,DE,19901,DE - Wilmington,16,36909.5,10773.94,8086.06,39.2,-75.5
602 - CELLULITIS W MCC,80007,BEEBE MEDICAL CENTER,424 SAVANNAH RD,LEWES,DE,19958,MD - Salisbury,21,38345.52,10040.76,8579.33,38.7,-75.2
603 - CELLULITIS W/O MCC,80003,ST FRANCIS HOSPITAL,7TH AND CLAYTON STS,WILMINGTON,DE,19805,DE - Wilmington,16,16510.75,6735.94,5585.13,39.75,-75.59
603 - CELLULITIS W/O MCC,80004,BAYHEALTH - KENT GENERAL HOSPITAL,640 S STATE STREET,DOVER,DE,19901,DE - Wilmington,90,17605.47,5764.38,4611.12,39.2,-75.5
603 - CELLULITIS W/O MCC,80006,NANTICOKE MEMORIAL HOSPITAL,801 MIDDLEFORD RD,SEAFORD,DE,19973,MD - Salisbury,23,12604.65,6244.35,4881.65,38.6,-75.6
603 - CELLULITIS W/O MCC,80007,BEEBE MEDICAL CENTER,424 SAVANNAH RD,LEWES,DE,19958,MD - Salisbury,93,20747.62,5831.98,4014.99,38.7,-75.2
603 - CELLULITIS W/O MCC,80009,BAYHEALTH - MILFORD MEMORIAL HOSPITAL,21 WEST CLARKE AVENUE,MILFORD,DE,19963,MD - Salisbury,17,17088.06,6470.53,4088.53,38.9,-75.4
621 - O.R. PROCEDURES FOR OBESITY W/O CC/MCC,80006,NANTICOKE MEMORIAL HOSPITAL,801 MIDDLEFORD RD,SEAFORD,DE,19973,MD - Salisbury,23,28834.78,12648.3,8529.43,38.6,-75.6
621 - O.R. PROCEDURES FOR OBESITY W/O CC/MCC,80007,BEEBE MEDICAL CENTER,424 SAVANNAH RD,LEWES,DE,19958,MD - Salisbury,16,36070.44,11789.44,7184.0,38.7,-75.2
637 - DIABETES W MCC,80004,BAYHEALTH - KENT GENERAL HOSPITAL,640 S STATE STREET,DOVER,DE,19901,DE - Wilmington,11,25243.64,9270.27,7523.36,39.2,-75.5
637 - DIABETES W MCC,80006,NANTICOKE MEMORIAL HOSPITAL,801 MIDDLEFORD RD,SEAFORD,DE,19973,MD - Salisbury,16,12055.75,9675.0,8714.25,38.6,-75.6
637 - DIABETES W MCC,80007,BEEBE MEDICAL CENTER,424 SAVANNAH RD,LEWES,DE,19958,MD - Salisbury,11,32003.27,8480.36,6906.91,38.7,-75.2
638 - DIABETES W CC,80003,ST FRANCIS HOSPITAL,7TH AND CLAYTON STS,WILMINGTON,DE,19805,DE - Wilmington,23,21473.91,6742.91,5755.09,39.75,-75.59
638 - DIABETES W CC,80004,BAYHEALTH - KENT GENERAL HOSPITAL,640 S STATE STREET,DOVER,DE,19901,DE - Wilmington,28,18402.68,5802.43,4713.43,39.2,-75.5
638 - DIABETES W CC,80006,NANTICOKE MEMORIAL HOSPITAL,801 MIDDLEFORD RD,SEAFORD,DE,19973,MD - Salisbury,16,12974.75,6305.81,5184.06,38.6,-75.6
638 - DIABETES W CC,80007,BEEBE MEDICAL CENTER,424 SAVANNAH RD,LEWES,DE,19958,MD - Salisbury,17,25323.29,6434.18,3805.88,38.7,-75.2
638 - DIABETES W CC,80009,BAYHEALTH - MILFORD MEMORIAL HOSPITAL,21 WEST CLARKE AVENUE,MILFORD,DE,19963,MD - Salisbury,18,17606.94,5202.22,4349.78,38.9,-75.4
"640 - MISC DISORDERS OF NUTRITION,METABOLISM,FLUIDS/ELECTROLYTES W MCC",80003,ST FRANCIS HOSPITAL,7TH AND CLAYTON STS,WILMINGTON,DE,19805,DE - Wilmington,15,26283.33,8650.87,7464.27,39.75,-75.59
"640 - MISC DISORDERS OF NUTRITION,METABOLISM,FLUIDS/ELECTROLYTES W MCC",80004,BAYHEALTH - KENT GENERAL HOSPITAL,640 S STATE STREET,DOVER,DE,19901,DE - Wilmington,30,25900.17,7788.6,6622.47,39.2,-75.5
"640 - MISC DISORDERS OF NUTRITION,METABOLISM,FLUIDS/ELECTROLYTES W MCC",80006,NANTICOKE MEMORIAL HOSPITAL,801 MIDDLEFORD RD,SEAFORD,DE,19973,MD - Salisbury,11,15350.09,8448.55,6443.18,38.6,-75.6
"640 - MISC DISORDERS OF NUTRITION,METABOLISM,FLUIDS/ELECTROLYTES W MCC",80007,BEEBE MEDICAL CENTER,424 SAVANNAH RD,LEWES,DE,19958,MD - Salisbury,20,32407.95,7607.25,6080.25,38.7,-75.2
"640 - MISC DISORDERS OF NUTRITION,METABOLISM,FLUIDS/ELECTROLYTES W MCC",80009,BAYHEALTH - MILFORD MEMORIAL HOSPITAL,21 WEST CLARKE AVENUE,MILFORD,DE,19963,MD - Salisbury,19,21216.95,6724.53,5980.32,38.9,-75.4
"641 - MISC DISORDERS OF NUTRITION,METABOLISM,FLUIDS/ELECTROLYTES W/O MCC",80003,ST FRANCIS HOSPITAL,7TH AND CLAYTON STS,WILMINGTON,DE,19805,DE - Wilmington,27,20611.52,5882.56,4554.89,39.75,-75.59
"641 - MISC DISORDERS OF NUTRITION,METABOLISM,FLUIDS/ELECTROLYTES W/O MCC",80004,BAYHEALTH - KENT GENERAL HOSPITAL,640 S STATE STREET,DOVER,DE,19901,DE - Wilmington,46,16881.54,5356.83,3818.72,39.2,-75.5
"641 - MISC DISORDERS OF NUTRITION,METABOLISM,FLUIDS/ELECTROLYTES W/O MCC",80006,NANTICOKE MEMORIAL HOSPITAL,801 MIDDLEFORD RD,SEAFORD,DE,19973,MD - Salisbury,16,10960.56,5419.19,4295.69,38.6,-75.6
"641 - MISC DISORDERS OF NUTRITION,METABOLISM,FLUIDS/ELECTROLYTES W/O MCC",80007,BEEBE MEDICAL CENTER,424 SAVANNAH RD,LEWES,DE,19958,MD - Salisbury,50,19369.76,4916.82,3404.32,38.7,-75.2
"641 - MISC DISORDERS OF NUTRITION,METABOLISM,FLUIDS/ELECTROLYTES W/O MCC",80009,BAYHEALTH - MILFORD MEMORIAL HOSPITAL,21 WEST CLARKE AVENUE,MILFORD,DE,19963,MD - Salisbury,17,19383.24,5296.53,3258.94,38.9,-75.4
669 - TRANSURETHRAL PROCEDURES W CC,80007,BEEBE MEDICAL CENTER,424 SAVANNAH RD,LEWES,DE,19958,MD - Salisbury,22,33703.09,8988.5,6906.77,38.7,-75.2
682 - RENAL FAILURE W MCC,80004,BAYHEALTH - KENT GENERAL HOSPITAL,640 S STATE STREET,DOVER,DE,19901,DE - Wilmington,89,26680.85,10239.35,9470.25,39.2,-75.5
682 - RENAL FAILURE W MCC,80006,NANTICOKE MEMORIAL HOSPITAL,801 MIDDLEFORD RD,SEAFORD,DE,19973,MD - Salisbury,40,19040.65,10436.05,9533.58,38.6,-75.6
682 - RENAL FAILURE W MCC,80007,BEEBE MEDICAL CENTER,424 SAVANNAH RD,LEWES,DE,19958,MD - Salisbury,81,39464.56,10447.14,8644.56,38.7,-75.2
682 - RENAL FAILURE W MCC,80009,BAYHEALTH - MILFORD MEMORIAL HOSPITAL,21 WEST CLARKE AVENUE,MILFORD,DE,19963,MD - Salisbury,42,29502.33,9657.79,8706.81,38.9,-75.4
683 - RENAL FAILURE W CC,80003,ST FRANCIS HOSPITAL,7TH AND CLAYTON STS,WILMINGTON,DE,19805,DE - Wilmington,22,28359.82,7615.77,6291.82,39.75,-75.59
683 - RENAL FAILURE W CC,80004,BAYHEALTH - KENT GENERAL HOSPITAL,640 S STATE STREET,DOVER,DE,19901,DE - Wilmington,113,21359.25,6368.84,5212.33,39.2,-75.5
683 - RENAL FAILURE W CC,80006,NANTICOKE MEMORIAL HOSPITAL,801 MIDDLEFORD RD,SEAFORD,DE,19973,MD - Salisbury,32,14578.31,6900.0,5939.25,38.6,-75.6
683 - RENAL FAILURE W CC,80007,BEEBE MEDICAL CENTER,424 SAVANNAH RD,LEWES,DE,19958,MD - Salisbury,113,27219.93,6306.13,4688.89,38.7,-75.2
683 - RENAL FAILURE W CC,80009,BAYHEALTH - MILFORD MEMORIAL HOSPITAL,21 WEST CLARKE AVENUE,MILFORD,DE,19963,MD - Salisbury,46,21159.41,5794.0,4820.7,38.9,-75.4
684 - RENAL FAILURE W/O CC/MCC,80004,BAYHEALTH - KENT GENERAL HOSPITAL,640 S STATE STREET,DOVER,DE,19901,DE - Wilmington,28,14533.32,4718.18,3234.18,39.2,-75.5
684 - RENAL FAILURE W/O CC/MCC,80007,BEEBE MEDICAL CENTER,424 SAVANNAH RD,LEWES,DE,19958,MD - Salisbury,12,15685.0,4142.17,2837.83,38.7,-75.2
689 - KIDNEY & URINARY TRACT INFECTIONS W MCC,80004,BAYHEALTH - KENT GENERAL HOSPITAL,640 S STATE STREET,DOVER,DE,19901,DE - Wilmington,61,22777.72,7319.03,6164.28,39.2,-75.5
689 - KIDNEY & URINARY TRACT INFECTIONS W MCC,80006,NANTICOKE MEMORIAL HOSPITAL,801 MIDDLEFORD RD,SEAFORD,DE,19973,MD - Salisbury,22,16406.5,7917.27,6751.45,38.6,-75.6
689 - KIDNEY & URINARY TRACT INFECTIONS W MCC,80007,BEEBE MEDICAL CENTER,424 SAVANNAH RD,LEWES,DE,19958,MD - Salisbury,15,27280.73,9306.07,5427.6,38.7,-75.2
689 - KIDNEY & URINARY TRACT INFECTIONS W MCC,80009,BAYHEALTH - MILFORD MEMORIAL HOSPITAL,21 WEST CLARKE AVENUE,MILFORD,DE,19963,MD - Salisbury,17,25125.06,6686.06,5630.24,38.9,-75.4
690 - KIDNEY & URINARY TRACT INFECTIONS W/O MCC,80003,ST FRANCIS HOSPITAL,7TH AND CLAYTON STS,WILMINGTON,DE,19805,DE - Wilmington,32,23530.59,6576.84,4813.5,39.75,-75.59
690 - KIDNEY & URINARY TRACT INFECTIONS W/O MCC,80004,BAYHEALTH - KENT GENERAL HOSPITAL,640 S STATE STREET,DOVER,DE,19901,DE - Wilmington,70,17935.96,5393.39,4506.09,39.2,-75.5
690 - KIDNEY & URINARY TRACT INFECTIONS W/O MCC,80006,NANTICOKE MEMORIAL HOSPITAL,801 MIDDLEFORD RD,SEAFORD,DE,19973,MD - Salisbury,30,11928.5,5704.8,4722.93,38.6,-75.6
690 - KIDNEY & URINARY TRACT INFECTIONS W/O MCC,80007,BEEBE MEDICAL CENTER,424 SAVANNAH RD,LEWES,DE,19958,MD - Salisbury,48,21291.1,5179.88,3799.04,38.7,-75.2
690 - KIDNEY & URINARY TRACT INFECTIONS W/O MCC,80009,BAYHEALTH - MILFORD MEMORIAL HOSPITAL,21 WEST CLARKE AVENUE,MILFORD,DE,19963,MD - Salisbury,22,22507.5,5020.91,3888.18,38.9,-75.4
698 - OTHER KIDNEY & URINARY TRACT DIAGNOSES W MCC,80004,BAYHEALTH - KENT GENERAL HOSPITAL,640 S STATE STREET,DOVER,DE,19901,DE - Wilmington,36,34676.81,10306.64,9464.94,39.2,-75.5
698 - OTHER KIDNEY & URINARY TRACT DIAGNOSES W MCC,80007,BEEBE MEDICAL CENTER,424 SAVANNAH RD,LEWES,DE,19958,MD - Salisbury,28,39435.86,10236.61,8929.79,38.7,-75.2
698 - OTHER KIDNEY & URINARY TRACT DIAGNOSES W MCC,80009,BAYHEALTH - MILFORD MEMORIAL HOSPITAL,21 WEST CLARKE AVENUE,MILFORD,DE,19963,MD - Salisbury,14,25961.5,8904.14,7902.14,38.9,-75.4
809 - MAJOR HEMATOL/IMMUN DIAG EXC SICKLE CELL CRISIS & COAGUL W CC,80007,BEEBE MEDICAL CENTER,424 SAVANNAH RD,LEWES,DE,19958,MD - Salisbury,16,36392.94,9109.81,7621.5,38.7,-75.2
811 - RED BLOOD CELL DISORDERS W MCC,80003,ST FRANCIS HOSPITAL,7TH AND CLAYTON STS,WILMINGTON,DE,19805,DE - Wilmington,12,35223.92,9963.58,8740.17,39.75,-75.59
811 - RED BLOOD CELL DISORDERS W MCC,80004,BAYHEALTH - KENT GENERAL HOSPITAL,640 S STATE STREET,DOVER,DE,19901,DE - Wilmington,28,25167.79,9419.75,7494.61,39.2,-75.5
811 - RED BLOOD CELL DISORDERS W MCC,80007,BEEBE MEDICAL CENTER,424 SAVANNAH RD,LEWES,DE,19958,MD - Salisbury,46,37534.7,9237.65,7399.78,38.7,-75.2
811 - RED BLOOD CELL DISORDERS W MCC,80009,BAYHEALTH - MILFORD MEMORIAL HOSPITAL,21 WEST CLARKE AVENUE,MILFORD,DE,19963,MD - Salisbury,11,29314.64,8044.82,7006.27,38.9,-75.4
812 - RED BLOOD CELL DISORDERS W/O MCC,80003,ST FRANCIS HOSPITAL,7TH AND CLAYTON STS,WILMINGTON,DE,19805,DE - Wilmington,26,28584.08,6887.0,5367.35,39.75,-75.59
812 - RED BLOOD CELL DISORDERS W/O MCC,80004,BAYHEALTH - KENT GENERAL HOSPITAL,640 S STATE STREET,DOVER,DE,19901,DE - Wilmington,46,18416.48,5956.48,4842.33,39.2,-75.5
812 - RED BLOOD CELL DISORDERS W/O MCC,80006,NANTICOKE MEMORIAL HOSPITAL,801 MIDDLEFORD RD,SEAFORD,DE,19973,MD - Salisbury,19,11268.68,6461.68,5649.68,38.6,-75.6
812 - RED BLOOD CELL DISORDERS W/O MCC,80007,BEEBE MEDICAL CENTER,424 SAVANNAH RD,LEWES,DE,19958,MD - Salisbury,36,26815.94,6514.94,4254.69,38.7,-75.2
812 - RED BLOOD CELL DISORDERS W/O MCC,80009,BAYHEALTH - MILFORD MEMORIAL HOSPITAL,21 WEST CLARKE AVENUE,MILFORD,DE,19963,MD - Salisbury,11,21310.91,5435.45,4738.0,38.9,-75.4
853 - INFECTIOUS & PARASITIC DISEASES W O.R. PROCEDURE W MCC,80003,ST FRANCIS HOSPITAL,7TH AND CLAYTON STS,WILMINGTON,DE,19805,DE - Wilmington,18,103192.83,39658.67,32810.67,39.75,-75.59
853 - INFECTIOUS & PARASITIC DISEASES W O.R. PROCEDURE W MCC,80004,BAYHEALTH - KENT GENERAL HOSPITAL,640 S STATE STREET,DOVER,DE,19901,DE - Wilmington,86,114324.6,37424.56,35248.57,39.2,-75.5
853 - INFECTIOUS & PARASITIC DISEASES W O.R. PROCEDURE W MCC,80006,NANTICOKE MEMORIAL HOSPITAL,801 MIDDLEFORD RD,SEAFORD,DE,19973,MD - Salisbury,22,66405.09,35675.23,34858.18,38.6,-75.6
853 - INFECTIOUS & PARASITIC DISEASES W O.R. PROCEDURE W MCC,80007,BEEBE MEDICAL CENTER,424 SAVANNAH RD,LEWES,DE,19958,MD - Salisbury,40,115130.98,37251.08,34659.88,38.7,-75.2
853 - INFECTIOUS & PARASITIC DISEASES W O.R. PROCEDURE W MCC,80009,BAYHEALTH - MILFORD MEMORIAL HOSPITAL,21 WEST CLARKE AVENUE,MILFORD,DE,19963,MD - Salisbury,23,105775.22,33849.22,32217.35,38.9,-75.4
854 - INFECTIOUS & PARASITIC DISEASES W O.R. PROCEDURE W CC,80004,BAYHEALTH - KENT GENERAL HOSPITAL,640 S STATE STREET,DOVER,DE,19901,DE - Wilmington,18,47037.33,15172.17,14245.78,39.2,-75.5
854 - INFECTIOUS & PARASITIC DISEASES W O.R. PROCEDURE W CC,80006,NANTICOKE MEMORIAL HOSPITAL,801 MIDDLEFORD RD,SEAFORD,DE,19973,MD - Salisbury,11,41460.55,16816.55,15648.27,38.6,-75.6
854 - INFECTIOUS & PARASITIC DISEASES W O.R. PROCEDURE W CC,80007,BEEBE MEDICAL CENTER,424 SAVANNAH RD,LEWES,DE,19958,MD - Salisbury,18,66995.61,14998.28,13194.39,38.7,-75.2
862 - POSTOPERATIVE & POST-TRAUMATIC INFECTIONS W MCC,80007,BEEBE MEDICAL CENTER,424 SAVANNAH RD,LEWES,DE,19958,MD - Salisbury,11,34624.45,12605.36,9522.55,38.7,-75.2
863 - POSTOPERATIVE & POST-TRAUMATIC INFECTIONS W/O MCC,80007,BEEBE MEDICAL CENTER,424 SAVANNAH RD,LEWES,DE,19958,MD - Salisbury,11,23235.82,6392.36,5415.64,38.7,-75.2
870 - SEPTICEMIA OR SEVERE SEPSIS W MV >96 HOURS,80003,ST FRANCIS HOSPITAL,7TH AND CLAYTON STS,WILMINGTON,DE,19805,DE - Wilmington,12,88696.92,37874.42,36129.92,39.75,-75.59
870 - SEPTICEMIA OR SEVERE SEPSIS W MV >96 HOURS,80004,BAYHEALTH - KENT GENERAL HOSPITAL,640 S STATE STREET,DOVER,DE,19901,DE - Wilmington,29,121393.17,40021.21,39154.24,39.2,-75.5
870 - SEPTICEMIA OR SEVERE SEPSIS W MV >96 HOURS,80007,BEEBE MEDICAL CENTER,424 SAVANNAH RD,LEWES,DE,19958,MD - Salisbury,21,183903.48,50715.76,47735.62,38.7,-75.2
871 - SEPTICEMIA OR SEVERE SEPSIS W/O MV >96 HOURS W MCC,80003,ST FRANCIS HOSPITAL,7TH AND CLAYTON STS,WILMINGTON,DE,19805,DE - Wilmington,109,36335.33,13020.83,11576.2,39.75,-75.59
871 - SEPTICEMIA OR SEVERE SEPSIS W/O MV >96 HOURS W MCC,80004,BAYHEALTH - KENT GENERAL HOSPITAL,640 S STATE STREET,DOVER,DE,19901,DE - Wilmington,334,42833.41,12906.97,11541.33,39.2,-75.5
871 - SEPTICEMIA OR SEVERE SEPSIS W/O MV >96 HOURS W MCC,80006,NANTICOKE MEMORIAL HOSPITAL,801 MIDDLEFORD RD,SEAFORD,DE,19973,MD - Salisbury,192,25308.34,13043.96,11802.22,38.6,-75.6
871 - SEPTICEMIA OR SEVERE SEPSIS W/O MV >96 HOURS W MCC,80007,BEEBE MEDICAL CENTER,424 SAVANNAH RD,LEWES,DE,19958,MD - Salisbury,349,47014.48,12305.65,10184.16,38.7,-75.2
871 - SEPTICEMIA OR SEVERE SEPSIS W/O MV >96 HOURS W MCC,80009,BAYHEALTH - MILFORD MEMORIAL HOSPITAL,21 WEST CLARKE AVENUE,MILFORD,DE,19963,MD - Salisbury,175,46881.17,12635.21,11422.81,38.9,-75.4
872 - SEPTICEMIA OR SEVERE SEPSIS W/O MV >96 HOURS W/O MCC,80003,ST FRANCIS HOSPITAL,7TH AND CLAYTON STS,WILMINGTON,DE,19805,DE - Wilmington,40,23247.83,7907.28,6487.78,39.75,-75.59
872 - SEPTICEMIA OR SEVERE SEPSIS W/O MV >96 HOURS W/O MCC,80004,BAYHEALTH - KENT GENERAL HOSPITAL,640 S STATE STREET,DOVER,DE,19901,DE - Wilmington,90,22776.52,6957.71,5959.98,39.2,-75.5
872 - SEPTICEMIA OR SEVERE SEPSIS W/O MV >96 HOURS W/O MCC,80006,NANTICOKE MEMORIAL HOSPITAL,801 MIDDLEFORD RD,SEAFORD,DE,19973,MD - Salisbury,44,16856.34,7550.95,6458.68,38.6,-75.6
872 - SEPTICEMIA OR SEVERE SEPSIS W/O MV >96 HOURS W/O MCC,80007,BEEBE MEDICAL CENTER,424 SAVANNAH RD,LEWES,DE,19958,MD - Salisbury,79,28883.25,7504.54,5122.7,38.7,-75.2
872 - SEPTICEMIA OR SEVERE SEPSIS W/O MV >96 HOURS W/O MCC,80009,BAYHEALTH - MILFORD MEMORIAL HOSPITAL,21 WEST CLARKE AVENUE,MILFORD,DE,19963,MD - Salisbury,35,26426.09,6382.74,5361.14,38.9,-75.4
884 - ORGANIC DISTURBANCES & INTELLECTUAL DISABILITY,80004,BAYHEALTH - KENT GENERAL HOSPITAL,640 S STATE STREET,DOVER,DE,19901,DE - Wilmington,12,23527.5,7651.83,6660.67,39.2,-75.5
897 - ALCOHOL/DRUG ABUSE OR DEPENDENCE W/O REHABILITATION THERAPY W/O MCC,80004,BAYHEALTH - KENT GENERAL HOSPITAL,640 S STATE STREET,DOVER,DE,19901,DE - Wilmington,20,20338.15,5340.45,3902.8,39.2,-75.5
897 - ALCOHOL/DRUG ABUSE OR DEPENDENCE W/O REHABILITATION THERAPY W/O MCC,80007,BEEBE MEDICAL CENTER,424 SAVANNAH RD,LEWES,DE,19958,MD - Salisbury,16,27665.19,4968.25,3691.5,38.7,-75.2
917 - POISONING & TOXIC EFFECTS OF DRUGS W MCC,80004,BAYHEALTH - KENT GENERAL HOSPITAL,640 S STATE STREET,DOVER,DE,19901,DE - Wilmington,16,18988.94,9071.81,8247.38,39.2,-75.5
917 - POISONING & TOXIC EFFECTS OF DRUGS W MCC,80006,NANTICOKE MEMORIAL HOSPITAL,801 MIDDLEFORD RD,SEAFORD,DE,19973,MD - Salisbury,15,22584.67,9845.0,8995.67,38.6,-75.6
917 - POISONING & TOXIC EFFECTS OF DRUGS W MCC,80007,BEEBE MEDICAL CENTER,424 SAVANNAH RD,LEWES,DE,19958,MD - Salisbury,48,50983.98,10871.71,8969.19,38.7,-75.2
918 - POISONING & TOXIC EFFECTS OF DRUGS W/O MCC,80004,BAYHEALTH - KENT GENERAL HOSPITAL,640 S STATE STREET,DOVER,DE,19901,DE - Wilmington,13,24667.46,4817.08,3937.62,39.2,-75.5
981 - EXTENSIVE O.R. PROCEDURE UNRELATED TO PRINCIPAL DIAGNOSIS W MCC,80004,BAYHEALTH - KENT GENERAL HOSPITAL,640 S STATE STREET,DOVER,DE,19901,DE - Wilmington,16,78066.81,32450.56,31657.5,39.2,-75.5
981 - EXTENSIVE O.R. PROCEDURE UNRELATED TO PRINCIPAL DIAGNOSIS W MCC,80006,NANTICOKE MEMORIAL HOSPITAL,801 MIDDLEFORD RD,SEAFORD,DE,19973,MD - Salisbury,11,66293.91,35451.73,28707.18,38.6,-75.6
981 - EXTENSIVE O.R. PROCEDURE UNRELATED TO PRINCIPAL DIAGNOSIS W MCC,80007,BEEBE MEDICAL CENTER,424 SAVANNAH RD,LEWES,DE,19958,MD - Salisbury,26,123783.69,40057.19,31843.81,38.7,-75.2
982 - EXTENSIVE O.R. PROCEDURE UNRELATED TO PRINCIPAL DIAGNOSIS W CC,80007,BEEBE MEDICAL CENTER,424 SAVANNAH RD,LEWES,DE,19958,MD - Salisbury,11,69210.82,18276.27,17037.36,38.7,-75.2
988 - NON-EXTENSIVE O.R. PROC UNRELATED TO PRINCIPAL DIAGNOSIS W CC,80004,BAYHEALTH - KENT GENERAL HOSPITAL,640 S STATE STREET,DOVER,DE,19901,DE - Wilmington,12,53462.67,14370.92,13207.58,39.2,-75.5
988 - NON-EXTENSIVE O.R. PROC UNRELATED TO PRINCIPAL DIAGNOSIS W CC,80007,BEEBE MEDICAL CENTER,424 SAVANNAH RD,LEWES,DE,19958,MD - Salisbury,11,41993.27,11537.45,10060.0,38.7,-75.2
