DRG Definition,Provider Id,Provider Name,Provider Street Address,Provider City,Provider State,Provider Zip Code,Hospital Referral Region (HRR) Description,Total Discharges,Average Covered Charges,Average Total Payments,Average Medicare Payments,lat,lon
"003 - ECMO OR TRACH W MV >96 HRS OR PDX EXC FACE, MOUTH & NECK W MAJ O.R.",120001,THE QUEENS MEDICAL CENTER,1301 PUNCHBOWL ST,HONOLULU,HI,96813,HI - Honolulu,19,501587.32,161877.89,146948.37,21.31,-157.85
023 - CRANIO W MAJOR DEV IMPL/ACUTE COMPLEX CNS PDX W MCC OR CHEMO IMPLANT,120001,THE QUEENS MEDICAL CENTER,1301 PUNCHBOWL ST,HONOLULU,HI,96813,HI - Honolulu,12,133552.08,49637.08,41958.5,21.31,-157.85
025 - CRANIOTOMY & ENDOVASCULAR INTRACRANIAL PROCEDURES W MCC,120001,THE QUEENS MEDICAL CENTER,1301 PUNCHBOWL ST,HONOLULU,HI,96813,HI - Honolulu,17,133863.94,52973.29,41424.59,21.31,-157.85
025 - CRANIOTOMY & ENDOVASCULAR INTRACRANIAL PROCEDURES W MCC,120022,STRAUB CLINIC AND HOSPITAL,888 SO KING STREET,HONOLULU,HI,96813,HI - Honolulu,13,117902.08,36264.0,29323.15,21.31,-157.85
026 - CRANIOTOMY & ENDOVASCULAR INTRACRANIAL PROCEDURES W CC,120001,THE QUEENS MEDICAL CENTER,1301 PUNCHBOWL ST,HONOLULU,HI,96813,HI - Honolulu,11,49497.91,29995.55,20082.09,21.31,-157.85
027 - CRANIOTOMY & ENDOVASCULAR INTRACRANIAL PROCEDURES W/O CC/MCC,120001,THE QUEENS MEDICAL CENTER,1301 PUNCHBOWL ST,HONOLULU,HI,96813,HI - Honolulu,15,43783.6,23288.47,17445.53,21.31,-157.85
039 - EXTRACRANIAL PROCEDURES W/O CC/MCC,120001,THE QUEENS MEDICAL CENTER,1301 PUNCHBOWL ST,HONOLULU,HI,96813,HI - Honolulu,11,41499.91,12671.91,8203.91,21.31,-157.85
057 - DEGENERATIVE NERVOUS SYSTEM DISORDERS W/O MCC,120001,THE QUEENS MEDICAL CENTER,1301 PUNCHBOWL ST,HONOLULU,HI,96813,HI - Honolulu,16,32260.0,12272.94,9005.06,21.31,-157.85
062 - ACUTE ISCHEMIC STROKE W USE OF THROMBOLYTIC AGENT W CC,120001,THE QUEENS MEDICAL CENTER,1301 PUNCHBOWL ST,HONOLULU,HI,96813,HI - Honolulu,14,43580.07,17872.64,15715.07,21.31,-157.85
064 - INTRACRANIAL HEMORRHAGE OR CEREBRAL INFARCTION W MCC,120001,THE QUEENS MEDICAL CENTER,1301 PUNCHBOWL ST,HONOLULU,HI,96813,HI - Honolulu,60,47205.83,17706.0,13955.48,21.31,-157.85
064 - INTRACRANIAL HEMORRHAGE OR CEREBRAL INFARCTION W MCC,120002,MAUI MEMORIAL MEDICAL CENTER,221 MAHALANI STREET,WAILUKU,HI,96793,HI - Honolulu,26,61307.19,24520.15,21355.35,20.9,-156.5
064 - INTRACRANIAL HEMORRHAGE OR CEREBRAL INFARCTION W MCC,120005,HILO MEDICAL CENTER,1190 WAIANUENUE AVENUE,HILO,HI,96720,HI - Honolulu,12,30815.08,18728.67,17645.5,19.7,-155.2
064 - INTRACRANIAL HEMORRHAGE OR CEREBRAL INFARCTION W MCC,120006,CASTLE MEDICAL CENTER,640 ULUKAHIKI ST,KAILUA,HI,96734,HI - Honolulu,15,39403.53,14460.47,12069.07,21.4,-157.75
064 - INTRACRANIAL HEMORRHAGE OR CEREBRAL INFARCTION W MCC,120007,KUAKINI MEDICAL CENTER,347 NORTH KUAKINI STREET,HONOLULU,HI,96817,HI - Honolulu,22,33647.09,13294.59,11940.86,21.34,-157.84
064 - INTRACRANIAL HEMORRHAGE OR CEREBRAL INFARCTION W MCC,120014,WILCOX MEMORIAL HOSPITAL,3-3420 KUHIO HIGHWAY,LIHUE,HI,96766,HI - Honolulu,14,68659.0,18845.64,17839.64,25.0,-169.0
064 - INTRACRANIAL HEMORRHAGE OR CEREBRAL INFARCTION W MCC,120022,STRAUB CLINIC AND HOSPITAL,888 SO KING STREET,HONOLULU,HI,96813,HI - Honolulu,21,53199.48,15009.52,11416.38,21.31,-157.85
064 - INTRACRANIAL HEMORRHAGE OR CEREBRAL INFARCTION W MCC,120026,PALI MOMI MEDICAL CENTER,98-1079 MOANALUA ROAD,AIEA,HI,96701,HI - Honolulu,41,50307.63,13808.56,12238.85,21.4,-157.92
065 - INTRACRANIAL HEMORRHAGE OR CEREBRAL INFARCTION W CC OR TPA IN 24 HRS,120001,THE QUEENS MEDICAL CENTER,1301 PUNCHBOWL ST,HONOLULU,HI,96813,HI - Honolulu,104,29801.89,12236.96,7912.38,21.31,-157.85
065 - INTRACRANIAL HEMORRHAGE OR CEREBRAL INFARCTION W CC OR TPA IN 24 HRS,120002,MAUI MEMORIAL MEDICAL CENTER,221 MAHALANI STREET,WAILUKU,HI,96793,HI - Honolulu,16,32707.06,14249.19,11296.75,20.9,-156.5
065 - INTRACRANIAL HEMORRHAGE OR CEREBRAL INFARCTION W CC OR TPA IN 24 HRS,120004,WAHIAWA GENERAL HOSPITAL,128 LEHUA STREET,WAHIAWA,HI,96786,HI - Honolulu,13,19531.85,10616.46,7654.0,21.53,-158.01
065 - INTRACRANIAL HEMORRHAGE OR CEREBRAL INFARCTION W CC OR TPA IN 24 HRS,120005,HILO MEDICAL CENTER,1190 WAIANUENUE AVENUE,HILO,HI,96720,HI - Honolulu,31,27117.39,11204.45,10031.23,19.7,-155.2
065 - INTRACRANIAL HEMORRHAGE OR CEREBRAL INFARCTION W CC OR TPA IN 24 HRS,120006,CASTLE MEDICAL CENTER,640 ULUKAHIKI ST,KAILUA,HI,96734,HI - Honolulu,22,29687.45,8900.86,7736.32,21.4,-157.75
065 - INTRACRANIAL HEMORRHAGE OR CEREBRAL INFARCTION W CC OR TPA IN 24 HRS,120007,KUAKINI MEDICAL CENTER,347 NORTH KUAKINI STREET,HONOLULU,HI,96817,HI - Honolulu,47,30592.66,9052.6,7181.0,21.34,-157.84
065 - INTRACRANIAL HEMORRHAGE OR CEREBRAL INFARCTION W CC OR TPA IN 24 HRS,120011,KAISER FOUNDATION HOSPITAL,3288 MOANALUA RD,HONOLULU,HI,96819,HI - Honolulu,13,23682.31,11769.08,5459.62,21.35,-157.88
065 - INTRACRANIAL HEMORRHAGE OR CEREBRAL INFARCTION W CC OR TPA IN 24 HRS,120014,WILCOX MEMORIAL HOSPITAL,3-3420 KUHIO HIGHWAY,LIHUE,HI,96766,HI - Honolulu,13,37654.62,12745.23,8174.31,25.0,-169.0
065 - INTRACRANIAL HEMORRHAGE OR CEREBRAL INFARCTION W CC OR TPA IN 24 HRS,120019,KONA COMMUNITY HOSPITAL,79-1019 HAUKAPILA STREET,KEALAKEKUA,HI,96750,HI - Honolulu,13,26844.31,14512.15,13331.85,19.5,-155.8
065 - INTRACRANIAL HEMORRHAGE OR CEREBRAL INFARCTION W CC OR TPA IN 24 HRS,120022,STRAUB CLINIC AND HOSPITAL,888 SO KING STREET,HONOLULU,HI,96813,HI - Honolulu,25,41241.84,10269.28,7019.08,21.31,-157.85
065 - INTRACRANIAL HEMORRHAGE OR CEREBRAL INFARCTION W CC OR TPA IN 24 HRS,120026,PALI MOMI MEDICAL CENTER,98-1079 MOANALUA ROAD,AIEA,HI,96701,HI - Honolulu,36,38326.64,10850.56,6452.92,21.4,-157.92
066 - INTRACRANIAL HEMORRHAGE OR CEREBRAL INFARCTION W/O CC/MCC,120001,THE QUEENS MEDICAL CENTER,1301 PUNCHBOWL ST,HONOLULU,HI,96813,HI - Honolulu,28,22982.93,10552.36,5180.07,21.31,-157.85
066 - INTRACRANIAL HEMORRHAGE OR CEREBRAL INFARCTION W/O CC/MCC,120005,HILO MEDICAL CENTER,1190 WAIANUENUE AVENUE,HILO,HI,96720,HI - Honolulu,19,22013.68,9181.16,6113.11,19.7,-155.2
066 - INTRACRANIAL HEMORRHAGE OR CEREBRAL INFARCTION W/O CC/MCC,120006,CASTLE MEDICAL CENTER,640 ULUKAHIKI ST,KAILUA,HI,96734,HI - Honolulu,11,29820.09,6953.0,5789.73,21.4,-157.75
066 - INTRACRANIAL HEMORRHAGE OR CEREBRAL INFARCTION W/O CC/MCC,120026,PALI MOMI MEDICAL CENTER,98-1079 MOANALUA ROAD,AIEA,HI,96701,HI - Honolulu,20,30113.9,11198.25,4069.0,21.4,-157.92
069 - TRANSIENT ISCHEMIA,120001,THE QUEENS MEDICAL CENTER,1301 PUNCHBOWL ST,HONOLULU,HI,96813,HI - Honolulu,13,25139.23,8449.08,5657.15,21.31,-157.85
070 - NONSPECIFIC CEREBROVASCULAR DISORDERS W MCC,120001,THE QUEENS MEDICAL CENTER,1301 PUNCHBOWL ST,HONOLULU,HI,96813,HI - Honolulu,13,68629.08,21567.23,16042.31,21.31,-157.85
071 - NONSPECIFIC CEREBROVASCULAR DISORDERS W CC,120001,THE QUEENS MEDICAL CENTER,1301 PUNCHBOWL ST,HONOLULU,HI,96813,HI - Honolulu,13,31527.38,10810.0,8558.92,21.31,-157.85
074 - CRANIAL & PERIPHERAL NERVE DISORDERS W/O MCC,120001,THE QUEENS MEDICAL CENTER,1301 PUNCHBOWL ST,HONOLULU,HI,96813,HI - Honolulu,14,27115.0,11841.43,6854.14,21.31,-157.85
"083 - TRAUMATIC STUPOR & COMA, COMA >1 HR W CC",120001,THE QUEENS MEDICAL CENTER,1301 PUNCHBOWL ST,HONOLULU,HI,96813,HI - Honolulu,12,37428.25,13640.5,10736.0,21.31,-157.85
"085 - TRAUMATIC STUPOR & COMA, COMA <1 HR W MCC",120001,THE QUEENS MEDICAL CENTER,1301 PUNCHBOWL ST,HONOLULU,HI,96813,HI - Honolulu,28,47486.32,20340.61,17356.07,21.31,-157.85
"086 - TRAUMATIC STUPOR & COMA, COMA <1 HR W CC",120001,THE QUEENS MEDICAL CENTER,1301 PUNCHBOWL ST,HONOLULU,HI,96813,HI - Honolulu,39,35792.31,12534.82,8841.15,21.31,-157.85
"087 - TRAUMATIC STUPOR & COMA, COMA <1 HR W/O CC/MCC",120001,THE QUEENS MEDICAL CENTER,1301 PUNCHBOWL ST,HONOLULU,HI,96813,HI - Honolulu,21,20652.76,10086.48,5192.29,21.31,-157.85
101 - SEIZURES W/O MCC,120001,THE QUEENS MEDICAL CENTER,1301 PUNCHBOWL ST,HONOLULU,HI,96813,HI - Honolulu,15,29007.47,8865.4,7141.67,21.31,-157.85
153 - OTITIS MEDIA & URI W/O MCC,120001,THE QUEENS MEDICAL CENTER,1301 PUNCHBOWL ST,HONOLULU,HI,96813,HI - Honolulu,11,19695.64,7917.09,5685.27,21.31,-157.85
164 - MAJOR CHEST PROCEDURES W CC,120001,THE QUEENS MEDICAL CENTER,1301 PUNCHBOWL ST,HONOLULU,HI,96813,HI - Honolulu,20,89934.5,25301.3,20397.35,21.31,-157.85
165 - MAJOR CHEST PROCEDURES W/O CC/MCC,120001,THE QUEENS MEDICAL CENTER,1301 PUNCHBOWL ST,HONOLULU,HI,96813,HI - Honolulu,15,66140.13,18492.4,13956.33,21.31,-157.85
167 - OTHER RESP SYSTEM O.R. PROCEDURES W CC,120001,THE QUEENS MEDICAL CENTER,1301 PUNCHBOWL ST,HONOLULU,HI,96813,HI - Honolulu,17,61392.94,18948.53,16096.88,21.31,-157.85
177 - RESPIRATORY INFECTIONS & INFLAMMATIONS W MCC,120001,THE QUEENS MEDICAL CENTER,1301 PUNCHBOWL ST,HONOLULU,HI,96813,HI - Honolulu,34,49705.06,18064.85,15464.5,21.31,-157.85
177 - RESPIRATORY INFECTIONS & INFLAMMATIONS W MCC,120004,WAHIAWA GENERAL HOSPITAL,128 LEHUA STREET,WAHIAWA,HI,96786,HI - Honolulu,14,32419.21,15929.64,12833.21,21.53,-158.01
177 - RESPIRATORY INFECTIONS & INFLAMMATIONS W MCC,120005,HILO MEDICAL CENTER,1190 WAIANUENUE AVENUE,HILO,HI,96720,HI - Honolulu,17,63815.82,25605.94,24968.65,19.7,-155.2
177 - RESPIRATORY INFECTIONS & INFLAMMATIONS W MCC,120007,KUAKINI MEDICAL CENTER,347 NORTH KUAKINI STREET,HONOLULU,HI,96817,HI - Honolulu,25,47824.76,15304.08,13883.52,21.34,-157.84
177 - RESPIRATORY INFECTIONS & INFLAMMATIONS W MCC,120022,STRAUB CLINIC AND HOSPITAL,888 SO KING STREET,HONOLULU,HI,96813,HI - Honolulu,11,55747.18,14788.36,13543.27,21.31,-157.85
177 - RESPIRATORY INFECTIONS & INFLAMMATIONS W MCC,120026,PALI MOMI MEDICAL CENTER,98-1079 MOANALUA ROAD,AIEA,HI,96701,HI - Honolulu,17,44216.06,14275.59,13295.59,21.4,-157.92
178 - RESPIRATORY INFECTIONS & INFLAMMATIONS W CC,120001,THE QUEENS MEDICAL CENTER,1301 PUNCHBOWL ST,HONOLULU,HI,96813,HI - Honolulu,18,31494.28,13464.94,11038.28,21.31,-157.85
178 - RESPIRATORY INFECTIONS & INFLAMMATIONS W CC,120004,WAHIAWA GENERAL HOSPITAL,128 LEHUA STREET,WAHIAWA,HI,96786,HI - Honolulu,15,24742.27,13141.33,9944.6,21.53,-158.01
178 - RESPIRATORY INFECTIONS & INFLAMMATIONS W CC,120005,HILO MEDICAL CENTER,1190 WAIANUENUE AVENUE,HILO,HI,96720,HI - Honolulu,13,30001.92,14135.15,13035.62,19.7,-155.2
178 - RESPIRATORY INFECTIONS & INFLAMMATIONS W CC,120007,KUAKINI MEDICAL CENTER,347 NORTH KUAKINI STREET,HONOLULU,HI,96817,HI - Honolulu,13,33685.23,11189.38,9894.69,21.34,-157.84
178 - RESPIRATORY INFECTIONS & INFLAMMATIONS W CC,120026,PALI MOMI MEDICAL CENTER,98-1079 MOANALUA ROAD,AIEA,HI,96701,HI - Honolulu,19,42396.79,13001.84,8910.32,21.4,-157.92
180 - RESPIRATORY NEOPLASMS W MCC,120001,THE QUEENS MEDICAL CENTER,1301 PUNCHBOWL ST,HONOLULU,HI,96813,HI - Honolulu,15,59324.8,20233.13,12793.27,21.31,-157.85
189 - PULMONARY EDEMA & RESPIRATORY FAILURE,120001,THE QUEENS MEDICAL CENTER,1301 PUNCHBOWL ST,HONOLULU,HI,96813,HI - Honolulu,64,43317.97,13635.48,10505.02,21.31,-157.85
189 - PULMONARY EDEMA & RESPIRATORY FAILURE,120002,MAUI MEMORIAL MEDICAL CENTER,221 MAHALANI STREET,WAILUKU,HI,96793,HI - Honolulu,22,37649.32,17946.64,14549.82,20.9,-156.5
189 - PULMONARY EDEMA & RESPIRATORY FAILURE,120005,HILO MEDICAL CENTER,1190 WAIANUENUE AVENUE,HILO,HI,96720,HI - Honolulu,24,42903.29,14056.29,12064.0,19.7,-155.2
189 - PULMONARY EDEMA & RESPIRATORY FAILURE,120006,CASTLE MEDICAL CENTER,640 ULUKAHIKI ST,KAILUA,HI,96734,HI - Honolulu,23,28039.74,11791.26,9273.13,21.4,-157.75
189 - PULMONARY EDEMA & RESPIRATORY FAILURE,120014,WILCOX MEMORIAL HOSPITAL,3-3420 KUHIO HIGHWAY,LIHUE,HI,96766,HI - Honolulu,11,48055.82,12910.64,12210.64,25.0,-169.0
189 - PULMONARY EDEMA & RESPIRATORY FAILURE,120019,KONA COMMUNITY HOSPITAL,79-1019 HAUKAPILA STREET,KEALAKEKUA,HI,96750,HI - Honolulu,17,27653.59,16755.65,15848.12,19.5,-155.8
189 - PULMONARY EDEMA & RESPIRATORY FAILURE,120022,STRAUB CLINIC AND HOSPITAL,888 SO KING STREET,HONOLULU,HI,96813,HI - Honolulu,28,44920.25,10256.29,9423.54,21.31,-157.85
189 - PULMONARY EDEMA & RESPIRATORY FAILURE,120028,NORTH HAWAII COMMUNITY HOSPITAL,67 1125 MAMALAHOA HIGHWAY,KAMUELA,HI,96743,HI - Honolulu,25,29392.52,13207.56,12181.6,20.0,-155.6
190 - CHRONIC OBSTRUCTIVE PULMONARY DISEASE W MCC,120001,THE QUEENS MEDICAL CENTER,1301 PUNCHBOWL ST,HONOLULU,HI,96813,HI - Honolulu,30,37898.37,12553.53,9240.73,21.31,-157.85
190 - CHRONIC OBSTRUCTIVE PULMONARY DISEASE W MCC,120002,MAUI MEMORIAL MEDICAL CENTER,221 MAHALANI STREET,WAILUKU,HI,96793,HI - Honolulu,31,28221.29,15208.9,13657.81,20.9,-156.5
190 - CHRONIC OBSTRUCTIVE PULMONARY DISEASE W MCC,120004,WAHIAWA GENERAL HOSPITAL,128 LEHUA STREET,WAHIAWA,HI,96786,HI - Honolulu,11,20944.45,10895.55,7997.18,21.53,-158.01
190 - CHRONIC OBSTRUCTIVE PULMONARY DISEASE W MCC,120005,HILO MEDICAL CENTER,1190 WAIANUENUE AVENUE,HILO,HI,96720,HI - Honolulu,32,30594.69,12025.09,11138.59,19.7,-155.2
190 - CHRONIC OBSTRUCTIVE PULMONARY DISEASE W MCC,120006,CASTLE MEDICAL CENTER,640 ULUKAHIKI ST,KAILUA,HI,96734,HI - Honolulu,19,24149.32,9952.26,9009.11,21.4,-157.75
190 - CHRONIC OBSTRUCTIVE PULMONARY DISEASE W MCC,120026,PALI MOMI MEDICAL CENTER,98-1079 MOANALUA ROAD,AIEA,HI,96701,HI - Honolulu,32,53850.59,11250.88,9510.41,21.4,-157.92
191 - CHRONIC OBSTRUCTIVE PULMONARY DISEASE W CC,120001,THE QUEENS MEDICAL CENTER,1301 PUNCHBOWL ST,HONOLULU,HI,96813,HI - Honolulu,25,30769.16,9969.32,8189.8,21.31,-157.85
191 - CHRONIC OBSTRUCTIVE PULMONARY DISEASE W CC,120002,MAUI MEMORIAL MEDICAL CENTER,221 MAHALANI STREET,WAILUKU,HI,96793,HI - Honolulu,12,19403.42,12314.5,11031.17,20.9,-156.5
191 - CHRONIC OBSTRUCTIVE PULMONARY DISEASE W CC,120005,HILO MEDICAL CENTER,1190 WAIANUENUE AVENUE,HILO,HI,96720,HI - Honolulu,32,23260.81,9756.06,8428.22,19.7,-155.2
191 - CHRONIC OBSTRUCTIVE PULMONARY DISEASE W CC,120026,PALI MOMI MEDICAL CENTER,98-1079 MOANALUA ROAD,AIEA,HI,96701,HI - Honolulu,14,40706.93,11383.93,6191.86,21.4,-157.92
192 - CHRONIC OBSTRUCTIVE PULMONARY DISEASE W/O CC/MCC,120005,HILO MEDICAL CENTER,1190 WAIANUENUE AVENUE,HILO,HI,96720,HI - Honolulu,11,20523.91,7626.73,6454.36,19.7,-155.2
193 - SIMPLE PNEUMONIA & PLEURISY W MCC,120001,THE QUEENS MEDICAL CENTER,1301 PUNCHBOWL ST,HONOLULU,HI,96813,HI - Honolulu,55,41655.78,14972.85,12598.8,21.31,-157.85
193 - SIMPLE PNEUMONIA & PLEURISY W MCC,120002,MAUI MEMORIAL MEDICAL CENTER,221 MAHALANI STREET,WAILUKU,HI,96793,HI - Honolulu,34,37742.15,19437.62,18457.59,20.9,-156.5
193 - SIMPLE PNEUMONIA & PLEURISY W MCC,120004,WAHIAWA GENERAL HOSPITAL,128 LEHUA STREET,WAHIAWA,HI,96786,HI - Honolulu,14,33961.29,14574.43,13353.43,21.53,-158.01
193 - SIMPLE PNEUMONIA & PLEURISY W MCC,120005,HILO MEDICAL CENTER,1190 WAIANUENUE AVENUE,HILO,HI,96720,HI - Honolulu,29,39044.0,17668.48,16738.59,19.7,-155.2
193 - SIMPLE PNEUMONIA & PLEURISY W MCC,120006,CASTLE MEDICAL CENTER,640 ULUKAHIKI ST,KAILUA,HI,96734,HI - Honolulu,20,28638.9,12171.45,9494.1,21.4,-157.75
193 - SIMPLE PNEUMONIA & PLEURISY W MCC,120007,KUAKINI MEDICAL CENTER,347 NORTH KUAKINI STREET,HONOLULU,HI,96817,HI - Honolulu,17,39261.76,12325.47,10979.24,21.34,-157.84
193 - SIMPLE PNEUMONIA & PLEURISY W MCC,120014,WILCOX MEMORIAL HOSPITAL,3-3420 KUHIO HIGHWAY,LIHUE,HI,96766,HI - Honolulu,13,33251.15,14520.31,13531.69,25.0,-169.0
193 - SIMPLE PNEUMONIA & PLEURISY W MCC,120019,KONA COMMUNITY HOSPITAL,79-1019 HAUKAPILA STREET,KEALAKEKUA,HI,96750,HI - Honolulu,13,26427.62,19485.08,18298.31,19.5,-155.8
193 - SIMPLE PNEUMONIA & PLEURISY W MCC,120022,STRAUB CLINIC AND HOSPITAL,888 SO KING STREET,HONOLULU,HI,96813,HI - Honolulu,32,42362.53,11834.13,10234.63,21.31,-157.85
193 - SIMPLE PNEUMONIA & PLEURISY W MCC,120026,PALI MOMI MEDICAL CENTER,98-1079 MOANALUA ROAD,AIEA,HI,96701,HI - Honolulu,33,34874.09,11505.45,10059.48,21.4,-157.92
194 - SIMPLE PNEUMONIA & PLEURISY W CC,120001,THE QUEENS MEDICAL CENTER,1301 PUNCHBOWL ST,HONOLULU,HI,96813,HI - Honolulu,42,23082.24,11029.74,6939.67,21.31,-157.85
194 - SIMPLE PNEUMONIA & PLEURISY W CC,120002,MAUI MEMORIAL MEDICAL CENTER,221 MAHALANI STREET,WAILUKU,HI,96793,HI - Honolulu,16,34728.0,13254.56,11232.0,20.9,-156.5
194 - SIMPLE PNEUMONIA & PLEURISY W CC,120004,WAHIAWA GENERAL HOSPITAL,128 LEHUA STREET,WAHIAWA,HI,96786,HI - Honolulu,17,21289.76,9017.18,7731.06,21.53,-158.01
194 - SIMPLE PNEUMONIA & PLEURISY W CC,120005,HILO MEDICAL CENTER,1190 WAIANUENUE AVENUE,HILO,HI,96720,HI - Honolulu,24,25045.83,10414.71,8650.04,19.7,-155.2
194 - SIMPLE PNEUMONIA & PLEURISY W CC,120006,CASTLE MEDICAL CENTER,640 ULUKAHIKI ST,KAILUA,HI,96734,HI - Honolulu,14,23881.57,8548.43,7266.43,21.4,-157.75
194 - SIMPLE PNEUMONIA & PLEURISY W CC,120007,KUAKINI MEDICAL CENTER,347 NORTH KUAKINI STREET,HONOLULU,HI,96817,HI - Honolulu,17,27195.35,7653.65,6448.47,21.34,-157.84
194 - SIMPLE PNEUMONIA & PLEURISY W CC,120011,KAISER FOUNDATION HOSPITAL,3288 MOANALUA RD,HONOLULU,HI,96819,HI - Honolulu,11,11148.09,8528.82,4450.45,21.35,-157.88
194 - SIMPLE PNEUMONIA & PLEURISY W CC,120014,WILCOX MEMORIAL HOSPITAL,3-3420 KUHIO HIGHWAY,LIHUE,HI,96766,HI - Honolulu,22,31762.18,9904.59,8796.05,25.0,-169.0
194 - SIMPLE PNEUMONIA & PLEURISY W CC,120019,KONA COMMUNITY HOSPITAL,79-1019 HAUKAPILA STREET,KEALAKEKUA,HI,96750,HI - Honolulu,16,16673.13,13241.5,12361.25,19.5,-155.8
194 - SIMPLE PNEUMONIA & PLEURISY W CC,120022,STRAUB CLINIC AND HOSPITAL,888 SO KING STREET,HONOLULU,HI,96813,HI - Honolulu,12,31897.75,8817.92,6434.58,21.31,-157.85
194 - SIMPLE PNEUMONIA & PLEURISY W CC,120026,PALI MOMI MEDICAL CENTER,98-1079 MOANALUA ROAD,AIEA,HI,96701,HI - Honolulu,27,31223.19,7923.85,6542.11,21.4,-157.92
195 - SIMPLE PNEUMONIA & PLEURISY W/O CC/MCC,120005,HILO MEDICAL CENTER,1190 WAIANUENUE AVENUE,HILO,HI,96720,HI - Honolulu,14,20413.14,7635.57,5961.36,19.7,-155.2
202 - BRONCHITIS & ASTHMA W CC/MCC,120001,THE QUEENS MEDICAL CENTER,1301 PUNCHBOWL ST,HONOLULU,HI,96813,HI - Honolulu,15,36979.07,10241.2,7115.47,21.31,-157.85
208 - RESPIRATORY SYSTEM DIAGNOSIS W VENTILATOR SUPPORT <=96 HOURS,120001,THE QUEENS MEDICAL CENTER,1301 PUNCHBOWL ST,HONOLULU,HI,96813,HI - Honolulu,30,70543.87,23196.93,20487.83,21.31,-157.85
208 - RESPIRATORY SYSTEM DIAGNOSIS W VENTILATOR SUPPORT <=96 HOURS,120005,HILO MEDICAL CENTER,1190 WAIANUENUE AVENUE,HILO,HI,96720,HI - Honolulu,27,55376.0,24219.56,23346.41,19.7,-155.2
208 - RESPIRATORY SYSTEM DIAGNOSIS W VENTILATOR SUPPORT <=96 HOURS,120007,KUAKINI MEDICAL CENTER,347 NORTH KUAKINI STREET,HONOLULU,HI,96817,HI - Honolulu,12,48252.83,21946.92,17197.92,21.34,-157.84
208 - RESPIRATORY SYSTEM DIAGNOSIS W VENTILATOR SUPPORT <=96 HOURS,120022,STRAUB CLINIC AND HOSPITAL,888 SO KING STREET,HONOLULU,HI,96813,HI - Honolulu,14,103529.86,26849.21,21302.21,21.31,-157.85
216 - CARDIAC VALVE & OTH MAJ CARDIOTHORACIC PROC W CARD CATH W MCC,120001,THE QUEENS MEDICAL CENTER,1301 PUNCHBOWL ST,HONOLULU,HI,96813,HI - Honolulu,12,236547.33,88639.58,67331.83,21.31,-157.85
219 - CARDIAC VALVE & OTH MAJ CARDIOTHORACIC PROC W/O CARD CATH W MCC,120001,THE QUEENS MEDICAL CENTER,1301 PUNCHBOWL ST,HONOLULU,HI,96813,HI - Honolulu,18,203170.11,73046.44,69723.67,21.31,-157.85
219 - CARDIAC VALVE & OTH MAJ CARDIOTHORACIC PROC W/O CARD CATH W MCC,120022,STRAUB CLINIC AND HOSPITAL,888 SO KING STREET,HONOLULU,HI,96813,HI - Honolulu,15,191879.0,60252.47,59125.73,21.31,-157.85
220 - CARDIAC VALVE & OTH MAJ CARDIOTHORACIC PROC W/O CARD CATH W CC,120001,THE QUEENS MEDICAL CENTER,1301 PUNCHBOWL ST,HONOLULU,HI,96813,HI - Honolulu,23,130972.78,49736.3,36932.22,21.31,-157.85
233 - CORONARY BYPASS W CARDIAC CATH W MCC,120001,THE QUEENS MEDICAL CENTER,1301 PUNCHBOWL ST,HONOLULU,HI,96813,HI - Honolulu,18,159207.83,61242.0,57295.94,21.31,-157.85
234 - CORONARY BYPASS W CARDIAC CATH W/O MCC,120001,THE QUEENS MEDICAL CENTER,1301 PUNCHBOWL ST,HONOLULU,HI,96813,HI - Honolulu,19,134091.63,45948.32,38046.37,21.31,-157.85
235 - CORONARY BYPASS W/O CARDIAC CATH W MCC,120001,THE QUEENS MEDICAL CENTER,1301 PUNCHBOWL ST,HONOLULU,HI,96813,HI - Honolulu,11,133842.55,54640.55,51387.64,21.31,-157.85
235 - CORONARY BYPASS W/O CARDIAC CATH W MCC,120022,STRAUB CLINIC AND HOSPITAL,888 SO KING STREET,HONOLULU,HI,96813,HI - Honolulu,17,141573.18,48113.18,38620.65,21.31,-157.85
236 - CORONARY BYPASS W/O CARDIAC CATH W/O MCC,120001,THE QUEENS MEDICAL CENTER,1301 PUNCHBOWL ST,HONOLULU,HI,96813,HI - Honolulu,29,97083.97,34988.52,30186.59,21.31,-157.85
242 - PERMANENT CARDIAC PACEMAKER IMPLANT W MCC,120001,THE QUEENS MEDICAL CENTER,1301 PUNCHBOWL ST,HONOLULU,HI,96813,HI - Honolulu,11,89759.09,33750.27,30997.73,21.31,-157.85
242 - PERMANENT CARDIAC PACEMAKER IMPLANT W MCC,120022,STRAUB CLINIC AND HOSPITAL,888 SO KING STREET,HONOLULU,HI,96813,HI - Honolulu,15,65829.07,29887.07,25185.07,21.31,-157.85
243 - PERMANENT CARDIAC PACEMAKER IMPLANT W CC,120001,THE QUEENS MEDICAL CENTER,1301 PUNCHBOWL ST,HONOLULU,HI,96813,HI - Honolulu,20,70668.65,25484.35,21157.7,21.31,-157.85
243 - PERMANENT CARDIAC PACEMAKER IMPLANT W CC,120022,STRAUB CLINIC AND HOSPITAL,888 SO KING STREET,HONOLULU,HI,96813,HI - Honolulu,13,57346.38,20769.85,19552.62,21.31,-157.85
244 - PERMANENT CARDIAC PACEMAKER IMPLANT W/O CC/MCC,120022,STRAUB CLINIC AND HOSPITAL,888 SO KING STREET,HONOLULU,HI,96813,HI - Honolulu,11,46626.64,20108.09,12797.45,21.31,-157.85
246 - PERC CARDIOVASC PROC W DRUG-ELUTING STENT W MCC OR 4+ VESSELS/STENTS,120001,THE QUEENS MEDICAL CENTER,1301 PUNCHBOWL ST,HONOLULU,HI,96813,HI - Honolulu,42,109084.48,33929.36,31099.95,21.31,-157.85
246 - PERC CARDIOVASC PROC W DRUG-ELUTING STENT W MCC OR 4+ VESSELS/STENTS,120006,CASTLE MEDICAL CENTER,640 ULUKAHIKI ST,KAILUA,HI,96734,HI - Honolulu,26,91851.42,27921.46,22842.19,21.4,-157.75
246 - PERC CARDIOVASC PROC W DRUG-ELUTING STENT W MCC OR 4+ VESSELS/STENTS,120022,STRAUB CLINIC AND HOSPITAL,888 SO KING STREET,HONOLULU,HI,96813,HI - Honolulu,17,107232.47,30170.06,26644.06,21.31,-157.85
246 - PERC CARDIOVASC PROC W DRUG-ELUTING STENT W MCC OR 4+ VESSELS/STENTS,120026,PALI MOMI MEDICAL CENTER,98-1079 MOANALUA ROAD,AIEA,HI,96701,HI - Honolulu,40,116931.13,27929.7,23799.58,21.4,-157.92
247 - PERC CARDIOVASC PROC W DRUG-ELUTING STENT W/O MCC,120001,THE QUEENS MEDICAL CENTER,1301 PUNCHBOWL ST,HONOLULU,HI,96813,HI - Honolulu,82,65546.23,20915.9,15346.17,21.31,-157.85
247 - PERC CARDIOVASC PROC W DRUG-ELUTING STENT W/O MCC,120002,MAUI MEMORIAL MEDICAL CENTER,221 MAHALANI STREET,WAILUKU,HI,96793,HI - Honolulu,16,82934.44,28419.13,27216.69,20.9,-156.5
247 - PERC CARDIOVASC PROC W DRUG-ELUTING STENT W/O MCC,120006,CASTLE MEDICAL CENTER,640 ULUKAHIKI ST,KAILUA,HI,96734,HI - Honolulu,12,49967.33,16813.08,14850.92,21.4,-157.75
247 - PERC CARDIOVASC PROC W DRUG-ELUTING STENT W/O MCC,120022,STRAUB CLINIC AND HOSPITAL,888 SO KING STREET,HONOLULU,HI,96813,HI - Honolulu,33,66481.18,18679.94,13307.61,21.31,-157.85
247 - PERC CARDIOVASC PROC W DRUG-ELUTING STENT W/O MCC,120026,PALI MOMI MEDICAL CENTER,98-1079 MOANALUA ROAD,AIEA,HI,96701,HI - Honolulu,33,78889.73,18042.21,12825.42,21.4,-157.92
252 - OTHER VASCULAR PROCEDURES W MCC,120001,THE QUEENS MEDICAL CENTER,1301 PUNCHBOWL ST,HONOLULU,HI,96813,HI - Honolulu,47,83324.47,34173.87,30631.45,21.31,-157.85
252 - OTHER VASCULAR PROCEDURES W MCC,120022,STRAUB CLINIC AND HOSPITAL,888 SO KING STREET,HONOLULU,HI,96813,HI - Honolulu,23,122788.43,29282.26,28131.7,21.31,-157.85
252 - OTHER VASCULAR PROCEDURES W MCC,120026,PALI MOMI MEDICAL CENTER,98-1079 MOANALUA ROAD,AIEA,HI,96701,HI - Honolulu,23,76392.26,25233.96,24283.22,21.4,-157.92
253 - OTHER VASCULAR PROCEDURES W CC,120001,THE QUEENS MEDICAL CENTER,1301 PUNCHBOWL ST,HONOLULU,HI,96813,HI - Honolulu,21,66768.38,26521.14,19294.48,21.31,-157.85
264 - OTHER CIRCULATORY SYSTEM O.R. PROCEDURES,120001,THE QUEENS MEDICAL CENTER,1301 PUNCHBOWL ST,HONOLULU,HI,96813,HI - Honolulu,15,69200.8,26027.4,22637.07,21.31,-157.85
266 - ENDOVASCULAR CARDIAC VALVE REPLACEMENT W MCC,120001,THE QUEENS MEDICAL CENTER,1301 PUNCHBOWL ST,HONOLULU,HI,96813,HI - Honolulu,27,215973.56,79577.26,75211.15,21.31,-157.85
267 - ENDOVASCULAR CARDIAC VALVE REPLACEMENT W/O MCC,120001,THE QUEENS MEDICAL CENTER,1301 PUNCHBOWL ST,HONOLULU,HI,96813,HI - Honolulu,59,170262.85,57228.27,53244.22,21.31,-157.85
269 - AORTIC AND HEART ASSIST PROCEDURES EXCEPT PULSATION BALLOON W/O MCC,120001,THE QUEENS MEDICAL CENTER,1301 PUNCHBOWL ST,HONOLULU,HI,96813,HI - Honolulu,18,99134.67,36281.11,30078.06,21.31,-157.85
270 - OTHER MAJOR CARDIOVASCULAR PROCEDURES W MCC,120001,THE QUEENS MEDICAL CENTER,1301 PUNCHBOWL ST,HONOLULU,HI,96813,HI - Honolulu,15,109693.6,44254.33,40804.73,21.31,-157.85
270 - OTHER MAJOR CARDIOVASCULAR PROCEDURES W MCC,120022,STRAUB CLINIC AND HOSPITAL,888 SO KING STREET,HONOLULU,HI,96813,HI - Honolulu,11,243696.91,67368.64,56207.0,21.31,-157.85
273 - PERCUTANEOUS INTRACARDIAC PROCEDURES W MCC,120001,THE QUEENS MEDICAL CENTER,1301 PUNCHBOWL ST,HONOLULU,HI,96813,HI - Honolulu,12,124121.42,38696.75,36321.08,21.31,-157.85
274 - PERCUTANEOUS INTRACARDIAC PROCEDURES W/O MCC,120001,THE QUEENS MEDICAL CENTER,1301 PUNCHBOWL ST,HONOLULU,HI,96813,HI - Honolulu,32,91814.63,25553.22,22146.38,21.31,-157.85
274 - PERCUTANEOUS INTRACARDIAC PROCEDURES W/O MCC,120022,STRAUB CLINIC AND HOSPITAL,888 SO KING STREET,HONOLULU,HI,96813,HI - Honolulu,18,66066.39,19624.11,17003.17,21.31,-157.85
"280 - ACUTE MYOCARDIAL INFARCTION, DISCHARGED ALIVE W MCC",120001,THE QUEENS MEDICAL CENTER,1301 PUNCHBOWL ST,HONOLULU,HI,96813,HI - Honolulu,66,50913.89,17819.2,14316.82,21.31,-157.85
"280 - ACUTE MYOCARDIAL INFARCTION, DISCHARGED ALIVE W MCC",120002,MAUI MEMORIAL MEDICAL CENTER,221 MAHALANI STREET,WAILUKU,HI,96793,HI - Honolulu,12,46669.67,22968.08,21901.67,20.9,-156.5
"280 - ACUTE MYOCARDIAL INFARCTION, DISCHARGED ALIVE W MCC",120004,WAHIAWA GENERAL HOSPITAL,128 LEHUA STREET,WAHIAWA,HI,96786,HI - Honolulu,22,27359.68,14574.09,13553.68,21.53,-158.01
"280 - ACUTE MYOCARDIAL INFARCTION, DISCHARGED ALIVE W MCC",120005,HILO MEDICAL CENTER,1190 WAIANUENUE AVENUE,HILO,HI,96720,HI - Honolulu,23,24800.04,17712.13,16022.43,19.7,-155.2
"280 - ACUTE MYOCARDIAL INFARCTION, DISCHARGED ALIVE W MCC",120006,CASTLE MEDICAL CENTER,640 ULUKAHIKI ST,KAILUA,HI,96734,HI - Honolulu,21,48480.62,14082.57,13047.9,21.4,-157.75
"280 - ACUTE MYOCARDIAL INFARCTION, DISCHARGED ALIVE W MCC",120007,KUAKINI MEDICAL CENTER,347 NORTH KUAKINI STREET,HONOLULU,HI,96817,HI - Honolulu,27,44256.89,14519.67,12485.15,21.34,-157.84
"280 - ACUTE MYOCARDIAL INFARCTION, DISCHARGED ALIVE W MCC",120022,STRAUB CLINIC AND HOSPITAL,888 SO KING STREET,HONOLULU,HI,96813,HI - Honolulu,20,38790.65,13986.85,11717.0,21.31,-157.85
"280 - ACUTE MYOCARDIAL INFARCTION, DISCHARGED ALIVE W MCC",120026,PALI MOMI MEDICAL CENTER,98-1079 MOANALUA ROAD,AIEA,HI,96701,HI - Honolulu,61,42975.64,13868.66,11225.34,21.4,-157.92
"281 - ACUTE MYOCARDIAL INFARCTION, DISCHARGED ALIVE W CC",120001,THE QUEENS MEDICAL CENTER,1301 PUNCHBOWL ST,HONOLULU,HI,96813,HI - Honolulu,42,26532.86,11042.36,8243.83,21.31,-157.85
"281 - ACUTE MYOCARDIAL INFARCTION, DISCHARGED ALIVE W CC",120004,WAHIAWA GENERAL HOSPITAL,128 LEHUA STREET,WAHIAWA,HI,96786,HI - Honolulu,16,17021.0,9655.56,7674.5,21.53,-158.01
"281 - ACUTE MYOCARDIAL INFARCTION, DISCHARGED ALIVE W CC",120005,HILO MEDICAL CENTER,1190 WAIANUENUE AVENUE,HILO,HI,96720,HI - Honolulu,12,16150.25,10579.17,9828.33,19.7,-155.2
"281 - ACUTE MYOCARDIAL INFARCTION, DISCHARGED ALIVE W CC",120007,KUAKINI MEDICAL CENTER,347 NORTH KUAKINI STREET,HONOLULU,HI,96817,HI - Honolulu,13,28689.54,8496.31,7105.08,21.34,-157.84
"281 - ACUTE MYOCARDIAL INFARCTION, DISCHARGED ALIVE W CC",120022,STRAUB CLINIC AND HOSPITAL,888 SO KING STREET,HONOLULU,HI,96813,HI - Honolulu,17,33956.65,8531.71,7434.0,21.31,-157.85
"281 - ACUTE MYOCARDIAL INFARCTION, DISCHARGED ALIVE W CC",120026,PALI MOMI MEDICAL CENTER,98-1079 MOANALUA ROAD,AIEA,HI,96701,HI - Honolulu,35,33429.14,8789.66,7321.0,21.4,-157.92
"282 - ACUTE MYOCARDIAL INFARCTION, DISCHARGED ALIVE W/O CC/MCC",120001,THE QUEENS MEDICAL CENTER,1301 PUNCHBOWL ST,HONOLULU,HI,96813,HI - Honolulu,29,22904.1,8145.76,6566.17,21.31,-157.85
"282 - ACUTE MYOCARDIAL INFARCTION, DISCHARGED ALIVE W/O CC/MCC",120002,MAUI MEMORIAL MEDICAL CENTER,221 MAHALANI STREET,WAILUKU,HI,96793,HI - Honolulu,13,32235.23,13319.0,6827.08,20.9,-156.5
"282 - ACUTE MYOCARDIAL INFARCTION, DISCHARGED ALIVE W/O CC/MCC",120004,WAHIAWA GENERAL HOSPITAL,128 LEHUA STREET,WAHIAWA,HI,96786,HI - Honolulu,11,11884.64,7137.36,6344.36,21.53,-158.01
"282 - ACUTE MYOCARDIAL INFARCTION, DISCHARGED ALIVE W/O CC/MCC",120026,PALI MOMI MEDICAL CENTER,98-1079 MOANALUA ROAD,AIEA,HI,96701,HI - Honolulu,17,28405.41,7461.06,4918.12,21.4,-157.92
"286 - CIRCULATORY DISORDERS EXCEPT AMI, W CARD CATH W MCC",120001,THE QUEENS MEDICAL CENTER,1301 PUNCHBOWL ST,HONOLULU,HI,96813,HI - Honolulu,26,65797.31,24276.92,19457.15,21.31,-157.85
"287 - CIRCULATORY DISORDERS EXCEPT AMI, W CARD CATH W/O MCC",120001,THE QUEENS MEDICAL CENTER,1301 PUNCHBOWL ST,HONOLULU,HI,96813,HI - Honolulu,48,30175.02,13010.88,8335.23,21.31,-157.85
"287 - CIRCULATORY DISORDERS EXCEPT AMI, W CARD CATH W/O MCC",120026,PALI MOMI MEDICAL CENTER,98-1079 MOANALUA ROAD,AIEA,HI,96701,HI - Honolulu,12,38082.67,11615.17,6932.25,21.4,-157.92
291 - HEART FAILURE & SHOCK W MCC,120001,THE QUEENS MEDICAL CENTER,1301 PUNCHBOWL ST,HONOLULU,HI,96813,HI - Honolulu,173,42361.95,15675.4,12472.37,21.31,-157.85
291 - HEART FAILURE & SHOCK W MCC,120002,MAUI MEMORIAL MEDICAL CENTER,221 MAHALANI STREET,WAILUKU,HI,96793,HI - Honolulu,25,28870.88,19346.36,17962.64,20.9,-156.5
291 - HEART FAILURE & SHOCK W MCC,120004,WAHIAWA GENERAL HOSPITAL,128 LEHUA STREET,WAHIAWA,HI,96786,HI - Honolulu,15,39472.6,16170.07,14880.4,21.53,-158.01
291 - HEART FAILURE & SHOCK W MCC,120005,HILO MEDICAL CENTER,1190 WAIANUENUE AVENUE,HILO,HI,96720,HI - Honolulu,59,38140.88,15902.81,14874.2,19.7,-155.2
291 - HEART FAILURE & SHOCK W MCC,120006,CASTLE MEDICAL CENTER,640 ULUKAHIKI ST,KAILUA,HI,96734,HI - Honolulu,40,47753.03,13412.78,12120.2,21.4,-157.75
291 - HEART FAILURE & SHOCK W MCC,120007,KUAKINI MEDICAL CENTER,347 NORTH KUAKINI STREET,HONOLULU,HI,96817,HI - Honolulu,38,35380.37,12230.66,10630.42,21.34,-157.84
291 - HEART FAILURE & SHOCK W MCC,120011,KAISER FOUNDATION HOSPITAL,3288 MOANALUA RD,HONOLULU,HI,96819,HI - Honolulu,16,24848.44,11789.06,8685.94,21.35,-157.88
291 - HEART FAILURE & SHOCK W MCC,120022,STRAUB CLINIC AND HOSPITAL,888 SO KING STREET,HONOLULU,HI,96813,HI - Honolulu,49,43097.39,13227.41,10079.53,21.31,-157.85
291 - HEART FAILURE & SHOCK W MCC,120026,PALI MOMI MEDICAL CENTER,98-1079 MOANALUA ROAD,AIEA,HI,96701,HI - Honolulu,54,47697.74,12476.93,10407.17,21.4,-157.92
292 - HEART FAILURE & SHOCK W CC,120001,THE QUEENS MEDICAL CENTER,1301 PUNCHBOWL ST,HONOLULU,HI,96813,HI - Honolulu,112,26521.76,10761.63,7964.21,21.31,-157.85
292 - HEART FAILURE & SHOCK W CC,120002,MAUI MEMORIAL MEDICAL CENTER,221 MAHALANI STREET,WAILUKU,HI,96793,HI - Honolulu,26,19676.85,12826.62,11939.23,20.9,-156.5
292 - HEART FAILURE & SHOCK W CC,120004,WAHIAWA GENERAL HOSPITAL,128 LEHUA STREET,WAHIAWA,HI,96786,HI - Honolulu,12,25766.08,9096.25,6684.83,21.53,-158.01
292 - HEART FAILURE & SHOCK W CC,120005,HILO MEDICAL CENTER,1190 WAIANUENUE AVENUE,HILO,HI,96720,HI - Honolulu,60,24212.02,10351.73,9079.72,19.7,-155.2
292 - HEART FAILURE & SHOCK W CC,120006,CASTLE MEDICAL CENTER,640 ULUKAHIKI ST,KAILUA,HI,96734,HI - Honolulu,20,25153.5,8384.7,7614.7,21.4,-157.75
292 - HEART FAILURE & SHOCK W CC,120007,KUAKINI MEDICAL CENTER,347 NORTH KUAKINI STREET,HONOLULU,HI,96817,HI - Honolulu,13,30701.46,9006.31,6292.62,21.34,-157.84
292 - HEART FAILURE & SHOCK W CC,120011,KAISER FOUNDATION HOSPITAL,3288 MOANALUA RD,HONOLULU,HI,96819,HI - Honolulu,21,19173.24,7690.14,5699.57,21.35,-157.88
292 - HEART FAILURE & SHOCK W CC,120014,WILCOX MEMORIAL HOSPITAL,3-3420 KUHIO HIGHWAY,LIHUE,HI,96766,HI - Honolulu,21,31901.67,11199.57,7643.95,25.0,-169.0
292 - HEART FAILURE & SHOCK W CC,120019,KONA COMMUNITY HOSPITAL,79-1019 HAUKAPILA STREET,KEALAKEKUA,HI,96750,HI - Honolulu,25,14831.04,13252.64,12281.6,19.5,-155.8
292 - HEART FAILURE & SHOCK W CC,120022,STRAUB CLINIC AND HOSPITAL,888 SO KING STREET,HONOLULU,HI,96813,HI - Honolulu,46,30883.04,8742.65,6930.98,21.31,-157.85
292 - HEART FAILURE & SHOCK W CC,120026,PALI MOMI MEDICAL CENTER,98-1079 MOANALUA ROAD,AIEA,HI,96701,HI - Honolulu,51,35368.69,8677.33,7211.45,21.4,-157.92
292 - HEART FAILURE & SHOCK W CC,120028,NORTH HAWAII COMMUNITY HOSPITAL,67 1125 MAMALAHOA HIGHWAY,KAMUELA,HI,96743,HI - Honolulu,14,23324.64,10052.71,9134.71,20.0,-155.6
293 - HEART FAILURE & SHOCK W/O CC/MCC,120001,THE QUEENS MEDICAL CENTER,1301 PUNCHBOWL ST,HONOLULU,HI,96813,HI - Honolulu,13,16508.08,7384.15,6040.46,21.31,-157.85
293 - HEART FAILURE & SHOCK W/O CC/MCC,120002,MAUI MEMORIAL MEDICAL CENTER,221 MAHALANI STREET,WAILUKU,HI,96793,HI - Honolulu,12,14260.25,9754.17,7624.33,20.9,-156.5
293 - HEART FAILURE & SHOCK W/O CC/MCC,120005,HILO MEDICAL CENTER,1190 WAIANUENUE AVENUE,HILO,HI,96720,HI - Honolulu,14,16686.5,7027.0,5920.07,19.7,-155.2
299 - PERIPHERAL VASCULAR DISORDERS W MCC,120001,THE QUEENS MEDICAL CENTER,1301 PUNCHBOWL ST,HONOLULU,HI,96813,HI - Honolulu,12,86641.08,23951.92,20114.58,21.31,-157.85
300 - PERIPHERAL VASCULAR DISORDERS W CC,120001,THE QUEENS MEDICAL CENTER,1301 PUNCHBOWL ST,HONOLULU,HI,96813,HI - Honolulu,18,29721.44,10761.17,7997.17,21.31,-157.85
308 - CARDIAC ARRHYTHMIA & CONDUCTION DISORDERS W MCC,120001,THE QUEENS MEDICAL CENTER,1301 PUNCHBOWL ST,HONOLULU,HI,96813,HI - Honolulu,39,37366.0,12599.41,10064.9,21.31,-157.85
308 - CARDIAC ARRHYTHMIA & CONDUCTION DISORDERS W MCC,120002,MAUI MEMORIAL MEDICAL CENTER,221 MAHALANI STREET,WAILUKU,HI,96793,HI - Honolulu,16,29173.94,15511.75,12452.63,20.9,-156.5
308 - CARDIAC ARRHYTHMIA & CONDUCTION DISORDERS W MCC,120005,HILO MEDICAL CENTER,1190 WAIANUENUE AVENUE,HILO,HI,96720,HI - Honolulu,24,26458.46,12847.46,10920.04,19.7,-155.2
309 - CARDIAC ARRHYTHMIA & CONDUCTION DISORDERS W CC,120001,THE QUEENS MEDICAL CENTER,1301 PUNCHBOWL ST,HONOLULU,HI,96813,HI - Honolulu,37,23606.41,8788.57,6340.43,21.31,-157.85
309 - CARDIAC ARRHYTHMIA & CONDUCTION DISORDERS W CC,120002,MAUI MEMORIAL MEDICAL CENTER,221 MAHALANI STREET,WAILUKU,HI,96793,HI - Honolulu,20,26240.4,10449.8,8883.4,20.9,-156.5
309 - CARDIAC ARRHYTHMIA & CONDUCTION DISORDERS W CC,120005,HILO MEDICAL CENTER,1190 WAIANUENUE AVENUE,HILO,HI,96720,HI - Honolulu,36,21182.72,8368.11,6982.47,19.7,-155.2
309 - CARDIAC ARRHYTHMIA & CONDUCTION DISORDERS W CC,120006,CASTLE MEDICAL CENTER,640 ULUKAHIKI ST,KAILUA,HI,96734,HI - Honolulu,11,20561.36,7019.55,5615.91,21.4,-157.75
310 - CARDIAC ARRHYTHMIA & CONDUCTION DISORDERS W/O CC/MCC,120001,THE QUEENS MEDICAL CENTER,1301 PUNCHBOWL ST,HONOLULU,HI,96813,HI - Honolulu,16,18392.0,7006.25,4199.5,21.31,-157.85
310 - CARDIAC ARRHYTHMIA & CONDUCTION DISORDERS W/O CC/MCC,120005,HILO MEDICAL CENTER,1190 WAIANUENUE AVENUE,HILO,HI,96720,HI - Honolulu,13,16232.23,6070.85,4318.54,19.7,-155.2
310 - CARDIAC ARRHYTHMIA & CONDUCTION DISORDERS W/O CC/MCC,120006,CASTLE MEDICAL CENTER,640 ULUKAHIKI ST,KAILUA,HI,96734,HI - Honolulu,13,19118.15,5479.15,4397.92,21.4,-157.75
312 - SYNCOPE & COLLAPSE,120001,THE QUEENS MEDICAL CENTER,1301 PUNCHBOWL ST,HONOLULU,HI,96813,HI - Honolulu,42,30040.12,8711.71,6482.48,21.31,-157.85
312 - SYNCOPE & COLLAPSE,120005,HILO MEDICAL CENTER,1190 WAIANUENUE AVENUE,HILO,HI,96720,HI - Honolulu,11,19159.91,7963.55,6890.64,19.7,-155.2
312 - SYNCOPE & COLLAPSE,120006,CASTLE MEDICAL CENTER,640 ULUKAHIKI ST,KAILUA,HI,96734,HI - Honolulu,11,25134.91,6991.27,6067.27,21.4,-157.75
313 - CHEST PAIN,120002,MAUI MEMORIAL MEDICAL CENTER,221 MAHALANI STREET,WAILUKU,HI,96793,HI - Honolulu,11,16496.82,8509.64,6856.18,20.9,-156.5
314 - OTHER CIRCULATORY SYSTEM DIAGNOSES W MCC,120001,THE QUEENS MEDICAL CENTER,1301 PUNCHBOWL ST,HONOLULU,HI,96813,HI - Honolulu,41,42964.29,18837.71,16351.02,21.31,-157.85
"326 - STOMACH, ESOPHAGEAL & DUODENAL PROC W MCC",120001,THE QUEENS MEDICAL CENTER,1301 PUNCHBOWL ST,HONOLULU,HI,96813,HI - Honolulu,19,117350.26,47518.89,39417.42,21.31,-157.85
"327 - STOMACH, ESOPHAGEAL & DUODENAL PROC W CC",120001,THE QUEENS MEDICAL CENTER,1301 PUNCHBOWL ST,HONOLULU,HI,96813,HI - Honolulu,25,51633.92,30847.72,20654.24,21.31,-157.85
329 - MAJOR SMALL & LARGE BOWEL PROCEDURES W MCC,120001,THE QUEENS MEDICAL CENTER,1301 PUNCHBOWL ST,HONOLULU,HI,96813,HI - Honolulu,25,142300.4,56149.2,49175.2,21.31,-157.85
329 - MAJOR SMALL & LARGE BOWEL PROCEDURES W MCC,120005,HILO MEDICAL CENTER,1190 WAIANUENUE AVENUE,HILO,HI,96720,HI - Honolulu,12,77565.5,54477.5,53697.33,19.7,-155.2
330 - MAJOR SMALL & LARGE BOWEL PROCEDURES W CC,120001,THE QUEENS MEDICAL CENTER,1301 PUNCHBOWL ST,HONOLULU,HI,96813,HI - Honolulu,42,55389.64,25658.12,19679.12,21.31,-157.85
330 - MAJOR SMALL & LARGE BOWEL PROCEDURES W CC,120007,KUAKINI MEDICAL CENTER,347 NORTH KUAKINI STREET,HONOLULU,HI,96817,HI - Honolulu,13,49936.85,20211.23,18722.46,21.34,-157.84
330 - MAJOR SMALL & LARGE BOWEL PROCEDURES W CC,120022,STRAUB CLINIC AND HOSPITAL,888 SO KING STREET,HONOLULU,HI,96813,HI - Honolulu,11,76216.73,22946.64,17177.73,21.31,-157.85
330 - MAJOR SMALL & LARGE BOWEL PROCEDURES W CC,120026,PALI MOMI MEDICAL CENTER,98-1079 MOANALUA ROAD,AIEA,HI,96701,HI - Honolulu,11,74026.45,26639.0,17122.82,21.4,-157.92
331 - MAJOR SMALL & LARGE BOWEL PROCEDURES W/O CC/MCC,120001,THE QUEENS MEDICAL CENTER,1301 PUNCHBOWL ST,HONOLULU,HI,96813,HI - Honolulu,16,41430.5,19995.56,9418.75,21.31,-157.85
356 - OTHER DIGESTIVE SYSTEM O.R. PROCEDURES W MCC,120001,THE QUEENS MEDICAL CENTER,1301 PUNCHBOWL ST,HONOLULU,HI,96813,HI - Honolulu,18,65839.56,34777.22,31853.61,21.31,-157.85
377 - G.I. HEMORRHAGE W MCC,120001,THE QUEENS MEDICAL CENTER,1301 PUNCHBOWL ST,HONOLULU,HI,96813,HI - Honolulu,45,40757.93,17141.07,14707.33,21.31,-157.85
377 - G.I. HEMORRHAGE W MCC,120004,WAHIAWA GENERAL HOSPITAL,128 LEHUA STREET,WAHIAWA,HI,96786,HI - Honolulu,12,29987.08,15432.83,14103.67,21.53,-158.01
377 - G.I. HEMORRHAGE W MCC,120005,HILO MEDICAL CENTER,1190 WAIANUENUE AVENUE,HILO,HI,96720,HI - Honolulu,16,31819.25,17968.56,16262.94,19.7,-155.2
377 - G.I. HEMORRHAGE W MCC,120006,CASTLE MEDICAL CENTER,640 ULUKAHIKI ST,KAILUA,HI,96734,HI - Honolulu,13,55521.38,14917.54,14129.23,21.4,-157.75
377 - G.I. HEMORRHAGE W MCC,120007,KUAKINI MEDICAL CENTER,347 NORTH KUAKINI STREET,HONOLULU,HI,96817,HI - Honolulu,15,32988.13,13093.87,11928.13,21.34,-157.84
377 - G.I. HEMORRHAGE W MCC,120022,STRAUB CLINIC AND HOSPITAL,888 SO KING STREET,HONOLULU,HI,96813,HI - Honolulu,19,54705.74,14600.32,11361.89,21.31,-157.85
377 - G.I. HEMORRHAGE W MCC,120026,PALI MOMI MEDICAL CENTER,98-1079 MOANALUA ROAD,AIEA,HI,96701,HI - Honolulu,20,40173.75,13856.05,11598.45,21.4,-157.92
378 - G.I. HEMORRHAGE W CC,120001,THE QUEENS MEDICAL CENTER,1301 PUNCHBOWL ST,HONOLULU,HI,96813,HI - Honolulu,93,23330.94,10763.98,7931.29,21.31,-157.85
378 - G.I. HEMORRHAGE W CC,120002,MAUI MEMORIAL MEDICAL CENTER,221 MAHALANI STREET,WAILUKU,HI,96793,HI - Honolulu,19,26040.79,13195.37,11437.79,20.9,-156.5
378 - G.I. HEMORRHAGE W CC,120005,HILO MEDICAL CENTER,1190 WAIANUENUE AVENUE,HILO,HI,96720,HI - Honolulu,46,23173.93,10537.3,9205.09,19.7,-155.2
378 - G.I. HEMORRHAGE W CC,120006,CASTLE MEDICAL CENTER,640 ULUKAHIKI ST,KAILUA,HI,96734,HI - Honolulu,26,25497.38,9271.42,7032.23,21.4,-157.75
378 - G.I. HEMORRHAGE W CC,120007,KUAKINI MEDICAL CENTER,347 NORTH KUAKINI STREET,HONOLULU,HI,96817,HI - Honolulu,40,22971.53,8710.33,6529.93,21.34,-157.84
378 - G.I. HEMORRHAGE W CC,120014,WILCOX MEMORIAL HOSPITAL,3-3420 KUHIO HIGHWAY,LIHUE,HI,96766,HI - Honolulu,21,25444.05,9994.0,8656.86,25.0,-169.0
378 - G.I. HEMORRHAGE W CC,120019,KONA COMMUNITY HOSPITAL,79-1019 HAUKAPILA STREET,KEALAKEKUA,HI,96750,HI - Honolulu,20,21894.35,13596.45,12631.85,19.5,-155.8
378 - G.I. HEMORRHAGE W CC,120022,STRAUB CLINIC AND HOSPITAL,888 SO KING STREET,HONOLULU,HI,96813,HI - Honolulu,31,28874.65,9257.03,6545.26,21.31,-157.85
378 - G.I. HEMORRHAGE W CC,120026,PALI MOMI MEDICAL CENTER,98-1079 MOANALUA ROAD,AIEA,HI,96701,HI - Honolulu,45,30293.91,8716.58,7094.96,21.4,-157.92
379 - G.I. HEMORRHAGE W/O CC/MCC,120001,THE QUEENS MEDICAL CENTER,1301 PUNCHBOWL ST,HONOLULU,HI,96813,HI - Honolulu,14,18140.36,7848.07,5283.5,21.31,-157.85
379 - G.I. HEMORRHAGE W/O CC/MCC,120005,HILO MEDICAL CENTER,1190 WAIANUENUE AVENUE,HILO,HI,96720,HI - Honolulu,14,14613.71,8235.71,5494.07,19.7,-155.2
388 - G.I. OBSTRUCTION W MCC,120001,THE QUEENS MEDICAL CENTER,1301 PUNCHBOWL ST,HONOLULU,HI,96813,HI - Honolulu,13,38395.62,14524.38,12277.62,21.31,-157.85
388 - G.I. OBSTRUCTION W MCC,120026,PALI MOMI MEDICAL CENTER,98-1079 MOANALUA ROAD,AIEA,HI,96701,HI - Honolulu,17,38693.47,12473.24,11415.82,21.4,-157.92
389 - G.I. OBSTRUCTION W CC,120001,THE QUEENS MEDICAL CENTER,1301 PUNCHBOWL ST,HONOLULU,HI,96813,HI - Honolulu,40,22801.0,9769.38,6921.5,21.31,-157.85
389 - G.I. OBSTRUCTION W CC,120002,MAUI MEMORIAL MEDICAL CENTER,221 MAHALANI STREET,WAILUKU,HI,96793,HI - Honolulu,11,14422.27,11572.55,9862.82,20.9,-156.5
389 - G.I. OBSTRUCTION W CC,120005,HILO MEDICAL CENTER,1190 WAIANUENUE AVENUE,HILO,HI,96720,HI - Honolulu,11,15609.36,9073.09,7902.09,19.7,-155.2
389 - G.I. OBSTRUCTION W CC,120007,KUAKINI MEDICAL CENTER,347 NORTH KUAKINI STREET,HONOLULU,HI,96817,HI - Honolulu,16,20194.56,7471.88,6021.13,21.34,-157.84
389 - G.I. OBSTRUCTION W CC,120014,WILCOX MEMORIAL HOSPITAL,3-3420 KUHIO HIGHWAY,LIHUE,HI,96766,HI - Honolulu,13,20355.69,9272.46,6733.23,25.0,-169.0
389 - G.I. OBSTRUCTION W CC,120022,STRAUB CLINIC AND HOSPITAL,888 SO KING STREET,HONOLULU,HI,96813,HI - Honolulu,16,25446.88,7384.25,6199.81,21.31,-157.85
389 - G.I. OBSTRUCTION W CC,120026,PALI MOMI MEDICAL CENTER,98-1079 MOANALUA ROAD,AIEA,HI,96701,HI - Honolulu,20,22508.05,7342.0,6378.8,21.4,-157.92
390 - G.I. OBSTRUCTION W/O CC/MCC,120001,THE QUEENS MEDICAL CENTER,1301 PUNCHBOWL ST,HONOLULU,HI,96813,HI - Honolulu,32,13866.22,7383.31,4654.38,21.31,-157.85
390 - G.I. OBSTRUCTION W/O CC/MCC,120002,MAUI MEMORIAL MEDICAL CENTER,221 MAHALANI STREET,WAILUKU,HI,96793,HI - Honolulu,15,11426.4,8127.47,6495.47,20.9,-156.5
390 - G.I. OBSTRUCTION W/O CC/MCC,120022,STRAUB CLINIC AND HOSPITAL,888 SO KING STREET,HONOLULU,HI,96813,HI - Honolulu,15,18508.73,5740.6,3942.73,21.31,-157.85
390 - G.I. OBSTRUCTION W/O CC/MCC,120026,PALI MOMI MEDICAL CENTER,98-1079 MOANALUA ROAD,AIEA,HI,96701,HI - Honolulu,24,19438.46,5427.21,4315.96,21.4,-157.92
"391 - ESOPHAGITIS, GASTROENT & MISC DIGEST DISORDERS W MCC",120001,THE QUEENS MEDICAL CENTER,1301 PUNCHBOWL ST,HONOLULU,HI,96813,HI - Honolulu,14,43549.5,13828.5,11031.93,21.31,-157.85
"392 - ESOPHAGITIS, GASTROENT & MISC DIGEST DISORDERS W/O MCC",120001,THE QUEENS MEDICAL CENTER,1301 PUNCHBOWL ST,HONOLULU,HI,96813,HI - Honolulu,39,21075.36,8619.49,5785.82,21.31,-157.85
"392 - ESOPHAGITIS, GASTROENT & MISC DIGEST DISORDERS W/O MCC",120002,MAUI MEMORIAL MEDICAL CENTER,221 MAHALANI STREET,WAILUKU,HI,96793,HI - Honolulu,22,17922.05,10421.32,7522.95,20.9,-156.5
"392 - ESOPHAGITIS, GASTROENT & MISC DIGEST DISORDERS W/O MCC",120005,HILO MEDICAL CENTER,1190 WAIANUENUE AVENUE,HILO,HI,96720,HI - Honolulu,30,20754.7,8365.6,6624.03,19.7,-155.2
"392 - ESOPHAGITIS, GASTROENT & MISC DIGEST DISORDERS W/O MCC",120014,WILCOX MEMORIAL HOSPITAL,3-3420 KUHIO HIGHWAY,LIHUE,HI,96766,HI - Honolulu,12,22349.33,8522.5,4822.67,25.0,-169.0
"392 - ESOPHAGITIS, GASTROENT & MISC DIGEST DISORDERS W/O MCC",120019,KONA COMMUNITY HOSPITAL,79-1019 HAUKAPILA STREET,KEALAKEKUA,HI,96750,HI - Honolulu,13,22547.62,10126.23,9437.0,19.5,-155.8
"392 - ESOPHAGITIS, GASTROENT & MISC DIGEST DISORDERS W/O MCC",120022,STRAUB CLINIC AND HOSPITAL,888 SO KING STREET,HONOLULU,HI,96813,HI - Honolulu,15,26816.4,7208.2,4399.27,21.31,-157.85
"392 - ESOPHAGITIS, GASTROENT & MISC DIGEST DISORDERS W/O MCC",120026,PALI MOMI MEDICAL CENTER,98-1079 MOANALUA ROAD,AIEA,HI,96701,HI - Honolulu,14,27645.07,6683.64,4929.07,21.4,-157.92
393 - OTHER DIGESTIVE SYSTEM DIAGNOSES W MCC,120001,THE QUEENS MEDICAL CENTER,1301 PUNCHBOWL ST,HONOLULU,HI,96813,HI - Honolulu,20,34500.6,16042.2,13729.2,21.31,-157.85
394 - OTHER DIGESTIVE SYSTEM DIAGNOSES W CC,120001,THE QUEENS MEDICAL CENTER,1301 PUNCHBOWL ST,HONOLULU,HI,96813,HI - Honolulu,22,22652.05,10375.59,7840.41,21.31,-157.85
394 - OTHER DIGESTIVE SYSTEM DIAGNOSES W CC,120026,PALI MOMI MEDICAL CENTER,98-1079 MOANALUA ROAD,AIEA,HI,96701,HI - Honolulu,12,33485.08,8837.92,6391.33,21.4,-157.92
417 - LAPAROSCOPIC CHOLECYSTECTOMY W/O C.D.E. W MCC,120001,THE QUEENS MEDICAL CENTER,1301 PUNCHBOWL ST,HONOLULU,HI,96813,HI - Honolulu,12,59797.08,23145.75,20850.75,21.31,-157.85
418 - LAPAROSCOPIC CHOLECYSTECTOMY W/O C.D.E. W CC,120001,THE QUEENS MEDICAL CENTER,1301 PUNCHBOWL ST,HONOLULU,HI,96813,HI - Honolulu,22,60593.5,19421.14,14146.73,21.31,-157.85
418 - LAPAROSCOPIC CHOLECYSTECTOMY W/O C.D.E. W CC,120026,PALI MOMI MEDICAL CENTER,98-1079 MOANALUA ROAD,AIEA,HI,96701,HI - Honolulu,12,52195.17,13652.17,10781.0,21.4,-157.92
419 - LAPAROSCOPIC CHOLECYSTECTOMY W/O C.D.E. W/O CC/MCC,120001,THE QUEENS MEDICAL CENTER,1301 PUNCHBOWL ST,HONOLULU,HI,96813,HI - Honolulu,15,30918.6,12697.0,7144.87,21.31,-157.85
435 - MALIGNANCY OF HEPATOBILIARY SYSTEM OR PANCREAS W MCC,120001,THE QUEENS MEDICAL CENTER,1301 PUNCHBOWL ST,HONOLULU,HI,96813,HI - Honolulu,14,41753.21,16307.36,13658.07,21.31,-157.85
439 - DISORDERS OF PANCREAS EXCEPT MALIGNANCY W CC,120001,THE QUEENS MEDICAL CENTER,1301 PUNCHBOWL ST,HONOLULU,HI,96813,HI - Honolulu,11,20203.18,9479.09,7555.27,21.31,-157.85
"442 - DISORDERS OF LIVER EXCEPT MALIG,CIRR,ALC HEPA W CC",120001,THE QUEENS MEDICAL CENTER,1301 PUNCHBOWL ST,HONOLULU,HI,96813,HI - Honolulu,11,20162.45,9802.45,8270.45,21.31,-157.85
460 - SPINAL FUSION EXCEPT CERVICAL W/O MCC,120001,THE QUEENS MEDICAL CENTER,1301 PUNCHBOWL ST,HONOLULU,HI,96813,HI - Honolulu,59,102666.12,38346.83,31747.25,21.31,-157.85
460 - SPINAL FUSION EXCEPT CERVICAL W/O MCC,120002,MAUI MEMORIAL MEDICAL CENTER,221 MAHALANI STREET,WAILUKU,HI,96793,HI - Honolulu,12,112156.25,54857.17,51434.5,20.9,-156.5
460 - SPINAL FUSION EXCEPT CERVICAL W/O MCC,120007,KUAKINI MEDICAL CENTER,347 NORTH KUAKINI STREET,HONOLULU,HI,96817,HI - Honolulu,12,44825.83,30350.33,24753.75,21.34,-157.84
460 - SPINAL FUSION EXCEPT CERVICAL W/O MCC,120026,PALI MOMI MEDICAL CENTER,98-1079 MOANALUA ROAD,AIEA,HI,96701,HI - Honolulu,20,75679.0,29784.75,28502.35,21.4,-157.92
462 - BILATERAL OR MULTIPLE MAJOR JOINT PROCS OF LOWER EXTREMITY W/O MCC,120022,STRAUB CLINIC AND HOSPITAL,888 SO KING STREET,HONOLULU,HI,96813,HI - Honolulu,35,82001.97,28836.94,19768.66,21.31,-157.85
469 - MAJOR JOINT REPLACEMENT OR REATTACHMENT OF LOWER EXTREMITY W MCC,120001,THE QUEENS MEDICAL CENTER,1301 PUNCHBOWL ST,HONOLULU,HI,96813,HI - Honolulu,12,83201.42,31031.92,26956.92,21.31,-157.85
470 - MAJOR JOINT REPLACEMENT OR REATTACHMENT OF LOWER EXTREMITY W/O MCC,120001,THE QUEENS MEDICAL CENTER,1301 PUNCHBOWL ST,HONOLULU,HI,96813,HI - Honolulu,271,44335.45,20547.2,14964.61,21.31,-157.85
470 - MAJOR JOINT REPLACEMENT OR REATTACHMENT OF LOWER EXTREMITY W/O MCC,120002,MAUI MEMORIAL MEDICAL CENTER,221 MAHALANI STREET,WAILUKU,HI,96793,HI - Honolulu,24,79715.63,28214.13,21208.5,20.9,-156.5
470 - MAJOR JOINT REPLACEMENT OR REATTACHMENT OF LOWER EXTREMITY W/O MCC,120005,HILO MEDICAL CENTER,1190 WAIANUENUE AVENUE,HILO,HI,96720,HI - Honolulu,39,44163.36,21907.51,18849.64,19.7,-155.2
470 - MAJOR JOINT REPLACEMENT OR REATTACHMENT OF LOWER EXTREMITY W/O MCC,120006,CASTLE MEDICAL CENTER,640 ULUKAHIKI ST,KAILUA,HI,96734,HI - Honolulu,120,53163.77,18400.66,14520.85,21.4,-157.75
470 - MAJOR JOINT REPLACEMENT OR REATTACHMENT OF LOWER EXTREMITY W/O MCC,120007,KUAKINI MEDICAL CENTER,347 NORTH KUAKINI STREET,HONOLULU,HI,96817,HI - Honolulu,133,30877.54,17832.94,13556.88,21.34,-157.84
470 - MAJOR JOINT REPLACEMENT OR REATTACHMENT OF LOWER EXTREMITY W/O MCC,120011,KAISER FOUNDATION HOSPITAL,3288 MOANALUA RD,HONOLULU,HI,96819,HI - Honolulu,53,27131.21,19962.0,9427.92,21.35,-157.88
470 - MAJOR JOINT REPLACEMENT OR REATTACHMENT OF LOWER EXTREMITY W/O MCC,120014,WILCOX MEMORIAL HOSPITAL,3-3420 KUHIO HIGHWAY,LIHUE,HI,96766,HI - Honolulu,96,52910.71,22307.04,17103.58,25.0,-169.0
470 - MAJOR JOINT REPLACEMENT OR REATTACHMENT OF LOWER EXTREMITY W/O MCC,120022,STRAUB CLINIC AND HOSPITAL,888 SO KING STREET,HONOLULU,HI,96813,HI - Honolulu,192,53557.78,19159.4,12709.69,21.31,-157.85
470 - MAJOR JOINT REPLACEMENT OR REATTACHMENT OF LOWER EXTREMITY W/O MCC,120026,PALI MOMI MEDICAL CENTER,98-1079 MOANALUA ROAD,AIEA,HI,96701,HI - Honolulu,21,47852.05,18148.86,12829.62,21.4,-157.92
470 - MAJOR JOINT REPLACEMENT OR REATTACHMENT OF LOWER EXTREMITY W/O MCC,120028,NORTH HAWAII COMMUNITY HOSPITAL,67 1125 MAMALAHOA HIGHWAY,KAMUELA,HI,96743,HI - Honolulu,19,58206.63,21874.16,20665.74,20.0,-155.6
472 - CERVICAL SPINAL FUSION W CC,120001,THE QUEENS MEDICAL CENTER,1301 PUNCHBOWL ST,HONOLULU,HI,96813,HI - Honolulu,16,58539.06,27366.5,20819.19,21.31,-157.85
473 - CERVICAL SPINAL FUSION W/O CC/MCC,120001,THE QUEENS MEDICAL CENTER,1301 PUNCHBOWL ST,HONOLULU,HI,96813,HI - Honolulu,16,43975.69,21224.88,17468.88,21.31,-157.85
480 - HIP & FEMUR PROCEDURES EXCEPT MAJOR JOINT W MCC,120001,THE QUEENS MEDICAL CENTER,1301 PUNCHBOWL ST,HONOLULU,HI,96813,HI - Honolulu,22,77400.73,31869.45,27352.73,21.31,-157.85
481 - HIP & FEMUR PROCEDURES EXCEPT MAJOR JOINT W CC,120001,THE QUEENS MEDICAL CENTER,1301 PUNCHBOWL ST,HONOLULU,HI,96813,HI - Honolulu,40,44946.7,18763.53,15651.45,21.31,-157.85
481 - HIP & FEMUR PROCEDURES EXCEPT MAJOR JOINT W CC,120002,MAUI MEMORIAL MEDICAL CENTER,221 MAHALANI STREET,WAILUKU,HI,96793,HI - Honolulu,25,54023.92,26951.44,25772.08,20.9,-156.5
481 - HIP & FEMUR PROCEDURES EXCEPT MAJOR JOINT W CC,120005,HILO MEDICAL CENTER,1190 WAIANUENUE AVENUE,HILO,HI,96720,HI - Honolulu,25,43620.04,20871.16,18621.2,19.7,-155.2
481 - HIP & FEMUR PROCEDURES EXCEPT MAJOR JOINT W CC,120006,CASTLE MEDICAL CENTER,640 ULUKAHIKI ST,KAILUA,HI,96734,HI - Honolulu,22,54741.91,16998.27,14089.77,21.4,-157.75
481 - HIP & FEMUR PROCEDURES EXCEPT MAJOR JOINT W CC,120007,KUAKINI MEDICAL CENTER,347 NORTH KUAKINI STREET,HONOLULU,HI,96817,HI - Honolulu,19,39455.0,17010.16,15504.79,21.34,-157.84
481 - HIP & FEMUR PROCEDURES EXCEPT MAJOR JOINT W CC,120014,WILCOX MEMORIAL HOSPITAL,3-3420 KUHIO HIGHWAY,LIHUE,HI,96766,HI - Honolulu,24,53790.25,20187.17,19176.83,25.0,-169.0
481 - HIP & FEMUR PROCEDURES EXCEPT MAJOR JOINT W CC,120022,STRAUB CLINIC AND HOSPITAL,888 SO KING STREET,HONOLULU,HI,96813,HI - Honolulu,15,69745.4,16043.13,14771.27,21.31,-157.85
481 - HIP & FEMUR PROCEDURES EXCEPT MAJOR JOINT W CC,120026,PALI MOMI MEDICAL CENTER,98-1079 MOANALUA ROAD,AIEA,HI,96701,HI - Honolulu,18,47533.67,16614.78,13181.11,21.4,-157.92
482 - HIP & FEMUR PROCEDURES EXCEPT MAJOR JOINT W/O CC/MCC,120001,THE QUEENS MEDICAL CENTER,1301 PUNCHBOWL ST,HONOLULU,HI,96813,HI - Honolulu,18,37709.06,15431.78,12270.5,21.31,-157.85
482 - HIP & FEMUR PROCEDURES EXCEPT MAJOR JOINT W/O CC/MCC,120005,HILO MEDICAL CENTER,1190 WAIANUENUE AVENUE,HILO,HI,96720,HI - Honolulu,20,31126.65,16957.25,15271.55,19.7,-155.2
483 - MAJOR JOINT/LIMB REATTACHMENT PROCEDURE OF UPPER EXTREMITIES,120001,THE QUEENS MEDICAL CENTER,1301 PUNCHBOWL ST,HONOLULU,HI,96813,HI - Honolulu,26,59451.12,22826.65,16008.88,21.31,-157.85
"493 - LOWER EXTREM & HUMER PROC EXCEPT HIP,FOOT,FEMUR W CC",120001,THE QUEENS MEDICAL CENTER,1301 PUNCHBOWL ST,HONOLULU,HI,96813,HI - Honolulu,14,56458.5,19516.43,16594.79,21.31,-157.85
517 - OTHER MUSCULOSKELET SYS & CONN TISS O.R. PROC W/O CC/MCC,120001,THE QUEENS MEDICAL CENTER,1301 PUNCHBOWL ST,HONOLULU,HI,96813,HI - Honolulu,16,38913.81,17278.88,13549.38,21.31,-157.85
542 - PATHOLOGICAL FRACTURES & MUSCULOSKELET & CONN TISS MALIG W MCC,120001,THE QUEENS MEDICAL CENTER,1301 PUNCHBOWL ST,HONOLULU,HI,96813,HI - Honolulu,11,64881.27,20994.55,15301.09,21.31,-157.85
543 - PATHOLOGICAL FRACTURES & MUSCULOSKELET & CONN TISS MALIG W CC,120001,THE QUEENS MEDICAL CENTER,1301 PUNCHBOWL ST,HONOLULU,HI,96813,HI - Honolulu,17,24438.59,12134.41,8684.47,21.31,-157.85
551 - MEDICAL BACK PROBLEMS W MCC,120001,THE QUEENS MEDICAL CENTER,1301 PUNCHBOWL ST,HONOLULU,HI,96813,HI - Honolulu,14,51742.93,15262.21,11065.71,21.31,-157.85
552 - MEDICAL BACK PROBLEMS W/O MCC,120001,THE QUEENS MEDICAL CENTER,1301 PUNCHBOWL ST,HONOLULU,HI,96813,HI - Honolulu,53,28091.15,10262.98,7676.3,21.31,-157.85
552 - MEDICAL BACK PROBLEMS W/O MCC,120007,KUAKINI MEDICAL CENTER,347 NORTH KUAKINI STREET,HONOLULU,HI,96817,HI - Honolulu,16,18471.63,7249.44,5949.31,21.34,-157.84
570 - SKIN DEBRIDEMENT W MCC,120001,THE QUEENS MEDICAL CENTER,1301 PUNCHBOWL ST,HONOLULU,HI,96813,HI - Honolulu,12,51610.17,23996.5,20407.67,21.31,-157.85
571 - SKIN DEBRIDEMENT W CC,120001,THE QUEENS MEDICAL CENTER,1301 PUNCHBOWL ST,HONOLULU,HI,96813,HI - Honolulu,13,30104.23,14705.46,11909.46,21.31,-157.85
602 - CELLULITIS W MCC,120001,THE QUEENS MEDICAL CENTER,1301 PUNCHBOWL ST,HONOLULU,HI,96813,HI - Honolulu,23,36786.61,15946.91,12361.48,21.31,-157.85
602 - CELLULITIS W MCC,120005,HILO MEDICAL CENTER,1190 WAIANUENUE AVENUE,HILO,HI,96720,HI - Honolulu,12,23729.75,14957.67,13988.75,19.7,-155.2
603 - CELLULITIS W/O MCC,120001,THE QUEENS MEDICAL CENTER,1301 PUNCHBOWL ST,HONOLULU,HI,96813,HI - Honolulu,92,21938.33,9485.59,6817.32,21.31,-157.85
603 - CELLULITIS W/O MCC,120002,MAUI MEMORIAL MEDICAL CENTER,221 MAHALANI STREET,WAILUKU,HI,96793,HI - Honolulu,35,24121.4,11146.03,9967.11,20.9,-156.5
603 - CELLULITIS W/O MCC,120005,HILO MEDICAL CENTER,1190 WAIANUENUE AVENUE,HILO,HI,96720,HI - Honolulu,40,23034.83,9543.83,8217.45,19.7,-155.2
603 - CELLULITIS W/O MCC,120006,CASTLE MEDICAL CENTER,640 ULUKAHIKI ST,KAILUA,HI,96734,HI - Honolulu,24,23235.42,7994.13,5923.04,21.4,-157.75
603 - CELLULITIS W/O MCC,120014,WILCOX MEMORIAL HOSPITAL,3-3420 KUHIO HIGHWAY,LIHUE,HI,96766,HI - Honolulu,20,17650.8,8756.05,7101.85,25.0,-169.0
603 - CELLULITIS W/O MCC,120019,KONA COMMUNITY HOSPITAL,79-1019 HAUKAPILA STREET,KEALAKEKUA,HI,96750,HI - Honolulu,31,16578.16,11517.71,10446.48,19.5,-155.8
603 - CELLULITIS W/O MCC,120022,STRAUB CLINIC AND HOSPITAL,888 SO KING STREET,HONOLULU,HI,96813,HI - Honolulu,29,24845.38,7180.55,6114.93,21.31,-157.85
603 - CELLULITIS W/O MCC,120026,PALI MOMI MEDICAL CENTER,98-1079 MOANALUA ROAD,AIEA,HI,96701,HI - Honolulu,18,29293.11,7428.11,5701.11,21.4,-157.92
637 - DIABETES W MCC,120001,THE QUEENS MEDICAL CENTER,1301 PUNCHBOWL ST,HONOLULU,HI,96813,HI - Honolulu,21,45570.95,14759.0,11205.67,21.31,-157.85
638 - DIABETES W CC,120001,THE QUEENS MEDICAL CENTER,1301 PUNCHBOWL ST,HONOLULU,HI,96813,HI - Honolulu,23,29216.13,9874.48,6487.26,21.31,-157.85
"640 - MISC DISORDERS OF NUTRITION,METABOLISM,FLUIDS/ELECTROLYTES W MCC",120001,THE QUEENS MEDICAL CENTER,1301 PUNCHBOWL ST,HONOLULU,HI,96813,HI - Honolulu,52,31302.77,11924.9,9487.54,21.31,-157.85
"640 - MISC DISORDERS OF NUTRITION,METABOLISM,FLUIDS/ELECTROLYTES W MCC",120002,MAUI MEMORIAL MEDICAL CENTER,221 MAHALANI STREET,WAILUKU,HI,96793,HI - Honolulu,22,33748.23,14792.73,13363.18,20.9,-156.5
"640 - MISC DISORDERS OF NUTRITION,METABOLISM,FLUIDS/ELECTROLYTES W MCC",120005,HILO MEDICAL CENTER,1190 WAIANUENUE AVENUE,HILO,HI,96720,HI - Honolulu,13,31184.92,12365.08,11253.85,19.7,-155.2
"640 - MISC DISORDERS OF NUTRITION,METABOLISM,FLUIDS/ELECTROLYTES W MCC",120006,CASTLE MEDICAL CENTER,640 ULUKAHIKI ST,KAILUA,HI,96734,HI - Honolulu,18,26858.72,9752.67,8825.56,21.4,-157.75
"640 - MISC DISORDERS OF NUTRITION,METABOLISM,FLUIDS/ELECTROLYTES W MCC",120022,STRAUB CLINIC AND HOSPITAL,888 SO KING STREET,HONOLULU,HI,96813,HI - Honolulu,13,31628.85,9844.69,7612.77,21.31,-157.85
"640 - MISC DISORDERS OF NUTRITION,METABOLISM,FLUIDS/ELECTROLYTES W MCC",120026,PALI MOMI MEDICAL CENTER,98-1079 MOANALUA ROAD,AIEA,HI,96701,HI - Honolulu,15,29481.93,9226.07,8626.87,21.4,-157.92
"641 - MISC DISORDERS OF NUTRITION,METABOLISM,FLUIDS/ELECTROLYTES W/O MCC",120001,THE QUEENS MEDICAL CENTER,1301 PUNCHBOWL ST,HONOLULU,HI,96813,HI - Honolulu,60,17686.47,8112.03,6030.53,21.31,-157.85
"641 - MISC DISORDERS OF NUTRITION,METABOLISM,FLUIDS/ELECTROLYTES W/O MCC",120002,MAUI MEMORIAL MEDICAL CENTER,221 MAHALANI STREET,WAILUKU,HI,96793,HI - Honolulu,13,18672.46,9667.85,7866.77,20.9,-156.5
"641 - MISC DISORDERS OF NUTRITION,METABOLISM,FLUIDS/ELECTROLYTES W/O MCC",120005,HILO MEDICAL CENTER,1190 WAIANUENUE AVENUE,HILO,HI,96720,HI - Honolulu,17,15346.65,7646.71,5949.12,19.7,-155.2
"641 - MISC DISORDERS OF NUTRITION,METABOLISM,FLUIDS/ELECTROLYTES W/O MCC",120006,CASTLE MEDICAL CENTER,640 ULUKAHIKI ST,KAILUA,HI,96734,HI - Honolulu,15,16842.87,6690.0,5493.47,21.4,-157.75
"641 - MISC DISORDERS OF NUTRITION,METABOLISM,FLUIDS/ELECTROLYTES W/O MCC",120007,KUAKINI MEDICAL CENTER,347 NORTH KUAKINI STREET,HONOLULU,HI,96817,HI - Honolulu,15,24069.8,6520.87,4560.07,21.34,-157.84
"641 - MISC DISORDERS OF NUTRITION,METABOLISM,FLUIDS/ELECTROLYTES W/O MCC",120014,WILCOX MEMORIAL HOSPITAL,3-3420 KUHIO HIGHWAY,LIHUE,HI,96766,HI - Honolulu,15,22966.6,7377.93,6179.53,25.0,-169.0
"641 - MISC DISORDERS OF NUTRITION,METABOLISM,FLUIDS/ELECTROLYTES W/O MCC",120022,STRAUB CLINIC AND HOSPITAL,888 SO KING STREET,HONOLULU,HI,96813,HI - Honolulu,18,23582.83,6249.11,5010.83,21.31,-157.85
"641 - MISC DISORDERS OF NUTRITION,METABOLISM,FLUIDS/ELECTROLYTES W/O MCC",120026,PALI MOMI MEDICAL CENTER,98-1079 MOANALUA ROAD,AIEA,HI,96701,HI - Honolulu,37,18942.41,6421.81,5161.16,21.4,-157.92
643 - ENDOCRINE DISORDERS W MCC,120001,THE QUEENS MEDICAL CENTER,1301 PUNCHBOWL ST,HONOLULU,HI,96813,HI - Honolulu,13,50709.92,16605.38,12021.08,21.31,-157.85
652 - KIDNEY TRANSPLANT,120001,THE QUEENS MEDICAL CENTER,1301 PUNCHBOWL ST,HONOLULU,HI,96813,HI - Honolulu,34,277578.21,37258.41,23527.82,21.31,-157.85
657 - KIDNEY & URETER PROCEDURES FOR NEOPLASM W CC,120001,THE QUEENS MEDICAL CENTER,1301 PUNCHBOWL ST,HONOLULU,HI,96813,HI - Honolulu,11,43446.64,20931.36,13664.18,21.31,-157.85
658 - KIDNEY & URETER PROCEDURES FOR NEOPLASM W/O CC/MCC,120001,THE QUEENS MEDICAL CENTER,1301 PUNCHBOWL ST,HONOLULU,HI,96813,HI - Honolulu,25,32668.28,15427.24,12274.08,21.31,-157.85
660 - KIDNEY & URETER PROCEDURES FOR NON-NEOPLASM W CC,120001,THE QUEENS MEDICAL CENTER,1301 PUNCHBOWL ST,HONOLULU,HI,96813,HI - Honolulu,17,33421.35,18689.71,14912.24,21.31,-157.85
669 - TRANSURETHRAL PROCEDURES W CC,120001,THE QUEENS MEDICAL CENTER,1301 PUNCHBOWL ST,HONOLULU,HI,96813,HI - Honolulu,16,24425.56,13480.69,8947.75,21.31,-157.85
673 - OTHER KIDNEY & URINARY TRACT PROCEDURES W MCC,120001,THE QUEENS MEDICAL CENTER,1301 PUNCHBOWL ST,HONOLULU,HI,96813,HI - Honolulu,11,59959.0,30492.64,27735.91,21.31,-157.85
682 - RENAL FAILURE W MCC,120001,THE QUEENS MEDICAL CENTER,1301 PUNCHBOWL ST,HONOLULU,HI,96813,HI - Honolulu,42,37727.48,17028.4,12980.64,21.31,-157.85
682 - RENAL FAILURE W MCC,120002,MAUI MEMORIAL MEDICAL CENTER,221 MAHALANI STREET,WAILUKU,HI,96793,HI - Honolulu,13,45781.46,22944.38,22061.23,20.9,-156.5
682 - RENAL FAILURE W MCC,120005,HILO MEDICAL CENTER,1190 WAIANUENUE AVENUE,HILO,HI,96720,HI - Honolulu,25,33351.08,17751.76,16074.0,19.7,-155.2
682 - RENAL FAILURE W MCC,120006,CASTLE MEDICAL CENTER,640 ULUKAHIKI ST,KAILUA,HI,96734,HI - Honolulu,19,35236.47,12350.16,11538.16,21.4,-157.75
682 - RENAL FAILURE W MCC,120007,KUAKINI MEDICAL CENTER,347 NORTH KUAKINI STREET,HONOLULU,HI,96817,HI - Honolulu,11,46848.09,13273.36,11961.91,21.34,-157.84
682 - RENAL FAILURE W MCC,120022,STRAUB CLINIC AND HOSPITAL,888 SO KING STREET,HONOLULU,HI,96813,HI - Honolulu,14,56983.07,12252.79,11159.36,21.31,-157.85
682 - RENAL FAILURE W MCC,120026,PALI MOMI MEDICAL CENTER,98-1079 MOANALUA ROAD,AIEA,HI,96701,HI - Honolulu,14,62553.57,14395.43,13389.43,21.4,-157.92
683 - RENAL FAILURE W CC,120001,THE QUEENS MEDICAL CENTER,1301 PUNCHBOWL ST,HONOLULU,HI,96813,HI - Honolulu,60,23573.6,10217.72,7689.22,21.31,-157.85
683 - RENAL FAILURE W CC,120002,MAUI MEMORIAL MEDICAL CENTER,221 MAHALANI STREET,WAILUKU,HI,96793,HI - Honolulu,20,21093.45,12721.6,10191.75,20.9,-156.5
683 - RENAL FAILURE W CC,120005,HILO MEDICAL CENTER,1190 WAIANUENUE AVENUE,HILO,HI,96720,HI - Honolulu,29,24780.66,10090.69,8392.34,19.7,-155.2
683 - RENAL FAILURE W CC,120006,CASTLE MEDICAL CENTER,640 ULUKAHIKI ST,KAILUA,HI,96734,HI - Honolulu,22,24007.86,8328.0,7103.64,21.4,-157.75
683 - RENAL FAILURE W CC,120019,KONA COMMUNITY HOSPITAL,79-1019 HAUKAPILA STREET,KEALAKEKUA,HI,96750,HI - Honolulu,13,16498.85,13103.62,11252.23,19.5,-155.8
683 - RENAL FAILURE W CC,120022,STRAUB CLINIC AND HOSPITAL,888 SO KING STREET,HONOLULU,HI,96813,HI - Honolulu,12,33093.58,9076.08,6379.58,21.31,-157.85
689 - KIDNEY & URINARY TRACT INFECTIONS W MCC,120001,THE QUEENS MEDICAL CENTER,1301 PUNCHBOWL ST,HONOLULU,HI,96813,HI - Honolulu,40,27674.25,11517.4,9132.15,21.31,-157.85
689 - KIDNEY & URINARY TRACT INFECTIONS W MCC,120002,MAUI MEMORIAL MEDICAL CENTER,221 MAHALANI STREET,WAILUKU,HI,96793,HI - Honolulu,13,34894.85,14260.23,12691.62,20.9,-156.5
690 - KIDNEY & URINARY TRACT INFECTIONS W/O MCC,120001,THE QUEENS MEDICAL CENTER,1301 PUNCHBOWL ST,HONOLULU,HI,96813,HI - Honolulu,32,19569.16,8540.38,6473.81,21.31,-157.85
690 - KIDNEY & URINARY TRACT INFECTIONS W/O MCC,120002,MAUI MEMORIAL MEDICAL CENTER,221 MAHALANI STREET,WAILUKU,HI,96793,HI - Honolulu,20,20001.75,10380.05,9163.45,20.9,-156.5
690 - KIDNEY & URINARY TRACT INFECTIONS W/O MCC,120005,HILO MEDICAL CENTER,1190 WAIANUENUE AVENUE,HILO,HI,96720,HI - Honolulu,29,17575.1,8162.24,7046.66,19.7,-155.2
690 - KIDNEY & URINARY TRACT INFECTIONS W/O MCC,120014,WILCOX MEMORIAL HOSPITAL,3-3420 KUHIO HIGHWAY,LIHUE,HI,96766,HI - Honolulu,12,23387.33,7996.67,7147.33,25.0,-169.0
690 - KIDNEY & URINARY TRACT INFECTIONS W/O MCC,120026,PALI MOMI MEDICAL CENTER,98-1079 MOANALUA ROAD,AIEA,HI,96701,HI - Honolulu,16,19343.44,6975.31,5142.38,21.4,-157.92
694 - URINARY STONES W/O ESW LITHOTRIPSY W/O MCC,120005,HILO MEDICAL CENTER,1190 WAIANUENUE AVENUE,HILO,HI,96720,HI - Honolulu,24,15996.75,7603.75,6423.08,19.7,-155.2
698 - OTHER KIDNEY & URINARY TRACT DIAGNOSES W MCC,120001,THE QUEENS MEDICAL CENTER,1301 PUNCHBOWL ST,HONOLULU,HI,96813,HI - Honolulu,37,36119.19,15216.95,13086.14,21.31,-157.85
699 - OTHER KIDNEY & URINARY TRACT DIAGNOSES W CC,120001,THE QUEENS MEDICAL CENTER,1301 PUNCHBOWL ST,HONOLULU,HI,96813,HI - Honolulu,20,53835.7,17436.15,11797.2,21.31,-157.85
708 - MAJOR MALE PELVIC PROCEDURES W/O CC/MCC,120001,THE QUEENS MEDICAL CENTER,1301 PUNCHBOWL ST,HONOLULU,HI,96813,HI - Honolulu,52,23405.15,13559.58,9404.75,21.31,-157.85
708 - MAJOR MALE PELVIC PROCEDURES W/O CC/MCC,120026,PALI MOMI MEDICAL CENTER,98-1079 MOANALUA ROAD,AIEA,HI,96701,HI - Honolulu,14,43286.79,13813.57,6079.5,21.4,-157.92
743 - UTERINE & ADNEXA PROC FOR NON-MALIGNANCY W/O CC/MCC,120001,THE QUEENS MEDICAL CENTER,1301 PUNCHBOWL ST,HONOLULU,HI,96813,HI - Honolulu,27,25576.11,11707.96,5879.63,21.31,-157.85
809 - MAJOR HEMATOL/IMMUN DIAG EXC SICKLE CELL CRISIS & COAGUL W CC,120001,THE QUEENS MEDICAL CENTER,1301 PUNCHBOWL ST,HONOLULU,HI,96813,HI - Honolulu,14,26764.64,12701.29,10518.43,21.31,-157.85
846 - CHEMOTHERAPY W/O ACUTE LEUKEMIA AS SECONDARY DIAGNOSIS W MCC,120001,THE QUEENS MEDICAL CENTER,1301 PUNCHBOWL ST,HONOLULU,HI,96813,HI - Honolulu,20,53551.45,25020.3,20756.25,21.31,-157.85
847 - CHEMOTHERAPY W/O ACUTE LEUKEMIA AS SECONDARY DIAGNOSIS W CC,120001,THE QUEENS MEDICAL CENTER,1301 PUNCHBOWL ST,HONOLULU,HI,96813,HI - Honolulu,48,19441.96,12112.81,10649.17,21.31,-157.85
853 - INFECTIOUS & PARASITIC DISEASES W O.R. PROCEDURE W MCC,120001,THE QUEENS MEDICAL CENTER,1301 PUNCHBOWL ST,HONOLULU,HI,96813,HI - Honolulu,161,153041.94,62715.93,48857.67,21.31,-157.85
853 - INFECTIOUS & PARASITIC DISEASES W O.R. PROCEDURE W MCC,120002,MAUI MEMORIAL MEDICAL CENTER,221 MAHALANI STREET,WAILUKU,HI,96793,HI - Honolulu,27,132643.22,72660.89,67374.37,20.9,-156.5
853 - INFECTIOUS & PARASITIC DISEASES W O.R. PROCEDURE W MCC,120005,HILO MEDICAL CENTER,1190 WAIANUENUE AVENUE,HILO,HI,96720,HI - Honolulu,25,74744.12,55180.52,49829.56,19.7,-155.2
853 - INFECTIOUS & PARASITIC DISEASES W O.R. PROCEDURE W MCC,120006,CASTLE MEDICAL CENTER,640 ULUKAHIKI ST,KAILUA,HI,96734,HI - Honolulu,36,144999.33,50164.58,40154.0,21.4,-157.75
853 - INFECTIOUS & PARASITIC DISEASES W O.R. PROCEDURE W MCC,120007,KUAKINI MEDICAL CENTER,347 NORTH KUAKINI STREET,HONOLULU,HI,96817,HI - Honolulu,35,116202.89,43476.2,38472.74,21.34,-157.84
853 - INFECTIOUS & PARASITIC DISEASES W O.R. PROCEDURE W MCC,120014,WILCOX MEMORIAL HOSPITAL,3-3420 KUHIO HIGHWAY,LIHUE,HI,96766,HI - Honolulu,12,73899.17,57540.25,46995.0,25.0,-169.0
853 - INFECTIOUS & PARASITIC DISEASES W O.R. PROCEDURE W MCC,120022,STRAUB CLINIC AND HOSPITAL,888 SO KING STREET,HONOLULU,HI,96813,HI - Honolulu,62,147709.37,47040.9,41297.1,21.31,-157.85
853 - INFECTIOUS & PARASITIC DISEASES W O.R. PROCEDURE W MCC,120026,PALI MOMI MEDICAL CENTER,98-1079 MOANALUA ROAD,AIEA,HI,96701,HI - Honolulu,36,176825.56,54398.53,46161.83,21.4,-157.92
854 - INFECTIOUS & PARASITIC DISEASES W O.R. PROCEDURE W CC,120001,THE QUEENS MEDICAL CENTER,1301 PUNCHBOWL ST,HONOLULU,HI,96813,HI - Honolulu,35,62538.49,35060.17,19730.31,21.31,-157.85
854 - INFECTIOUS & PARASITIC DISEASES W O.R. PROCEDURE W CC,120005,HILO MEDICAL CENTER,1190 WAIANUENUE AVENUE,HILO,HI,96720,HI - Honolulu,12,44429.42,24761.67,23663.83,19.7,-155.2
854 - INFECTIOUS & PARASITIC DISEASES W O.R. PROCEDURE W CC,120022,STRAUB CLINIC AND HOSPITAL,888 SO KING STREET,HONOLULU,HI,96813,HI - Honolulu,17,68285.65,17380.59,16249.71,21.31,-157.85
864 - FEVER,120001,THE QUEENS MEDICAL CENTER,1301 PUNCHBOWL ST,HONOLULU,HI,96813,HI - Honolulu,12,18446.5,9256.17,6858.75,21.31,-157.85
871 - SEPTICEMIA OR SEVERE SEPSIS W/O MV >96 HOURS W MCC,120001,THE QUEENS MEDICAL CENTER,1301 PUNCHBOWL ST,HONOLULU,HI,96813,HI - Honolulu,514,50350.27,19710.16,15429.01,21.31,-157.85
871 - SEPTICEMIA OR SEVERE SEPSIS W/O MV >96 HOURS W MCC,120002,MAUI MEMORIAL MEDICAL CENTER,221 MAHALANI STREET,WAILUKU,HI,96793,HI - Honolulu,97,44856.71,24211.09,22828.53,20.9,-156.5
871 - SEPTICEMIA OR SEVERE SEPSIS W/O MV >96 HOURS W MCC,120004,WAHIAWA GENERAL HOSPITAL,128 LEHUA STREET,WAHIAWA,HI,96786,HI - Honolulu,56,34706.96,17211.89,13181.63,21.53,-158.01
871 - SEPTICEMIA OR SEVERE SEPSIS W/O MV >96 HOURS W MCC,120005,HILO MEDICAL CENTER,1190 WAIANUENUE AVENUE,HILO,HI,96720,HI - Honolulu,129,38651.04,19732.43,17657.64,19.7,-155.2
871 - SEPTICEMIA OR SEVERE SEPSIS W/O MV >96 HOURS W MCC,120006,CASTLE MEDICAL CENTER,640 ULUKAHIKI ST,KAILUA,HI,96734,HI - Honolulu,163,44402.43,15087.11,13322.33,21.4,-157.75
871 - SEPTICEMIA OR SEVERE SEPSIS W/O MV >96 HOURS W MCC,120007,KUAKINI MEDICAL CENTER,347 NORTH KUAKINI STREET,HONOLULU,HI,96817,HI - Honolulu,240,43088.84,15522.07,13617.44,21.34,-157.84
871 - SEPTICEMIA OR SEVERE SEPSIS W/O MV >96 HOURS W MCC,120011,KAISER FOUNDATION HOSPITAL,3288 MOANALUA RD,HONOLULU,HI,96819,HI - Honolulu,61,31059.16,17766.89,11110.95,21.35,-157.88
871 - SEPTICEMIA OR SEVERE SEPSIS W/O MV >96 HOURS W MCC,120014,WILCOX MEMORIAL HOSPITAL,3-3420 KUHIO HIGHWAY,LIHUE,HI,96766,HI - Honolulu,58,50406.6,19344.17,16001.24,25.0,-169.0
871 - SEPTICEMIA OR SEVERE SEPSIS W/O MV >96 HOURS W MCC,120019,KONA COMMUNITY HOSPITAL,79-1019 HAUKAPILA STREET,KEALAKEKUA,HI,96750,HI - Honolulu,56,35069.25,25083.86,22763.95,19.5,-155.8
871 - SEPTICEMIA OR SEVERE SEPSIS W/O MV >96 HOURS W MCC,120022,STRAUB CLINIC AND HOSPITAL,888 SO KING STREET,HONOLULU,HI,96813,HI - Honolulu,302,60410.44,16669.31,13162.17,21.31,-157.85
871 - SEPTICEMIA OR SEVERE SEPSIS W/O MV >96 HOURS W MCC,120026,PALI MOMI MEDICAL CENTER,98-1079 MOANALUA ROAD,AIEA,HI,96701,HI - Honolulu,204,56667.03,15836.05,14005.56,21.4,-157.92
871 - SEPTICEMIA OR SEVERE SEPSIS W/O MV >96 HOURS W MCC,120028,NORTH HAWAII COMMUNITY HOSPITAL,67 1125 MAMALAHOA HIGHWAY,KAMUELA,HI,96743,HI - Honolulu,11,40987.18,23030.73,21982.0,20.0,-155.6
872 - SEPTICEMIA OR SEVERE SEPSIS W/O MV >96 HOURS W/O MCC,120001,THE QUEENS MEDICAL CENTER,1301 PUNCHBOWL ST,HONOLULU,HI,96813,HI - Honolulu,161,26501.8,12268.02,8524.62,21.31,-157.85
872 - SEPTICEMIA OR SEVERE SEPSIS W/O MV >96 HOURS W/O MCC,120002,MAUI MEMORIAL MEDICAL CENTER,221 MAHALANI STREET,WAILUKU,HI,96793,HI - Honolulu,41,41360.46,18769.02,15604.83,20.9,-156.5
872 - SEPTICEMIA OR SEVERE SEPSIS W/O MV >96 HOURS W/O MCC,120004,WAHIAWA GENERAL HOSPITAL,128 LEHUA STREET,WAHIAWA,HI,96786,HI - Honolulu,19,20100.84,9266.47,8017.16,21.53,-158.01
872 - SEPTICEMIA OR SEVERE SEPSIS W/O MV >96 HOURS W/O MCC,120005,HILO MEDICAL CENTER,1190 WAIANUENUE AVENUE,HILO,HI,96720,HI - Honolulu,55,23730.09,11380.24,9495.11,19.7,-155.2
872 - SEPTICEMIA OR SEVERE SEPSIS W/O MV >96 HOURS W/O MCC,120006,CASTLE MEDICAL CENTER,640 ULUKAHIKI ST,KAILUA,HI,96734,HI - Honolulu,45,27874.22,9680.87,7562.38,21.4,-157.75
872 - SEPTICEMIA OR SEVERE SEPSIS W/O MV >96 HOURS W/O MCC,120007,KUAKINI MEDICAL CENTER,347 NORTH KUAKINI STREET,HONOLULU,HI,96817,HI - Honolulu,68,25582.19,8884.84,7187.78,21.34,-157.84
872 - SEPTICEMIA OR SEVERE SEPSIS W/O MV >96 HOURS W/O MCC,120011,KAISER FOUNDATION HOSPITAL,3288 MOANALUA RD,HONOLULU,HI,96819,HI - Honolulu,30,18386.83,8082.23,5875.23,21.35,-157.88
872 - SEPTICEMIA OR SEVERE SEPSIS W/O MV >96 HOURS W/O MCC,120014,WILCOX MEMORIAL HOSPITAL,3-3420 KUHIO HIGHWAY,LIHUE,HI,96766,HI - Honolulu,28,30376.75,10638.43,9405.43,25.0,-169.0
872 - SEPTICEMIA OR SEVERE SEPSIS W/O MV >96 HOURS W/O MCC,120019,KONA COMMUNITY HOSPITAL,79-1019 HAUKAPILA STREET,KEALAKEKUA,HI,96750,HI - Honolulu,35,19985.91,14834.91,12343.0,19.5,-155.8
872 - SEPTICEMIA OR SEVERE SEPSIS W/O MV >96 HOURS W/O MCC,120022,STRAUB CLINIC AND HOSPITAL,888 SO KING STREET,HONOLULU,HI,96813,HI - Honolulu,107,34432.21,9496.96,7238.1,21.31,-157.85
872 - SEPTICEMIA OR SEVERE SEPSIS W/O MV >96 HOURS W/O MCC,120026,PALI MOMI MEDICAL CENTER,98-1079 MOANALUA ROAD,AIEA,HI,96701,HI - Honolulu,57,31189.61,10450.88,7142.49,21.4,-157.92
885 - PSYCHOSES,120001,THE QUEENS MEDICAL CENTER,1301 PUNCHBOWL ST,HONOLULU,HI,96813,HI - Honolulu,109,34701.34,14275.06,9903.08,21.31,-157.85
885 - PSYCHOSES,120002,MAUI MEMORIAL MEDICAL CENTER,221 MAHALANI STREET,WAILUKU,HI,96793,HI - Honolulu,40,16882.3,14222.75,12724.55,20.9,-156.5
885 - PSYCHOSES,120005,HILO MEDICAL CENTER,1190 WAIANUENUE AVENUE,HILO,HI,96720,HI - Honolulu,53,11582.83,11003.19,9926.74,19.7,-155.2
885 - PSYCHOSES,120006,CASTLE MEDICAL CENTER,640 ULUKAHIKI ST,KAILUA,HI,96734,HI - Honolulu,158,16653.3,9298.62,8300.49,21.4,-157.75
897 - ALCOHOL/DRUG ABUSE OR DEPENDENCE W/O REHABILITATION THERAPY W/O MCC,120001,THE QUEENS MEDICAL CENTER,1301 PUNCHBOWL ST,HONOLULU,HI,96813,HI - Honolulu,64,14346.78,8059.69,6533.41,21.31,-157.85
897 - ALCOHOL/DRUG ABUSE OR DEPENDENCE W/O REHABILITATION THERAPY W/O MCC,120006,CASTLE MEDICAL CENTER,640 ULUKAHIKI ST,KAILUA,HI,96734,HI - Honolulu,12,12562.08,7132.75,5386.92,21.4,-157.75
917 - POISONING & TOXIC EFFECTS OF DRUGS W MCC,120001,THE QUEENS MEDICAL CENTER,1301 PUNCHBOWL ST,HONOLULU,HI,96813,HI - Honolulu,15,66408.67,26424.0,17238.4,21.31,-157.85
948 - SIGNS & SYMPTOMS W/O MCC,120001,THE QUEENS MEDICAL CENTER,1301 PUNCHBOWL ST,HONOLULU,HI,96813,HI - Honolulu,12,18995.75,8322.0,6052.33,21.31,-157.85
981 - EXTENSIVE O.R. PROCEDURE UNRELATED TO PRINCIPAL DIAGNOSIS W MCC,120001,THE QUEENS MEDICAL CENTER,1301 PUNCHBOWL ST,HONOLULU,HI,96813,HI - Honolulu,32,98327.41,46956.75,38787.56,21.31,-157.85
981 - EXTENSIVE O.R. PROCEDURE UNRELATED TO PRINCIPAL DIAGNOSIS W MCC,120002,MAUI MEMORIAL MEDICAL CENTER,221 MAHALANI STREET,WAILUKU,HI,96793,HI - Honolulu,11,141003.82,70925.27,70110.64,20.9,-156.5
981 - EXTENSIVE O.R. PROCEDURE UNRELATED TO PRINCIPAL DIAGNOSIS W MCC,120022,STRAUB CLINIC AND HOSPITAL,888 SO KING STREET,HONOLULU,HI,96813,HI - Honolulu,11,121397.55,42100.73,34499.36,21.31,-157.85
982 - EXTENSIVE O.R. PROCEDURE UNRELATED TO PRINCIPAL DIAGNOSIS W CC,120001,THE QUEENS MEDICAL CENTER,1301 PUNCHBOWL ST,HONOLULU,HI,96813,HI - Honolulu,17,78404.88,35419.0,24767.12,21.31,-157.85
987 - NON-EXTENSIVE O.R. PROC UNRELATED TO PRINCIPAL DIAGNOSIS W MCC,120001,THE QUEENS MEDICAL CENTER,1301 PUNCHBOWL ST,HONOLULU,HI,96813,HI - Honolulu,12,153371.42,46974.08,40791.83,21.31,-157.85
