DRG Definition,Provider Id,Provider Name,Provider Street Address,Provider City,Provider State,Provider Zip Code,Hospital Referral Region (HRR) Description,Total Discharges,Average Covered Charges,Average Total Payments,Average Medicare Payments,lat,lon
"003 - ECMO OR TRACH W MV >96 HRS OR PDX EXC FACE, MOUTH & NECK W MAJ O.R.",270004,BILLINGS CLINIC HOSPITAL,2800 10TH AVE N,BILLINGS,MT,59101,MT - Billings,11,224506.36,89577.0,88664.0,45.7,-108.4
025 - CRANIOTOMY & ENDOVASCULAR INTRACRANIAL PROCEDURES W MCC,270004,BILLINGS CLINIC HOSPITAL,2800 10TH AVE N,BILLINGS,MT,59101,MT - Billings,14,111434.86,31085.36,29880.93,45.7,-108.4
025 - CRANIOTOMY & ENDOVASCULAR INTRACRANIAL PROCEDURES W MCC,270012,BENEFIS HOSPITALS INC,1101 26TH ST S,GREAT FALLS,MT,59405,MT - Great Falls,11,118418.73,32719.09,31698.45,47.3,-111.2
025 - CRANIOTOMY & ENDOVASCULAR INTRACRANIAL PROCEDURES W MCC,270049,ST VINCENT HEALTHCARE,1233 N 30TH ST,BILLINGS,MT,59101,MT - Billings,19,89480.47,27021.53,25967.05,45.7,-108.4
027 - CRANIOTOMY & ENDOVASCULAR INTRACRANIAL PROCEDURES W/O CC/MCC,270049,ST VINCENT HEALTHCARE,1233 N 30TH ST,BILLINGS,MT,59101,MT - Billings,32,59194.88,14894.63,12509.34,45.7,-108.4
038 - EXTRACRANIAL PROCEDURES W CC,270004,BILLINGS CLINIC HOSPITAL,2800 10TH AVE N,BILLINGS,MT,59101,MT - Billings,13,28486.08,10302.62,9450.62,45.7,-108.4
039 - EXTRACRANIAL PROCEDURES W/O CC/MCC,270004,BILLINGS CLINIC HOSPITAL,2800 10TH AVE N,BILLINGS,MT,59101,MT - Billings,34,19695.76,7222.94,6215.18,45.7,-108.4
039 - EXTRACRANIAL PROCEDURES W/O CC/MCC,270012,BENEFIS HOSPITALS INC,1101 26TH ST S,GREAT FALLS,MT,59405,MT - Great Falls,31,31821.84,7189.9,6264.87,47.3,-111.2
039 - EXTRACRANIAL PROCEDURES W/O CC/MCC,270049,ST VINCENT HEALTHCARE,1233 N 30TH ST,BILLINGS,MT,59101,MT - Billings,29,27877.83,6890.86,5770.66,45.7,-108.4
039 - EXTRACRANIAL PROCEDURES W/O CC/MCC,270051,KALISPELL REGIONAL MEDICAL CENTER,310 SUNNYVIEW LANE,KALISPELL,MT,59901,MT - Missoula,11,28370.27,6818.18,5766.0,48.1,-113.8
057 - DEGENERATIVE NERVOUS SYSTEM DISORDERS W/O MCC,270004,BILLINGS CLINIC HOSPITAL,2800 10TH AVE N,BILLINGS,MT,59101,MT - Billings,31,22330.1,7291.48,6094.35,45.7,-108.4
057 - DEGENERATIVE NERVOUS SYSTEM DISORDERS W/O MCC,270012,BENEFIS HOSPITALS INC,1101 26TH ST S,GREAT FALLS,MT,59405,MT - Great Falls,16,24969.56,7527.25,6474.69,47.3,-111.2
064 - INTRACRANIAL HEMORRHAGE OR CEREBRAL INFARCTION W MCC,270004,BILLINGS CLINIC HOSPITAL,2800 10TH AVE N,BILLINGS,MT,59101,MT - Billings,50,28821.84,12086.3,10890.94,45.7,-108.4
064 - INTRACRANIAL HEMORRHAGE OR CEREBRAL INFARCTION W MCC,270012,BENEFIS HOSPITALS INC,1101 26TH ST S,GREAT FALLS,MT,59405,MT - Great Falls,25,28624.2,11772.56,10616.6,47.3,-111.2
064 - INTRACRANIAL HEMORRHAGE OR CEREBRAL INFARCTION W MCC,270017,ST JAMES HEALTHCARE,400 S CLARK ST,BUTTE,MT,59701,MT - Missoula,16,66546.38,18911.31,16960.94,46.1,-112.4
064 - INTRACRANIAL HEMORRHAGE OR CEREBRAL INFARCTION W MCC,270049,ST VINCENT HEALTHCARE,1233 N 30TH ST,BILLINGS,MT,59101,MT - Billings,44,36683.75,11586.61,9846.39,45.7,-108.4
064 - INTRACRANIAL HEMORRHAGE OR CEREBRAL INFARCTION W MCC,270051,KALISPELL REGIONAL MEDICAL CENTER,310 SUNNYVIEW LANE,KALISPELL,MT,59901,MT - Missoula,19,28664.0,10733.89,9579.79,48.1,-113.8
064 - INTRACRANIAL HEMORRHAGE OR CEREBRAL INFARCTION W MCC,270057,BOZEMAN HEALTH DEACONESS HOSPITAL,915 HIGHLAND BLVD,BOZEMAN,MT,59715,MT - Billings,14,21507.0,10102.43,9141.43,45.7,-111.0
065 - INTRACRANIAL HEMORRHAGE OR CEREBRAL INFARCTION W CC OR TPA IN 24 HRS,270003,ST PETER'S HOSPITAL,2475 BROADWAY,HELENA,MT,59601,MT - Billings,31,17576.32,7707.65,5434.55,46.5,-112.1
065 - INTRACRANIAL HEMORRHAGE OR CEREBRAL INFARCTION W CC OR TPA IN 24 HRS,270004,BILLINGS CLINIC HOSPITAL,2800 10TH AVE N,BILLINGS,MT,59101,MT - Billings,60,22704.3,7364.03,5996.42,45.7,-108.4
065 - INTRACRANIAL HEMORRHAGE OR CEREBRAL INFARCTION W CC OR TPA IN 24 HRS,270012,BENEFIS HOSPITALS INC,1101 26TH ST S,GREAT FALLS,MT,59405,MT - Great Falls,66,20923.2,7216.33,6120.03,47.3,-111.2
065 - INTRACRANIAL HEMORRHAGE OR CEREBRAL INFARCTION W CC OR TPA IN 24 HRS,270049,ST VINCENT HEALTHCARE,1233 N 30TH ST,BILLINGS,MT,59101,MT - Billings,48,21943.27,7208.33,5512.65,45.7,-108.4
065 - INTRACRANIAL HEMORRHAGE OR CEREBRAL INFARCTION W CC OR TPA IN 24 HRS,270051,KALISPELL REGIONAL MEDICAL CENTER,310 SUNNYVIEW LANE,KALISPELL,MT,59901,MT - Missoula,31,19790.45,6386.68,5352.68,48.1,-113.8
065 - INTRACRANIAL HEMORRHAGE OR CEREBRAL INFARCTION W CC OR TPA IN 24 HRS,270057,BOZEMAN HEALTH DEACONESS HOSPITAL,915 HIGHLAND BLVD,BOZEMAN,MT,59715,MT - Billings,22,18078.59,6190.41,5338.68,45.7,-111.0
066 - INTRACRANIAL HEMORRHAGE OR CEREBRAL INFARCTION W/O CC/MCC,270004,BILLINGS CLINIC HOSPITAL,2800 10TH AVE N,BILLINGS,MT,59101,MT - Billings,25,13906.84,5346.0,4120.64,45.7,-108.4
066 - INTRACRANIAL HEMORRHAGE OR CEREBRAL INFARCTION W/O CC/MCC,270012,BENEFIS HOSPITALS INC,1101 26TH ST S,GREAT FALLS,MT,59405,MT - Great Falls,23,18172.26,5170.87,3906.57,47.3,-111.2
066 - INTRACRANIAL HEMORRHAGE OR CEREBRAL INFARCTION W/O CC/MCC,270049,ST VINCENT HEALTHCARE,1233 N 30TH ST,BILLINGS,MT,59101,MT - Billings,18,15086.28,5199.39,3571.22,45.7,-108.4
069 - TRANSIENT ISCHEMIA,270003,ST PETER'S HOSPITAL,2475 BROADWAY,HELENA,MT,59601,MT - Billings,12,12005.08,4626.08,3667.08,46.5,-112.1
069 - TRANSIENT ISCHEMIA,270004,BILLINGS CLINIC HOSPITAL,2800 10TH AVE N,BILLINGS,MT,59101,MT - Billings,40,12782.38,5133.65,3949.6,45.7,-108.4
069 - TRANSIENT ISCHEMIA,270012,BENEFIS HOSPITALS INC,1101 26TH ST S,GREAT FALLS,MT,59405,MT - Great Falls,18,15668.61,4934.39,3967.5,47.3,-111.2
069 - TRANSIENT ISCHEMIA,270049,ST VINCENT HEALTHCARE,1233 N 30TH ST,BILLINGS,MT,59101,MT - Billings,12,15518.33,4863.75,3886.75,45.7,-108.4
070 - NONSPECIFIC CEREBROVASCULAR DISORDERS W MCC,270004,BILLINGS CLINIC HOSPITAL,2800 10TH AVE N,BILLINGS,MT,59101,MT - Billings,13,32294.08,12120.31,9456.85,45.7,-108.4
071 - NONSPECIFIC CEREBROVASCULAR DISORDERS W CC,270012,BENEFIS HOSPITALS INC,1101 26TH ST S,GREAT FALLS,MT,59405,MT - Great Falls,11,17528.45,6887.55,5768.18,47.3,-111.2
"086 - TRAUMATIC STUPOR & COMA, COMA <1 HR W CC",270004,BILLINGS CLINIC HOSPITAL,2800 10TH AVE N,BILLINGS,MT,59101,MT - Billings,17,21399.53,7523.0,6335.82,45.7,-108.4
"086 - TRAUMATIC STUPOR & COMA, COMA <1 HR W CC",270049,ST VINCENT HEALTHCARE,1233 N 30TH ST,BILLINGS,MT,59101,MT - Billings,11,28057.73,6659.55,5693.45,45.7,-108.4
092 - OTHER DISORDERS OF NERVOUS SYSTEM W CC,270004,BILLINGS CLINIC HOSPITAL,2800 10TH AVE N,BILLINGS,MT,59101,MT - Billings,16,18106.56,6299.25,5193.25,45.7,-108.4
100 - SEIZURES W MCC,270012,BENEFIS HOSPITALS INC,1101 26TH ST S,GREAT FALLS,MT,59405,MT - Great Falls,11,33358.0,10909.64,9779.64,47.3,-111.2
101 - SEIZURES W/O MCC,270004,BILLINGS CLINIC HOSPITAL,2800 10TH AVE N,BILLINGS,MT,59101,MT - Billings,12,12121.92,5508.67,4388.0,45.7,-108.4
101 - SEIZURES W/O MCC,270012,BENEFIS HOSPITALS INC,1101 26TH ST S,GREAT FALLS,MT,59405,MT - Great Falls,19,13795.79,5430.11,4299.21,47.3,-111.2
101 - SEIZURES W/O MCC,270017,ST JAMES HEALTHCARE,400 S CLARK ST,BUTTE,MT,59701,MT - Missoula,11,24439.82,5907.64,5090.55,46.1,-112.4
101 - SEIZURES W/O MCC,270049,ST VINCENT HEALTHCARE,1233 N 30TH ST,BILLINGS,MT,59101,MT - Billings,11,16766.82,5303.45,4343.09,45.7,-108.4
163 - MAJOR CHEST PROCEDURES W MCC,270004,BILLINGS CLINIC HOSPITAL,2800 10TH AVE N,BILLINGS,MT,59101,MT - Billings,29,70629.21,31265.55,29968.17,45.7,-108.4
163 - MAJOR CHEST PROCEDURES W MCC,270012,BENEFIS HOSPITALS INC,1101 26TH ST S,GREAT FALLS,MT,59405,MT - Great Falls,11,109973.45,34651.09,33804.82,47.3,-111.2
164 - MAJOR CHEST PROCEDURES W CC,270004,BILLINGS CLINIC HOSPITAL,2800 10TH AVE N,BILLINGS,MT,59101,MT - Billings,20,42497.9,16408.15,15539.45,45.7,-108.4
164 - MAJOR CHEST PROCEDURES W CC,270051,KALISPELL REGIONAL MEDICAL CENTER,310 SUNNYVIEW LANE,KALISPELL,MT,59901,MT - Missoula,19,57756.63,15867.32,14846.95,48.1,-113.8
165 - MAJOR CHEST PROCEDURES W/O CC/MCC,270004,BILLINGS CLINIC HOSPITAL,2800 10TH AVE N,BILLINGS,MT,59101,MT - Billings,13,34498.62,11941.62,10776.23,45.7,-108.4
166 - OTHER RESP SYSTEM O.R. PROCEDURES W MCC,270004,BILLINGS CLINIC HOSPITAL,2800 10TH AVE N,BILLINGS,MT,59101,MT - Billings,21,45676.95,24033.43,23214.57,45.7,-108.4
166 - OTHER RESP SYSTEM O.R. PROCEDURES W MCC,270012,BENEFIS HOSPITALS INC,1101 26TH ST S,GREAT FALLS,MT,59405,MT - Great Falls,11,75697.73,27315.0,26285.73,47.3,-111.2
175 - PULMONARY EMBOLISM W MCC,270004,BILLINGS CLINIC HOSPITAL,2800 10TH AVE N,BILLINGS,MT,59101,MT - Billings,25,17804.36,9590.72,8729.76,45.7,-108.4
175 - PULMONARY EMBOLISM W MCC,270017,ST JAMES HEALTHCARE,400 S CLARK ST,BUTTE,MT,59701,MT - Missoula,12,34793.42,11060.0,9776.67,46.1,-112.4
175 - PULMONARY EMBOLISM W MCC,270049,ST VINCENT HEALTHCARE,1233 N 30TH ST,BILLINGS,MT,59101,MT - Billings,19,33239.47,9855.68,8180.21,45.7,-108.4
175 - PULMONARY EMBOLISM W MCC,270057,BOZEMAN HEALTH DEACONESS HOSPITAL,915 HIGHLAND BLVD,BOZEMAN,MT,59715,MT - Billings,14,20374.5,8592.21,7456.93,45.7,-111.0
176 - PULMONARY EMBOLISM W/O MCC,270012,BENEFIS HOSPITALS INC,1101 26TH ST S,GREAT FALLS,MT,59405,MT - Great Falls,14,14133.86,6394.0,5418.0,47.3,-111.2
176 - PULMONARY EMBOLISM W/O MCC,270049,ST VINCENT HEALTHCARE,1233 N 30TH ST,BILLINGS,MT,59101,MT - Billings,15,14656.07,6348.6,4837.2,45.7,-108.4
177 - RESPIRATORY INFECTIONS & INFLAMMATIONS W MCC,270003,ST PETER'S HOSPITAL,2475 BROADWAY,HELENA,MT,59601,MT - Billings,21,26521.95,12385.52,11469.48,46.5,-112.1
177 - RESPIRATORY INFECTIONS & INFLAMMATIONS W MCC,270004,BILLINGS CLINIC HOSPITAL,2800 10TH AVE N,BILLINGS,MT,59101,MT - Billings,38,21594.16,12422.26,11307.47,45.7,-108.4
177 - RESPIRATORY INFECTIONS & INFLAMMATIONS W MCC,270012,BENEFIS HOSPITALS INC,1101 26TH ST S,GREAT FALLS,MT,59405,MT - Great Falls,36,29807.61,13321.25,11971.47,47.3,-111.2
177 - RESPIRATORY INFECTIONS & INFLAMMATIONS W MCC,270017,ST JAMES HEALTHCARE,400 S CLARK ST,BUTTE,MT,59701,MT - Missoula,12,41871.67,14158.83,13304.83,46.1,-112.4
177 - RESPIRATORY INFECTIONS & INFLAMMATIONS W MCC,270023,COMMUNITY MEDICAL CENTER,2827 FORT MISSOULA RD,MISSOULA,MT,59804,MT - Missoula,12,38133.83,12002.0,11426.83,46.9,-114.2
177 - RESPIRATORY INFECTIONS & INFLAMMATIONS W MCC,270049,ST VINCENT HEALTHCARE,1233 N 30TH ST,BILLINGS,MT,59101,MT - Billings,17,34883.65,11857.06,10739.88,45.7,-108.4
177 - RESPIRATORY INFECTIONS & INFLAMMATIONS W MCC,270051,KALISPELL REGIONAL MEDICAL CENTER,310 SUNNYVIEW LANE,KALISPELL,MT,59901,MT - Missoula,15,40197.6,12611.2,9979.4,48.1,-113.8
177 - RESPIRATORY INFECTIONS & INFLAMMATIONS W MCC,270057,BOZEMAN HEALTH DEACONESS HOSPITAL,915 HIGHLAND BLVD,BOZEMAN,MT,59715,MT - Billings,20,17008.1,11038.0,10161.8,45.7,-111.0
177 - RESPIRATORY INFECTIONS & INFLAMMATIONS W MCC,270086,GREAT FALLS CLINIC HOSPITAL,3010 15TH AVENUE SOUTH,GREAT FALLS,MT,59405,MT - Great Falls,11,20685.18,10525.55,9705.91,47.3,-111.2
178 - RESPIRATORY INFECTIONS & INFLAMMATIONS W CC,270004,BILLINGS CLINIC HOSPITAL,2800 10TH AVE N,BILLINGS,MT,59101,MT - Billings,11,20522.09,9135.91,7730.09,45.7,-108.4
178 - RESPIRATORY INFECTIONS & INFLAMMATIONS W CC,270051,KALISPELL REGIONAL MEDICAL CENTER,310 SUNNYVIEW LANE,KALISPELL,MT,59901,MT - Missoula,17,19576.0,8385.82,7782.0,48.1,-113.8
180 - RESPIRATORY NEOPLASMS W MCC,270004,BILLINGS CLINIC HOSPITAL,2800 10TH AVE N,BILLINGS,MT,59101,MT - Billings,12,24585.92,11548.5,10598.0,45.7,-108.4
189 - PULMONARY EDEMA & RESPIRATORY FAILURE,270003,ST PETER'S HOSPITAL,2475 BROADWAY,HELENA,MT,59601,MT - Billings,58,19055.88,7840.41,6824.69,46.5,-112.1
189 - PULMONARY EDEMA & RESPIRATORY FAILURE,270004,BILLINGS CLINIC HOSPITAL,2800 10TH AVE N,BILLINGS,MT,59101,MT - Billings,99,15700.25,8262.95,7379.13,45.7,-108.4
189 - PULMONARY EDEMA & RESPIRATORY FAILURE,270012,BENEFIS HOSPITALS INC,1101 26TH ST S,GREAT FALLS,MT,59405,MT - Great Falls,71,22622.41,8358.79,7423.44,47.3,-111.2
189 - PULMONARY EDEMA & RESPIRATORY FAILURE,270017,ST JAMES HEALTHCARE,400 S CLARK ST,BUTTE,MT,59701,MT - Missoula,65,28942.75,9873.98,8087.66,46.1,-112.4
189 - PULMONARY EDEMA & RESPIRATORY FAILURE,270023,COMMUNITY MEDICAL CENTER,2827 FORT MISSOULA RD,MISSOULA,MT,59804,MT - Missoula,16,23267.06,8793.63,7241.5,46.9,-114.2
189 - PULMONARY EDEMA & RESPIRATORY FAILURE,270049,ST VINCENT HEALTHCARE,1233 N 30TH ST,BILLINGS,MT,59101,MT - Billings,124,26925.35,8241.6,6791.02,45.7,-108.4
189 - PULMONARY EDEMA & RESPIRATORY FAILURE,270051,KALISPELL REGIONAL MEDICAL CENTER,310 SUNNYVIEW LANE,KALISPELL,MT,59901,MT - Missoula,34,23486.29,7796.5,7040.41,48.1,-113.8
189 - PULMONARY EDEMA & RESPIRATORY FAILURE,270057,BOZEMAN HEALTH DEACONESS HOSPITAL,915 HIGHLAND BLVD,BOZEMAN,MT,59715,MT - Billings,26,14548.69,7164.31,6078.88,45.7,-111.0
189 - PULMONARY EDEMA & RESPIRATORY FAILURE,270086,GREAT FALLS CLINIC HOSPITAL,3010 15TH AVENUE SOUTH,GREAT FALLS,MT,59405,MT - Great Falls,13,16616.46,7231.0,6141.15,47.3,-111.2
190 - CHRONIC OBSTRUCTIVE PULMONARY DISEASE W MCC,270003,ST PETER'S HOSPITAL,2475 BROADWAY,HELENA,MT,59601,MT - Billings,30,21234.47,7516.43,6090.57,46.5,-112.1
190 - CHRONIC OBSTRUCTIVE PULMONARY DISEASE W MCC,270004,BILLINGS CLINIC HOSPITAL,2800 10TH AVE N,BILLINGS,MT,59101,MT - Billings,106,15280.27,7927.75,6633.67,45.7,-108.4
190 - CHRONIC OBSTRUCTIVE PULMONARY DISEASE W MCC,270012,BENEFIS HOSPITALS INC,1101 26TH ST S,GREAT FALLS,MT,59405,MT - Great Falls,72,19649.97,7970.68,6807.94,47.3,-111.2
190 - CHRONIC OBSTRUCTIVE PULMONARY DISEASE W MCC,270049,ST VINCENT HEALTHCARE,1233 N 30TH ST,BILLINGS,MT,59101,MT - Billings,12,23797.5,7485.25,6386.75,45.7,-108.4
190 - CHRONIC OBSTRUCTIVE PULMONARY DISEASE W MCC,270051,KALISPELL REGIONAL MEDICAL CENTER,310 SUNNYVIEW LANE,KALISPELL,MT,59901,MT - Missoula,31,16238.65,7283.16,6212.77,48.1,-113.8
190 - CHRONIC OBSTRUCTIVE PULMONARY DISEASE W MCC,270057,BOZEMAN HEALTH DEACONESS HOSPITAL,915 HIGHLAND BLVD,BOZEMAN,MT,59715,MT - Billings,23,14782.52,7851.7,5634.83,45.7,-111.0
191 - CHRONIC OBSTRUCTIVE PULMONARY DISEASE W CC,270003,ST PETER'S HOSPITAL,2475 BROADWAY,HELENA,MT,59601,MT - Billings,18,26033.0,6694.11,5770.06,46.5,-112.1
191 - CHRONIC OBSTRUCTIVE PULMONARY DISEASE W CC,270004,BILLINGS CLINIC HOSPITAL,2800 10TH AVE N,BILLINGS,MT,59101,MT - Billings,14,13646.86,6850.93,4821.79,45.7,-108.4
191 - CHRONIC OBSTRUCTIVE PULMONARY DISEASE W CC,270012,BENEFIS HOSPITALS INC,1101 26TH ST S,GREAT FALLS,MT,59405,MT - Great Falls,22,13130.5,6339.5,5362.41,47.3,-111.2
191 - CHRONIC OBSTRUCTIVE PULMONARY DISEASE W CC,270049,ST VINCENT HEALTHCARE,1233 N 30TH ST,BILLINGS,MT,59101,MT - Billings,16,20565.94,6127.88,4981.44,45.7,-108.4
191 - CHRONIC OBSTRUCTIVE PULMONARY DISEASE W CC,270051,KALISPELL REGIONAL MEDICAL CENTER,310 SUNNYVIEW LANE,KALISPELL,MT,59901,MT - Missoula,24,16784.38,6012.33,4889.42,48.1,-113.8
192 - CHRONIC OBSTRUCTIVE PULMONARY DISEASE W/O CC/MCC,270012,BENEFIS HOSPITALS INC,1101 26TH ST S,GREAT FALLS,MT,59405,MT - Great Falls,12,14064.75,5002.25,3787.5,47.3,-111.2
193 - SIMPLE PNEUMONIA & PLEURISY W MCC,270003,ST PETER'S HOSPITAL,2475 BROADWAY,HELENA,MT,59601,MT - Billings,76,23008.13,9202.32,7849.75,46.5,-112.1
193 - SIMPLE PNEUMONIA & PLEURISY W MCC,270004,BILLINGS CLINIC HOSPITAL,2800 10TH AVE N,BILLINGS,MT,59101,MT - Billings,97,17538.72,9352.94,8316.75,45.7,-108.4
193 - SIMPLE PNEUMONIA & PLEURISY W MCC,270012,BENEFIS HOSPITALS INC,1101 26TH ST S,GREAT FALLS,MT,59405,MT - Great Falls,105,22810.86,9734.21,8534.23,47.3,-111.2
193 - SIMPLE PNEUMONIA & PLEURISY W MCC,270017,ST JAMES HEALTHCARE,400 S CLARK ST,BUTTE,MT,59701,MT - Missoula,34,34744.71,11945.88,10851.41,46.1,-112.4
193 - SIMPLE PNEUMONIA & PLEURISY W MCC,270023,COMMUNITY MEDICAL CENTER,2827 FORT MISSOULA RD,MISSOULA,MT,59804,MT - Missoula,18,24795.39,11298.22,7862.5,46.9,-114.2
193 - SIMPLE PNEUMONIA & PLEURISY W MCC,270032,NORTHERN MONTANA HOSPITAL,30 13TH ST,HAVRE,MT,59501,MT - Great Falls,12,30334.75,10867.5,9798.83,48.6,-109.9
193 - SIMPLE PNEUMONIA & PLEURISY W MCC,270049,ST VINCENT HEALTHCARE,1233 N 30TH ST,BILLINGS,MT,59101,MT - Billings,75,27261.83,9078.88,8076.11,45.7,-108.4
193 - SIMPLE PNEUMONIA & PLEURISY W MCC,270051,KALISPELL REGIONAL MEDICAL CENTER,310 SUNNYVIEW LANE,KALISPELL,MT,59901,MT - Missoula,52,23121.77,9111.33,7818.17,48.1,-113.8
193 - SIMPLE PNEUMONIA & PLEURISY W MCC,270057,BOZEMAN HEALTH DEACONESS HOSPITAL,915 HIGHLAND BLVD,BOZEMAN,MT,59715,MT - Billings,50,13928.96,8353.46,7029.94,45.7,-111.0
193 - SIMPLE PNEUMONIA & PLEURISY W MCC,270086,GREAT FALLS CLINIC HOSPITAL,3010 15TH AVENUE SOUTH,GREAT FALLS,MT,59405,MT - Great Falls,24,16991.5,8174.38,7004.96,47.3,-111.2
194 - SIMPLE PNEUMONIA & PLEURISY W CC,270003,ST PETER'S HOSPITAL,2475 BROADWAY,HELENA,MT,59601,MT - Billings,24,19002.08,6260.25,4954.54,46.5,-112.1
194 - SIMPLE PNEUMONIA & PLEURISY W CC,270004,BILLINGS CLINIC HOSPITAL,2800 10TH AVE N,BILLINGS,MT,59101,MT - Billings,32,12851.84,6811.09,5368.94,45.7,-108.4
194 - SIMPLE PNEUMONIA & PLEURISY W CC,270012,BENEFIS HOSPITALS INC,1101 26TH ST S,GREAT FALLS,MT,59405,MT - Great Falls,39,14665.67,6611.08,5605.28,47.3,-111.2
194 - SIMPLE PNEUMONIA & PLEURISY W CC,270023,COMMUNITY MEDICAL CENTER,2827 FORT MISSOULA RD,MISSOULA,MT,59804,MT - Missoula,13,16356.23,7013.23,5709.0,46.9,-114.2
194 - SIMPLE PNEUMONIA & PLEURISY W CC,270032,NORTHERN MONTANA HOSPITAL,30 13TH ST,HAVRE,MT,59501,MT - Great Falls,29,19635.69,7869.14,6852.45,48.6,-109.9
194 - SIMPLE PNEUMONIA & PLEURISY W CC,270049,ST VINCENT HEALTHCARE,1233 N 30TH ST,BILLINGS,MT,59101,MT - Billings,28,18871.61,6353.82,5313.32,45.7,-108.4
194 - SIMPLE PNEUMONIA & PLEURISY W CC,270051,KALISPELL REGIONAL MEDICAL CENTER,310 SUNNYVIEW LANE,KALISPELL,MT,59901,MT - Missoula,34,16245.26,6554.29,5118.74,48.1,-113.8
194 - SIMPLE PNEUMONIA & PLEURISY W CC,270057,BOZEMAN HEALTH DEACONESS HOSPITAL,915 HIGHLAND BLVD,BOZEMAN,MT,59715,MT - Billings,23,11666.09,5654.74,4568.61,45.7,-111.0
195 - SIMPLE PNEUMONIA & PLEURISY W/O CC/MCC,270012,BENEFIS HOSPITALS INC,1101 26TH ST S,GREAT FALLS,MT,59405,MT - Great Falls,11,14553.36,4855.73,3651.27,47.3,-111.2
195 - SIMPLE PNEUMONIA & PLEURISY W/O CC/MCC,270032,NORTHERN MONTANA HOSPITAL,30 13TH ST,HAVRE,MT,59501,MT - Great Falls,11,17321.73,5799.45,4633.64,48.6,-109.9
207 - RESPIRATORY SYSTEM DIAGNOSIS W VENTILATOR SUPPORT >96 HOURS,270049,ST VINCENT HEALTHCARE,1233 N 30TH ST,BILLINGS,MT,59101,MT - Billings,13,252377.15,55984.92,53576.62,45.7,-108.4
208 - RESPIRATORY SYSTEM DIAGNOSIS W VENTILATOR SUPPORT <=96 HOURS,270003,ST PETER'S HOSPITAL,2475 BROADWAY,HELENA,MT,59601,MT - Billings,11,38349.36,14716.55,13896.91,46.5,-112.1
208 - RESPIRATORY SYSTEM DIAGNOSIS W VENTILATOR SUPPORT <=96 HOURS,270004,BILLINGS CLINIC HOSPITAL,2800 10TH AVE N,BILLINGS,MT,59101,MT - Billings,47,43597.15,15626.55,13798.02,45.7,-108.4
208 - RESPIRATORY SYSTEM DIAGNOSIS W VENTILATOR SUPPORT <=96 HOURS,270012,BENEFIS HOSPITALS INC,1101 26TH ST S,GREAT FALLS,MT,59405,MT - Great Falls,29,53490.59,17178.66,16391.28,47.3,-111.2
208 - RESPIRATORY SYSTEM DIAGNOSIS W VENTILATOR SUPPORT <=96 HOURS,270049,ST VINCENT HEALTHCARE,1233 N 30TH ST,BILLINGS,MT,59101,MT - Billings,18,78326.83,17566.72,12252.78,45.7,-108.4
208 - RESPIRATORY SYSTEM DIAGNOSIS W VENTILATOR SUPPORT <=96 HOURS,270051,KALISPELL REGIONAL MEDICAL CENTER,310 SUNNYVIEW LANE,KALISPELL,MT,59901,MT - Missoula,22,42976.0,14253.18,13142.95,48.1,-113.8
208 - RESPIRATORY SYSTEM DIAGNOSIS W VENTILATOR SUPPORT <=96 HOURS,270057,BOZEMAN HEALTH DEACONESS HOSPITAL,915 HIGHLAND BLVD,BOZEMAN,MT,59715,MT - Billings,11,28147.73,13425.82,12327.91,45.7,-111.0
216 - CARDIAC VALVE & OTH MAJ CARDIOTHORACIC PROC W CARD CATH W MCC,270004,BILLINGS CLINIC HOSPITAL,2800 10TH AVE N,BILLINGS,MT,59101,MT - Billings,20,179669.1,62231.0,60797.8,45.7,-108.4
219 - CARDIAC VALVE & OTH MAJ CARDIOTHORACIC PROC W/O CARD CATH W MCC,270004,BILLINGS CLINIC HOSPITAL,2800 10TH AVE N,BILLINGS,MT,59101,MT - Billings,32,142250.81,49600.38,48370.25,45.7,-108.4
219 - CARDIAC VALVE & OTH MAJ CARDIOTHORACIC PROC W/O CARD CATH W MCC,270012,BENEFIS HOSPITALS INC,1101 26TH ST S,GREAT FALLS,MT,59405,MT - Great Falls,14,174588.0,53034.86,52199.71,47.3,-111.2
220 - CARDIAC VALVE & OTH MAJ CARDIOTHORACIC PROC W/O CARD CATH W CC,270004,BILLINGS CLINIC HOSPITAL,2800 10TH AVE N,BILLINGS,MT,59101,MT - Billings,28,107146.36,32313.71,31069.32,45.7,-108.4
220 - CARDIAC VALVE & OTH MAJ CARDIOTHORACIC PROC W/O CARD CATH W CC,270049,ST VINCENT HEALTHCARE,1233 N 30TH ST,BILLINGS,MT,59101,MT - Billings,11,164632.55,32650.09,31421.55,45.7,-108.4
220 - CARDIAC VALVE & OTH MAJ CARDIOTHORACIC PROC W/O CARD CATH W CC,270051,KALISPELL REGIONAL MEDICAL CENTER,310 SUNNYVIEW LANE,KALISPELL,MT,59901,MT - Missoula,12,174570.33,41916.83,40838.92,48.1,-113.8
233 - CORONARY BYPASS W CARDIAC CATH W MCC,270004,BILLINGS CLINIC HOSPITAL,2800 10TH AVE N,BILLINGS,MT,59101,MT - Billings,11,120128.55,43612.91,42251.64,45.7,-108.4
233 - CORONARY BYPASS W CARDIAC CATH W MCC,270012,BENEFIS HOSPITALS INC,1101 26TH ST S,GREAT FALLS,MT,59405,MT - Great Falls,11,181615.82,52571.09,51407.0,47.3,-111.2
233 - CORONARY BYPASS W CARDIAC CATH W MCC,270049,ST VINCENT HEALTHCARE,1233 N 30TH ST,BILLINGS,MT,59101,MT - Billings,11,224272.73,51289.27,49992.27,45.7,-108.4
234 - CORONARY BYPASS W CARDIAC CATH W/O MCC,270004,BILLINGS CLINIC HOSPITAL,2800 10TH AVE N,BILLINGS,MT,59101,MT - Billings,15,92347.73,34946.4,27729.07,45.7,-108.4
234 - CORONARY BYPASS W CARDIAC CATH W/O MCC,270051,KALISPELL REGIONAL MEDICAL CENTER,310 SUNNYVIEW LANE,KALISPELL,MT,59901,MT - Missoula,18,139361.78,32326.89,31046.67,48.1,-113.8
236 - CORONARY BYPASS W/O CARDIAC CATH W/O MCC,270004,BILLINGS CLINIC HOSPITAL,2800 10TH AVE N,BILLINGS,MT,59101,MT - Billings,34,76402.62,25501.24,22246.38,45.7,-108.4
236 - CORONARY BYPASS W/O CARDIAC CATH W/O MCC,270012,BENEFIS HOSPITALS INC,1101 26TH ST S,GREAT FALLS,MT,59405,MT - Great Falls,20,117443.1,26881.95,25778.8,47.3,-111.2
236 - CORONARY BYPASS W/O CARDIAC CATH W/O MCC,270049,ST VINCENT HEALTHCARE,1233 N 30TH ST,BILLINGS,MT,59101,MT - Billings,19,148838.68,27881.89,23233.11,45.7,-108.4
236 - CORONARY BYPASS W/O CARDIAC CATH W/O MCC,270051,KALISPELL REGIONAL MEDICAL CENTER,310 SUNNYVIEW LANE,KALISPELL,MT,59901,MT - Missoula,13,115869.54,25749.85,24560.08,48.1,-113.8
242 - PERMANENT CARDIAC PACEMAKER IMPLANT W MCC,270004,BILLINGS CLINIC HOSPITAL,2800 10TH AVE N,BILLINGS,MT,59101,MT - Billings,17,50075.53,23739.0,22873.47,45.7,-108.4
243 - PERMANENT CARDIAC PACEMAKER IMPLANT W CC,270004,BILLINGS CLINIC HOSPITAL,2800 10TH AVE N,BILLINGS,MT,59101,MT - Billings,26,39892.5,16946.96,16127.19,45.7,-108.4
243 - PERMANENT CARDIAC PACEMAKER IMPLANT W CC,270012,BENEFIS HOSPITALS INC,1101 26TH ST S,GREAT FALLS,MT,59405,MT - Great Falls,12,51497.92,17868.25,16744.5,47.3,-111.2
243 - PERMANENT CARDIAC PACEMAKER IMPLANT W CC,270051,KALISPELL REGIONAL MEDICAL CENTER,310 SUNNYVIEW LANE,KALISPELL,MT,59901,MT - Missoula,13,64711.54,17020.31,15834.38,48.1,-113.8
244 - PERMANENT CARDIAC PACEMAKER IMPLANT W/O CC/MCC,270004,BILLINGS CLINIC HOSPITAL,2800 10TH AVE N,BILLINGS,MT,59101,MT - Billings,20,33622.3,13886.0,12817.4,45.7,-108.4
246 - PERC CARDIOVASC PROC W DRUG-ELUTING STENT W MCC OR 4+ VESSELS/STENTS,270004,BILLINGS CLINIC HOSPITAL,2800 10TH AVE N,BILLINGS,MT,59101,MT - Billings,35,70523.74,21371.34,18982.94,45.7,-108.4
246 - PERC CARDIOVASC PROC W DRUG-ELUTING STENT W MCC OR 4+ VESSELS/STENTS,270012,BENEFIS HOSPITALS INC,1101 26TH ST S,GREAT FALLS,MT,59405,MT - Great Falls,18,92595.22,23234.83,22281.67,47.3,-111.2
246 - PERC CARDIOVASC PROC W DRUG-ELUTING STENT W MCC OR 4+ VESSELS/STENTS,270049,ST VINCENT HEALTHCARE,1233 N 30TH ST,BILLINGS,MT,59101,MT - Billings,18,84076.44,20618.72,19494.39,45.7,-108.4
246 - PERC CARDIOVASC PROC W DRUG-ELUTING STENT W MCC OR 4+ VESSELS/STENTS,270051,KALISPELL REGIONAL MEDICAL CENTER,310 SUNNYVIEW LANE,KALISPELL,MT,59901,MT - Missoula,21,100121.81,22683.19,21647.9,48.1,-113.8
247 - PERC CARDIOVASC PROC W DRUG-ELUTING STENT W/O MCC,270003,ST PETER'S HOSPITAL,2475 BROADWAY,HELENA,MT,59601,MT - Billings,26,47073.81,15157.5,11478.62,46.5,-112.1
247 - PERC CARDIOVASC PROC W DRUG-ELUTING STENT W/O MCC,270004,BILLINGS CLINIC HOSPITAL,2800 10TH AVE N,BILLINGS,MT,59101,MT - Billings,109,48245.01,14066.0,12566.78,45.7,-108.4
247 - PERC CARDIOVASC PROC W DRUG-ELUTING STENT W/O MCC,270012,BENEFIS HOSPITALS INC,1101 26TH ST S,GREAT FALLS,MT,59405,MT - Great Falls,42,63883.55,15250.05,13252.67,47.3,-111.2
247 - PERC CARDIOVASC PROC W DRUG-ELUTING STENT W/O MCC,270017,ST JAMES HEALTHCARE,400 S CLARK ST,BUTTE,MT,59701,MT - Missoula,25,68615.24,18848.8,14054.6,46.1,-112.4
247 - PERC CARDIOVASC PROC W DRUG-ELUTING STENT W/O MCC,270049,ST VINCENT HEALTHCARE,1233 N 30TH ST,BILLINGS,MT,59101,MT - Billings,64,71433.47,14039.94,11870.0,45.7,-108.4
247 - PERC CARDIOVASC PROC W DRUG-ELUTING STENT W/O MCC,270051,KALISPELL REGIONAL MEDICAL CENTER,310 SUNNYVIEW LANE,KALISPELL,MT,59901,MT - Missoula,35,65829.57,14225.03,11666.6,48.1,-113.8
247 - PERC CARDIOVASC PROC W DRUG-ELUTING STENT W/O MCC,270057,BOZEMAN HEALTH DEACONESS HOSPITAL,915 HIGHLAND BLVD,BOZEMAN,MT,59715,MT - Billings,26,27790.31,13199.19,10379.31,45.7,-111.0
249 - PERC CARDIOVASC PROC W NON-DRUG-ELUTING STENT W/O MCC,270004,BILLINGS CLINIC HOSPITAL,2800 10TH AVE N,BILLINGS,MT,59101,MT - Billings,21,41394.86,12390.86,11250.57,45.7,-108.4
249 - PERC CARDIOVASC PROC W NON-DRUG-ELUTING STENT W/O MCC,270057,BOZEMAN HEALTH DEACONESS HOSPITAL,915 HIGHLAND BLVD,BOZEMAN,MT,59715,MT - Billings,14,26941.43,11895.79,9223.86,45.7,-111.0
252 - OTHER VASCULAR PROCEDURES W MCC,270004,BILLINGS CLINIC HOSPITAL,2800 10TH AVE N,BILLINGS,MT,59101,MT - Billings,12,60535.17,23471.92,22469.58,45.7,-108.4
252 - OTHER VASCULAR PROCEDURES W MCC,270012,BENEFIS HOSPITALS INC,1101 26TH ST S,GREAT FALLS,MT,59405,MT - Great Falls,14,111742.21,28045.29,27371.43,47.3,-111.2
252 - OTHER VASCULAR PROCEDURES W MCC,270049,ST VINCENT HEALTHCARE,1233 N 30TH ST,BILLINGS,MT,59101,MT - Billings,13,84087.54,21288.54,20546.69,45.7,-108.4
252 - OTHER VASCULAR PROCEDURES W MCC,270057,BOZEMAN HEALTH DEACONESS HOSPITAL,915 HIGHLAND BLVD,BOZEMAN,MT,59715,MT - Billings,11,39297.82,19114.09,18360.09,45.7,-111.0
253 - OTHER VASCULAR PROCEDURES W CC,270004,BILLINGS CLINIC HOSPITAL,2800 10TH AVE N,BILLINGS,MT,59101,MT - Billings,21,45477.86,16780.71,15771.29,45.7,-108.4
253 - OTHER VASCULAR PROCEDURES W CC,270012,BENEFIS HOSPITALS INC,1101 26TH ST S,GREAT FALLS,MT,59405,MT - Great Falls,19,47182.26,18439.63,17487.58,47.3,-111.2
253 - OTHER VASCULAR PROCEDURES W CC,270049,ST VINCENT HEALTHCARE,1233 N 30TH ST,BILLINGS,MT,59101,MT - Billings,19,73159.89,16647.0,15661.74,45.7,-108.4
254 - OTHER VASCULAR PROCEDURES W/O CC/MCC,270004,BILLINGS CLINIC HOSPITAL,2800 10TH AVE N,BILLINGS,MT,59101,MT - Billings,16,34972.75,11409.44,10149.44,45.7,-108.4
254 - OTHER VASCULAR PROCEDURES W/O CC/MCC,270012,BENEFIS HOSPITALS INC,1101 26TH ST S,GREAT FALLS,MT,59405,MT - Great Falls,19,45745.79,12018.68,10951.0,47.3,-111.2
266 - ENDOVASCULAR CARDIAC VALVE REPLACEMENT W MCC,270004,BILLINGS CLINIC HOSPITAL,2800 10TH AVE N,BILLINGS,MT,59101,MT - Billings,16,112455.13,52334.19,51613.19,45.7,-108.4
267 - ENDOVASCULAR CARDIAC VALVE REPLACEMENT W/O MCC,270049,ST VINCENT HEALTHCARE,1233 N 30TH ST,BILLINGS,MT,59101,MT - Billings,15,190514.67,41052.47,40332.87,45.7,-108.4
269 - AORTIC AND HEART ASSIST PROCEDURES EXCEPT PULSATION BALLOON W/O MCC,270004,BILLINGS CLINIC HOSPITAL,2800 10TH AVE N,BILLINGS,MT,59101,MT - Billings,14,73558.29,24634.79,23666.64,45.7,-108.4
269 - AORTIC AND HEART ASSIST PROCEDURES EXCEPT PULSATION BALLOON W/O MCC,270012,BENEFIS HOSPITALS INC,1101 26TH ST S,GREAT FALLS,MT,59405,MT - Great Falls,12,87794.42,26417.67,25171.17,47.3,-111.2
269 - AORTIC AND HEART ASSIST PROCEDURES EXCEPT PULSATION BALLOON W/O MCC,270049,ST VINCENT HEALTHCARE,1233 N 30TH ST,BILLINGS,MT,59101,MT - Billings,12,103191.5,24503.42,23314.58,45.7,-108.4
270 - OTHER MAJOR CARDIOVASCULAR PROCEDURES W MCC,270004,BILLINGS CLINIC HOSPITAL,2800 10TH AVE N,BILLINGS,MT,59101,MT - Billings,22,83789.41,33241.23,27935.68,45.7,-108.4
"280 - ACUTE MYOCARDIAL INFARCTION, DISCHARGED ALIVE W MCC",270004,BILLINGS CLINIC HOSPITAL,2800 10TH AVE N,BILLINGS,MT,59101,MT - Billings,19,29046.05,11279.0,10322.79,45.7,-108.4
"280 - ACUTE MYOCARDIAL INFARCTION, DISCHARGED ALIVE W MCC",270012,BENEFIS HOSPITALS INC,1101 26TH ST S,GREAT FALLS,MT,59405,MT - Great Falls,22,34778.86,11924.09,10891.41,47.3,-111.2
"280 - ACUTE MYOCARDIAL INFARCTION, DISCHARGED ALIVE W MCC",270049,ST VINCENT HEALTHCARE,1233 N 30TH ST,BILLINGS,MT,59101,MT - Billings,26,34009.42,10407.85,9481.73,45.7,-108.4
"280 - ACUTE MYOCARDIAL INFARCTION, DISCHARGED ALIVE W MCC",270057,BOZEMAN HEALTH DEACONESS HOSPITAL,915 HIGHLAND BLVD,BOZEMAN,MT,59715,MT - Billings,12,13859.33,9828.92,8738.58,45.7,-111.0
"281 - ACUTE MYOCARDIAL INFARCTION, DISCHARGED ALIVE W CC",270004,BILLINGS CLINIC HOSPITAL,2800 10TH AVE N,BILLINGS,MT,59101,MT - Billings,16,21100.56,6988.19,5808.81,45.7,-108.4
"281 - ACUTE MYOCARDIAL INFARCTION, DISCHARGED ALIVE W CC",270012,BENEFIS HOSPITALS INC,1101 26TH ST S,GREAT FALLS,MT,59405,MT - Great Falls,14,18116.0,6970.21,5908.79,47.3,-111.2
"281 - ACUTE MYOCARDIAL INFARCTION, DISCHARGED ALIVE W CC",270049,ST VINCENT HEALTHCARE,1233 N 30TH ST,BILLINGS,MT,59101,MT - Billings,21,20687.86,7313.29,5409.71,45.7,-108.4
"281 - ACUTE MYOCARDIAL INFARCTION, DISCHARGED ALIVE W CC",270051,KALISPELL REGIONAL MEDICAL CENTER,310 SUNNYVIEW LANE,KALISPELL,MT,59901,MT - Missoula,20,30163.25,8118.35,5497.4,48.1,-113.8
"286 - CIRCULATORY DISORDERS EXCEPT AMI, W CARD CATH W MCC",270004,BILLINGS CLINIC HOSPITAL,2800 10TH AVE N,BILLINGS,MT,59101,MT - Billings,16,35062.56,14591.31,13445.06,45.7,-108.4
"286 - CIRCULATORY DISORDERS EXCEPT AMI, W CARD CATH W MCC",270051,KALISPELL REGIONAL MEDICAL CENTER,310 SUNNYVIEW LANE,KALISPELL,MT,59901,MT - Missoula,13,45216.23,14940.46,11339.85,48.1,-113.8
"287 - CIRCULATORY DISORDERS EXCEPT AMI, W CARD CATH W/O MCC",270003,ST PETER'S HOSPITAL,2475 BROADWAY,HELENA,MT,59601,MT - Billings,12,23594.17,7365.33,6513.67,46.5,-112.1
"287 - CIRCULATORY DISORDERS EXCEPT AMI, W CARD CATH W/O MCC",270004,BILLINGS CLINIC HOSPITAL,2800 10TH AVE N,BILLINGS,MT,59101,MT - Billings,72,20604.21,7824.6,6736.96,45.7,-108.4
"287 - CIRCULATORY DISORDERS EXCEPT AMI, W CARD CATH W/O MCC",270012,BENEFIS HOSPITALS INC,1101 26TH ST S,GREAT FALLS,MT,59405,MT - Great Falls,28,24394.25,7881.32,6763.11,47.3,-111.2
"287 - CIRCULATORY DISORDERS EXCEPT AMI, W CARD CATH W/O MCC",270049,ST VINCENT HEALTHCARE,1233 N 30TH ST,BILLINGS,MT,59101,MT - Billings,33,27440.94,7861.82,6167.42,45.7,-108.4
"287 - CIRCULATORY DISORDERS EXCEPT AMI, W CARD CATH W/O MCC",270051,KALISPELL REGIONAL MEDICAL CENTER,310 SUNNYVIEW LANE,KALISPELL,MT,59901,MT - Missoula,19,31664.32,7345.79,6132.84,48.1,-113.8
291 - HEART FAILURE & SHOCK W MCC,270003,ST PETER'S HOSPITAL,2475 BROADWAY,HELENA,MT,59601,MT - Billings,40,20180.45,9448.08,8487.68,46.5,-112.1
291 - HEART FAILURE & SHOCK W MCC,270004,BILLINGS CLINIC HOSPITAL,2800 10TH AVE N,BILLINGS,MT,59101,MT - Billings,106,19679.62,10150.5,9014.48,45.7,-108.4
291 - HEART FAILURE & SHOCK W MCC,270012,BENEFIS HOSPITALS INC,1101 26TH ST S,GREAT FALLS,MT,59405,MT - Great Falls,83,26433.96,10280.22,9123.99,47.3,-111.2
291 - HEART FAILURE & SHOCK W MCC,270017,ST JAMES HEALTHCARE,400 S CLARK ST,BUTTE,MT,59701,MT - Missoula,39,34356.38,11609.26,10855.38,46.1,-112.4
291 - HEART FAILURE & SHOCK W MCC,270023,COMMUNITY MEDICAL CENTER,2827 FORT MISSOULA RD,MISSOULA,MT,59804,MT - Missoula,25,29733.16,10168.64,9207.12,46.9,-114.2
291 - HEART FAILURE & SHOCK W MCC,270032,NORTHERN MONTANA HOSPITAL,30 13TH ST,HAVRE,MT,59501,MT - Great Falls,12,23840.33,11000.0,9821.67,48.6,-109.9
291 - HEART FAILURE & SHOCK W MCC,270049,ST VINCENT HEALTHCARE,1233 N 30TH ST,BILLINGS,MT,59101,MT - Billings,104,24308.48,9272.13,8505.62,45.7,-108.4
291 - HEART FAILURE & SHOCK W MCC,270051,KALISPELL REGIONAL MEDICAL CENTER,310 SUNNYVIEW LANE,KALISPELL,MT,59901,MT - Missoula,63,20260.68,9270.71,8352.49,48.1,-113.8
291 - HEART FAILURE & SHOCK W MCC,270057,BOZEMAN HEALTH DEACONESS HOSPITAL,915 HIGHLAND BLVD,BOZEMAN,MT,59715,MT - Billings,52,15330.06,8573.27,7597.48,45.7,-111.0
292 - HEART FAILURE & SHOCK W CC,270003,ST PETER'S HOSPITAL,2475 BROADWAY,HELENA,MT,59601,MT - Billings,27,13921.59,6209.89,5168.7,46.5,-112.1
292 - HEART FAILURE & SHOCK W CC,270004,BILLINGS CLINIC HOSPITAL,2800 10TH AVE N,BILLINGS,MT,59101,MT - Billings,71,14353.18,6722.37,5650.7,45.7,-108.4
292 - HEART FAILURE & SHOCK W CC,270012,BENEFIS HOSPITALS INC,1101 26TH ST S,GREAT FALLS,MT,59405,MT - Great Falls,47,15505.89,6792.53,5524.49,47.3,-111.2
292 - HEART FAILURE & SHOCK W CC,270017,ST JAMES HEALTHCARE,400 S CLARK ST,BUTTE,MT,59701,MT - Missoula,13,23221.31,7233.31,6469.77,46.1,-112.4
292 - HEART FAILURE & SHOCK W CC,270023,COMMUNITY MEDICAL CENTER,2827 FORT MISSOULA RD,MISSOULA,MT,59804,MT - Missoula,13,17255.08,6855.69,6237.31,46.9,-114.2
292 - HEART FAILURE & SHOCK W CC,270049,ST VINCENT HEALTHCARE,1233 N 30TH ST,BILLINGS,MT,59101,MT - Billings,40,17983.03,6360.93,5495.93,45.7,-108.4
292 - HEART FAILURE & SHOCK W CC,270051,KALISPELL REGIONAL MEDICAL CENTER,310 SUNNYVIEW LANE,KALISPELL,MT,59901,MT - Missoula,38,16790.34,6267.82,5385.45,48.1,-113.8
292 - HEART FAILURE & SHOCK W CC,270057,BOZEMAN HEALTH DEACONESS HOSPITAL,915 HIGHLAND BLVD,BOZEMAN,MT,59715,MT - Billings,23,11326.09,5659.52,4514.17,45.7,-111.0
293 - HEART FAILURE & SHOCK W/O CC/MCC,270003,ST PETER'S HOSPITAL,2475 BROADWAY,HELENA,MT,59601,MT - Billings,13,13745.85,4317.15,3233.77,46.5,-112.1
293 - HEART FAILURE & SHOCK W/O CC/MCC,270004,BILLINGS CLINIC HOSPITAL,2800 10TH AVE N,BILLINGS,MT,59101,MT - Billings,16,9986.06,4863.81,4084.94,45.7,-108.4
293 - HEART FAILURE & SHOCK W/O CC/MCC,270012,BENEFIS HOSPITALS INC,1101 26TH ST S,GREAT FALLS,MT,59405,MT - Great Falls,18,12635.5,4618.17,3711.39,47.3,-111.2
293 - HEART FAILURE & SHOCK W/O CC/MCC,270051,KALISPELL REGIONAL MEDICAL CENTER,310 SUNNYVIEW LANE,KALISPELL,MT,59901,MT - Missoula,13,13382.62,4465.85,3286.15,48.1,-113.8
299 - PERIPHERAL VASCULAR DISORDERS W MCC,270012,BENEFIS HOSPITALS INC,1101 26TH ST S,GREAT FALLS,MT,59405,MT - Great Falls,14,41675.5,10038.21,9282.43,47.3,-111.2
300 - PERIPHERAL VASCULAR DISORDERS W CC,270012,BENEFIS HOSPITALS INC,1101 26TH ST S,GREAT FALLS,MT,59405,MT - Great Falls,13,20661.31,6821.46,5581.62,47.3,-111.2
308 - CARDIAC ARRHYTHMIA & CONDUCTION DISORDERS W MCC,270003,ST PETER'S HOSPITAL,2475 BROADWAY,HELENA,MT,59601,MT - Billings,13,30396.31,7823.54,6740.15,46.5,-112.1
308 - CARDIAC ARRHYTHMIA & CONDUCTION DISORDERS W MCC,270004,BILLINGS CLINIC HOSPITAL,2800 10TH AVE N,BILLINGS,MT,59101,MT - Billings,32,17973.47,8293.44,6917.94,45.7,-108.4
308 - CARDIAC ARRHYTHMIA & CONDUCTION DISORDERS W MCC,270012,BENEFIS HOSPITALS INC,1101 26TH ST S,GREAT FALLS,MT,59405,MT - Great Falls,21,27686.86,8289.33,7296.62,47.3,-111.2
308 - CARDIAC ARRHYTHMIA & CONDUCTION DISORDERS W MCC,270023,COMMUNITY MEDICAL CENTER,2827 FORT MISSOULA RD,MISSOULA,MT,59804,MT - Missoula,11,25859.27,8549.36,7688.64,46.9,-114.2
308 - CARDIAC ARRHYTHMIA & CONDUCTION DISORDERS W MCC,270049,ST VINCENT HEALTHCARE,1233 N 30TH ST,BILLINGS,MT,59101,MT - Billings,19,29863.84,7987.0,6436.11,45.7,-108.4
308 - CARDIAC ARRHYTHMIA & CONDUCTION DISORDERS W MCC,270051,KALISPELL REGIONAL MEDICAL CENTER,310 SUNNYVIEW LANE,KALISPELL,MT,59901,MT - Missoula,16,20964.81,8302.25,6222.44,48.1,-113.8
308 - CARDIAC ARRHYTHMIA & CONDUCTION DISORDERS W MCC,270057,BOZEMAN HEALTH DEACONESS HOSPITAL,915 HIGHLAND BLVD,BOZEMAN,MT,59715,MT - Billings,15,18976.0,7418.27,6050.53,45.7,-111.0
309 - CARDIAC ARRHYTHMIA & CONDUCTION DISORDERS W CC,270003,ST PETER'S HOSPITAL,2475 BROADWAY,HELENA,MT,59601,MT - Billings,28,16404.43,5142.21,3931.57,46.5,-112.1
309 - CARDIAC ARRHYTHMIA & CONDUCTION DISORDERS W CC,270004,BILLINGS CLINIC HOSPITAL,2800 10TH AVE N,BILLINGS,MT,59101,MT - Billings,29,12872.24,5551.66,4427.93,45.7,-108.4
309 - CARDIAC ARRHYTHMIA & CONDUCTION DISORDERS W CC,270012,BENEFIS HOSPITALS INC,1101 26TH ST S,GREAT FALLS,MT,59405,MT - Great Falls,40,15651.73,5360.85,4286.8,47.3,-111.2
309 - CARDIAC ARRHYTHMIA & CONDUCTION DISORDERS W CC,270017,ST JAMES HEALTHCARE,400 S CLARK ST,BUTTE,MT,59701,MT - Missoula,19,18625.74,6347.63,4534.58,46.1,-112.4
309 - CARDIAC ARRHYTHMIA & CONDUCTION DISORDERS W CC,270023,COMMUNITY MEDICAL CENTER,2827 FORT MISSOULA RD,MISSOULA,MT,59804,MT - Missoula,17,18376.88,5858.0,4931.94,46.9,-114.2
309 - CARDIAC ARRHYTHMIA & CONDUCTION DISORDERS W CC,270049,ST VINCENT HEALTHCARE,1233 N 30TH ST,BILLINGS,MT,59101,MT - Billings,36,21130.28,5248.36,4221.69,45.7,-108.4
309 - CARDIAC ARRHYTHMIA & CONDUCTION DISORDERS W CC,270051,KALISPELL REGIONAL MEDICAL CENTER,310 SUNNYVIEW LANE,KALISPELL,MT,59901,MT - Missoula,21,17708.67,5174.81,4377.9,48.1,-113.8
309 - CARDIAC ARRHYTHMIA & CONDUCTION DISORDERS W CC,270057,BOZEMAN HEALTH DEACONESS HOSPITAL,915 HIGHLAND BLVD,BOZEMAN,MT,59715,MT - Billings,12,12136.42,4588.75,3709.92,45.7,-111.0
310 - CARDIAC ARRHYTHMIA & CONDUCTION DISORDERS W/O CC/MCC,270003,ST PETER'S HOSPITAL,2475 BROADWAY,HELENA,MT,59601,MT - Billings,14,12290.71,3899.0,2162.5,46.5,-112.1
310 - CARDIAC ARRHYTHMIA & CONDUCTION DISORDERS W/O CC/MCC,270004,BILLINGS CLINIC HOSPITAL,2800 10TH AVE N,BILLINGS,MT,59101,MT - Billings,31,11437.06,4424.42,3349.9,45.7,-108.4
310 - CARDIAC ARRHYTHMIA & CONDUCTION DISORDERS W/O CC/MCC,270012,BENEFIS HOSPITALS INC,1101 26TH ST S,GREAT FALLS,MT,59405,MT - Great Falls,25,11187.96,3847.92,2786.64,47.3,-111.2
310 - CARDIAC ARRHYTHMIA & CONDUCTION DISORDERS W/O CC/MCC,270049,ST VINCENT HEALTHCARE,1233 N 30TH ST,BILLINGS,MT,59101,MT - Billings,20,17378.25,4308.0,2635.9,45.7,-108.4
312 - SYNCOPE & COLLAPSE,270004,BILLINGS CLINIC HOSPITAL,2800 10TH AVE N,BILLINGS,MT,59101,MT - Billings,21,12046.05,5385.62,4419.71,45.7,-108.4
312 - SYNCOPE & COLLAPSE,270012,BENEFIS HOSPITALS INC,1101 26TH ST S,GREAT FALLS,MT,59405,MT - Great Falls,23,14056.96,5219.22,4106.22,47.3,-111.2
312 - SYNCOPE & COLLAPSE,270049,ST VINCENT HEALTHCARE,1233 N 30TH ST,BILLINGS,MT,59101,MT - Billings,13,26721.85,5121.0,4005.77,45.7,-108.4
313 - CHEST PAIN,270012,BENEFIS HOSPITALS INC,1101 26TH ST S,GREAT FALLS,MT,59405,MT - Great Falls,17,12130.41,4519.29,3429.24,47.3,-111.2
314 - OTHER CIRCULATORY SYSTEM DIAGNOSES W MCC,270004,BILLINGS CLINIC HOSPITAL,2800 10TH AVE N,BILLINGS,MT,59101,MT - Billings,15,19327.27,11791.4,10951.13,45.7,-108.4
314 - OTHER CIRCULATORY SYSTEM DIAGNOSES W MCC,270012,BENEFIS HOSPITALS INC,1101 26TH ST S,GREAT FALLS,MT,59405,MT - Great Falls,13,42464.54,13300.46,12103.15,47.3,-111.2
314 - OTHER CIRCULATORY SYSTEM DIAGNOSES W MCC,270049,ST VINCENT HEALTHCARE,1233 N 30TH ST,BILLINGS,MT,59101,MT - Billings,13,47276.0,13075.46,12033.54,45.7,-108.4
315 - OTHER CIRCULATORY SYSTEM DIAGNOSES W CC,270004,BILLINGS CLINIC HOSPITAL,2800 10TH AVE N,BILLINGS,MT,59101,MT - Billings,17,12583.41,6666.12,5938.82,45.7,-108.4
"326 - STOMACH, ESOPHAGEAL & DUODENAL PROC W MCC",270004,BILLINGS CLINIC HOSPITAL,2800 10TH AVE N,BILLINGS,MT,59101,MT - Billings,15,75486.2,35038.2,33977.4,45.7,-108.4
"326 - STOMACH, ESOPHAGEAL & DUODENAL PROC W MCC",270049,ST VINCENT HEALTHCARE,1233 N 30TH ST,BILLINGS,MT,59101,MT - Billings,14,84258.21,34492.21,33442.07,45.7,-108.4
"326 - STOMACH, ESOPHAGEAL & DUODENAL PROC W MCC",270051,KALISPELL REGIONAL MEDICAL CENTER,310 SUNNYVIEW LANE,KALISPELL,MT,59901,MT - Missoula,12,98768.33,34225.92,33454.5,48.1,-113.8
"327 - STOMACH, ESOPHAGEAL & DUODENAL PROC W CC",270004,BILLINGS CLINIC HOSPITAL,2800 10TH AVE N,BILLINGS,MT,59101,MT - Billings,18,28233.94,17088.67,15984.0,45.7,-108.4
"327 - STOMACH, ESOPHAGEAL & DUODENAL PROC W CC",270049,ST VINCENT HEALTHCARE,1233 N 30TH ST,BILLINGS,MT,59101,MT - Billings,14,40602.21,16365.86,15039.93,45.7,-108.4
329 - MAJOR SMALL & LARGE BOWEL PROCEDURES W MCC,270004,BILLINGS CLINIC HOSPITAL,2800 10TH AVE N,BILLINGS,MT,59101,MT - Billings,27,57431.19,30958.93,29921.37,45.7,-108.4
329 - MAJOR SMALL & LARGE BOWEL PROCEDURES W MCC,270012,BENEFIS HOSPITALS INC,1101 26TH ST S,GREAT FALLS,MT,59405,MT - Great Falls,24,84050.5,35279.83,34184.67,47.3,-111.2
329 - MAJOR SMALL & LARGE BOWEL PROCEDURES W MCC,270049,ST VINCENT HEALTHCARE,1233 N 30TH ST,BILLINGS,MT,59101,MT - Billings,17,93483.94,31102.24,30311.18,45.7,-108.4
329 - MAJOR SMALL & LARGE BOWEL PROCEDURES W MCC,270051,KALISPELL REGIONAL MEDICAL CENTER,310 SUNNYVIEW LANE,KALISPELL,MT,59901,MT - Missoula,12,63071.92,29817.58,28639.75,48.1,-113.8
330 - MAJOR SMALL & LARGE BOWEL PROCEDURES W CC,270004,BILLINGS CLINIC HOSPITAL,2800 10TH AVE N,BILLINGS,MT,59101,MT - Billings,49,34755.24,16257.96,14755.59,45.7,-108.4
330 - MAJOR SMALL & LARGE BOWEL PROCEDURES W CC,270012,BENEFIS HOSPITALS INC,1101 26TH ST S,GREAT FALLS,MT,59405,MT - Great Falls,30,50012.87,18020.77,15661.97,47.3,-111.2
330 - MAJOR SMALL & LARGE BOWEL PROCEDURES W CC,270023,COMMUNITY MEDICAL CENTER,2827 FORT MISSOULA RD,MISSOULA,MT,59804,MT - Missoula,20,34305.2,16138.5,14523.65,46.9,-114.2
330 - MAJOR SMALL & LARGE BOWEL PROCEDURES W CC,270049,ST VINCENT HEALTHCARE,1233 N 30TH ST,BILLINGS,MT,59101,MT - Billings,36,41094.72,16296.39,13989.53,45.7,-108.4
330 - MAJOR SMALL & LARGE BOWEL PROCEDURES W CC,270051,KALISPELL REGIONAL MEDICAL CENTER,310 SUNNYVIEW LANE,KALISPELL,MT,59901,MT - Missoula,35,46555.69,15589.57,14562.54,48.1,-113.8
330 - MAJOR SMALL & LARGE BOWEL PROCEDURES W CC,270057,BOZEMAN HEALTH DEACONESS HOSPITAL,915 HIGHLAND BLVD,BOZEMAN,MT,59715,MT - Billings,11,46536.0,15928.36,15050.0,45.7,-111.0
331 - MAJOR SMALL & LARGE BOWEL PROCEDURES W/O CC/MCC,270003,ST PETER'S HOSPITAL,2475 BROADWAY,HELENA,MT,59601,MT - Billings,17,18329.41,10537.06,9408.82,46.5,-112.1
331 - MAJOR SMALL & LARGE BOWEL PROCEDURES W/O CC/MCC,270004,BILLINGS CLINIC HOSPITAL,2800 10TH AVE N,BILLINGS,MT,59101,MT - Billings,17,24093.41,11943.82,9139.53,45.7,-108.4
331 - MAJOR SMALL & LARGE BOWEL PROCEDURES W/O CC/MCC,270012,BENEFIS HOSPITALS INC,1101 26TH ST S,GREAT FALLS,MT,59405,MT - Great Falls,22,38575.82,11219.86,10089.36,47.3,-111.2
331 - MAJOR SMALL & LARGE BOWEL PROCEDURES W/O CC/MCC,270049,ST VINCENT HEALTHCARE,1233 N 30TH ST,BILLINGS,MT,59101,MT - Billings,18,29835.39,10425.11,9191.61,45.7,-108.4
331 - MAJOR SMALL & LARGE BOWEL PROCEDURES W/O CC/MCC,270051,KALISPELL REGIONAL MEDICAL CENTER,310 SUNNYVIEW LANE,KALISPELL,MT,59901,MT - Missoula,11,36087.45,12006.27,8200.73,48.1,-113.8
356 - OTHER DIGESTIVE SYSTEM O.R. PROCEDURES W MCC,270004,BILLINGS CLINIC HOSPITAL,2800 10TH AVE N,BILLINGS,MT,59101,MT - Billings,17,45231.71,24012.76,22675.76,45.7,-108.4
357 - OTHER DIGESTIVE SYSTEM O.R. PROCEDURES W CC,270004,BILLINGS CLINIC HOSPITAL,2800 10TH AVE N,BILLINGS,MT,59101,MT - Billings,14,23771.21,13114.43,11545.86,45.7,-108.4
371 - MAJOR GASTROINTESTINAL DISORDERS & PERITONEAL INFECTIONS W MCC,270004,BILLINGS CLINIC HOSPITAL,2800 10TH AVE N,BILLINGS,MT,59101,MT - Billings,11,30367.45,11518.36,10368.91,45.7,-108.4
372 - MAJOR GASTROINTESTINAL DISORDERS & PERITONEAL INFECTIONS W CC,270012,BENEFIS HOSPITALS INC,1101 26TH ST S,GREAT FALLS,MT,59405,MT - Great Falls,11,20084.55,7578.82,6790.91,47.3,-111.2
377 - G.I. HEMORRHAGE W MCC,270004,BILLINGS CLINIC HOSPITAL,2800 10TH AVE N,BILLINGS,MT,59101,MT - Billings,16,20107.31,11164.63,10500.63,45.7,-108.4
377 - G.I. HEMORRHAGE W MCC,270012,BENEFIS HOSPITALS INC,1101 26TH ST S,GREAT FALLS,MT,59405,MT - Great Falls,19,27557.21,12075.0,10386.21,47.3,-111.2
377 - G.I. HEMORRHAGE W MCC,270049,ST VINCENT HEALTHCARE,1233 N 30TH ST,BILLINGS,MT,59101,MT - Billings,25,40588.12,12766.72,9405.84,45.7,-108.4
377 - G.I. HEMORRHAGE W MCC,270051,KALISPELL REGIONAL MEDICAL CENTER,310 SUNNYVIEW LANE,KALISPELL,MT,59901,MT - Missoula,20,37871.3,11526.25,10814.45,48.1,-113.8
378 - G.I. HEMORRHAGE W CC,270003,ST PETER'S HOSPITAL,2475 BROADWAY,HELENA,MT,59601,MT - Billings,25,16819.24,6361.76,5386.24,46.5,-112.1
378 - G.I. HEMORRHAGE W CC,270004,BILLINGS CLINIC HOSPITAL,2800 10TH AVE N,BILLINGS,MT,59101,MT - Billings,48,9653.44,6817.79,5857.96,45.7,-108.4
378 - G.I. HEMORRHAGE W CC,270012,BENEFIS HOSPITALS INC,1101 26TH ST S,GREAT FALLS,MT,59405,MT - Great Falls,45,18738.29,6791.64,5633.73,47.3,-111.2
378 - G.I. HEMORRHAGE W CC,270017,ST JAMES HEALTHCARE,400 S CLARK ST,BUTTE,MT,59701,MT - Missoula,21,22316.57,7421.1,6267.76,46.1,-112.4
378 - G.I. HEMORRHAGE W CC,270023,COMMUNITY MEDICAL CENTER,2827 FORT MISSOULA RD,MISSOULA,MT,59804,MT - Missoula,16,16120.38,7019.31,5957.06,46.9,-114.2
378 - G.I. HEMORRHAGE W CC,270049,ST VINCENT HEALTHCARE,1233 N 30TH ST,BILLINGS,MT,59101,MT - Billings,57,22949.96,6507.07,5332.75,45.7,-108.4
378 - G.I. HEMORRHAGE W CC,270051,KALISPELL REGIONAL MEDICAL CENTER,310 SUNNYVIEW LANE,KALISPELL,MT,59901,MT - Missoula,41,18823.83,6423.83,5290.56,48.1,-113.8
378 - G.I. HEMORRHAGE W CC,270057,BOZEMAN HEALTH DEACONESS HOSPITAL,915 HIGHLAND BLVD,BOZEMAN,MT,59715,MT - Billings,13,14951.69,5787.08,4877.46,45.7,-111.0
388 - G.I. OBSTRUCTION W MCC,270004,BILLINGS CLINIC HOSPITAL,2800 10TH AVE N,BILLINGS,MT,59101,MT - Billings,15,19974.87,10424.47,9633.13,45.7,-108.4
389 - G.I. OBSTRUCTION W CC,270003,ST PETER'S HOSPITAL,2475 BROADWAY,HELENA,MT,59601,MT - Billings,27,15236.19,5959.37,4965.89,46.5,-112.1
389 - G.I. OBSTRUCTION W CC,270004,BILLINGS CLINIC HOSPITAL,2800 10TH AVE N,BILLINGS,MT,59101,MT - Billings,26,11323.77,6104.31,4957.23,45.7,-108.4
389 - G.I. OBSTRUCTION W CC,270012,BENEFIS HOSPITALS INC,1101 26TH ST S,GREAT FALLS,MT,59405,MT - Great Falls,31,14106.23,6326.61,5107.81,47.3,-111.2
389 - G.I. OBSTRUCTION W CC,270017,ST JAMES HEALTHCARE,400 S CLARK ST,BUTTE,MT,59701,MT - Missoula,19,16982.63,6490.79,5680.26,46.1,-112.4
389 - G.I. OBSTRUCTION W CC,270049,ST VINCENT HEALTHCARE,1233 N 30TH ST,BILLINGS,MT,59101,MT - Billings,24,15657.04,5833.67,4461.13,45.7,-108.4
389 - G.I. OBSTRUCTION W CC,270051,KALISPELL REGIONAL MEDICAL CENTER,310 SUNNYVIEW LANE,KALISPELL,MT,59901,MT - Missoula,11,17012.82,5617.0,4798.55,48.1,-113.8
389 - G.I. OBSTRUCTION W CC,270057,BOZEMAN HEALTH DEACONESS HOSPITAL,915 HIGHLAND BLVD,BOZEMAN,MT,59715,MT - Billings,18,13339.39,5084.56,4050.89,45.7,-111.0
389 - G.I. OBSTRUCTION W CC,270086,GREAT FALLS CLINIC HOSPITAL,3010 15TH AVENUE SOUTH,GREAT FALLS,MT,59405,MT - Great Falls,12,8978.17,4942.67,4569.33,47.3,-111.2
390 - G.I. OBSTRUCTION W/O CC/MCC,270003,ST PETER'S HOSPITAL,2475 BROADWAY,HELENA,MT,59601,MT - Billings,14,14552.43,3890.29,2794.29,46.5,-112.1
390 - G.I. OBSTRUCTION W/O CC/MCC,270004,BILLINGS CLINIC HOSPITAL,2800 10TH AVE N,BILLINGS,MT,59101,MT - Billings,14,9142.14,4425.71,3434.29,45.7,-108.4
390 - G.I. OBSTRUCTION W/O CC/MCC,270017,ST JAMES HEALTHCARE,400 S CLARK ST,BUTTE,MT,59701,MT - Missoula,12,12188.83,4532.67,3466.33,46.1,-112.4
390 - G.I. OBSTRUCTION W/O CC/MCC,270051,KALISPELL REGIONAL MEDICAL CENTER,310 SUNNYVIEW LANE,KALISPELL,MT,59901,MT - Missoula,12,13409.67,4121.58,2942.25,48.1,-113.8
390 - G.I. OBSTRUCTION W/O CC/MCC,270057,BOZEMAN HEALTH DEACONESS HOSPITAL,915 HIGHLAND BLVD,BOZEMAN,MT,59715,MT - Billings,13,6811.08,3543.31,2260.85,45.7,-111.0
"391 - ESOPHAGITIS, GASTROENT & MISC DIGEST DISORDERS W MCC",270003,ST PETER'S HOSPITAL,2475 BROADWAY,HELENA,MT,59601,MT - Billings,11,16317.73,7624.27,6578.09,46.5,-112.1
"391 - ESOPHAGITIS, GASTROENT & MISC DIGEST DISORDERS W MCC",270004,BILLINGS CLINIC HOSPITAL,2800 10TH AVE N,BILLINGS,MT,59101,MT - Billings,17,16402.18,8597.35,6793.29,45.7,-108.4
"391 - ESOPHAGITIS, GASTROENT & MISC DIGEST DISORDERS W MCC",270012,BENEFIS HOSPITALS INC,1101 26TH ST S,GREAT FALLS,MT,59405,MT - Great Falls,14,22608.0,8142.07,7232.64,47.3,-111.2
"391 - ESOPHAGITIS, GASTROENT & MISC DIGEST DISORDERS W MCC",270049,ST VINCENT HEALTHCARE,1233 N 30TH ST,BILLINGS,MT,59101,MT - Billings,13,27154.38,7705.31,6770.38,45.7,-108.4
"391 - ESOPHAGITIS, GASTROENT & MISC DIGEST DISORDERS W MCC",270057,BOZEMAN HEALTH DEACONESS HOSPITAL,915 HIGHLAND BLVD,BOZEMAN,MT,59715,MT - Billings,13,14915.54,6957.31,5854.08,45.7,-111.0
"392 - ESOPHAGITIS, GASTROENT & MISC DIGEST DISORDERS W/O MCC",270003,ST PETER'S HOSPITAL,2475 BROADWAY,HELENA,MT,59601,MT - Billings,49,13136.92,24877.0,3575.1,46.5,-112.1
"392 - ESOPHAGITIS, GASTROENT & MISC DIGEST DISORDERS W/O MCC",270004,BILLINGS CLINIC HOSPITAL,2800 10TH AVE N,BILLINGS,MT,59101,MT - Billings,50,10198.14,5249.32,4223.56,45.7,-108.4
"392 - ESOPHAGITIS, GASTROENT & MISC DIGEST DISORDERS W/O MCC",270012,BENEFIS HOSPITALS INC,1101 26TH ST S,GREAT FALLS,MT,59405,MT - Great Falls,61,15497.67,5074.1,3996.49,47.3,-111.2
"392 - ESOPHAGITIS, GASTROENT & MISC DIGEST DISORDERS W/O MCC",270017,ST JAMES HEALTHCARE,400 S CLARK ST,BUTTE,MT,59701,MT - Missoula,22,21262.36,5521.18,4590.82,46.1,-112.4
"392 - ESOPHAGITIS, GASTROENT & MISC DIGEST DISORDERS W/O MCC",270023,COMMUNITY MEDICAL CENTER,2827 FORT MISSOULA RD,MISSOULA,MT,59804,MT - Missoula,22,14148.59,5918.73,4373.45,46.9,-114.2
"392 - ESOPHAGITIS, GASTROENT & MISC DIGEST DISORDERS W/O MCC",270049,ST VINCENT HEALTHCARE,1233 N 30TH ST,BILLINGS,MT,59101,MT - Billings,43,18982.47,5299.3,3711.23,45.7,-108.4
"392 - ESOPHAGITIS, GASTROENT & MISC DIGEST DISORDERS W/O MCC",270051,KALISPELL REGIONAL MEDICAL CENTER,310 SUNNYVIEW LANE,KALISPELL,MT,59901,MT - Missoula,24,19328.96,4908.63,3923.17,48.1,-113.8
"392 - ESOPHAGITIS, GASTROENT & MISC DIGEST DISORDERS W/O MCC",270057,BOZEMAN HEALTH DEACONESS HOSPITAL,915 HIGHLAND BLVD,BOZEMAN,MT,59715,MT - Billings,35,11261.31,4325.89,3314.4,45.7,-111.0
393 - OTHER DIGESTIVE SYSTEM DIAGNOSES W MCC,270004,BILLINGS CLINIC HOSPITAL,2800 10TH AVE N,BILLINGS,MT,59101,MT - Billings,11,16173.27,10719.36,9943.0,45.7,-108.4
393 - OTHER DIGESTIVE SYSTEM DIAGNOSES W MCC,270049,ST VINCENT HEALTHCARE,1233 N 30TH ST,BILLINGS,MT,59101,MT - Billings,11,29452.64,10484.09,9730.64,45.7,-108.4
393 - OTHER DIGESTIVE SYSTEM DIAGNOSES W MCC,270051,KALISPELL REGIONAL MEDICAL CENTER,310 SUNNYVIEW LANE,KALISPELL,MT,59901,MT - Missoula,12,45357.83,12148.5,9582.25,48.1,-113.8
394 - OTHER DIGESTIVE SYSTEM DIAGNOSES W CC,270003,ST PETER'S HOSPITAL,2475 BROADWAY,HELENA,MT,59601,MT - Billings,14,21929.14,6074.71,5248.71,46.5,-112.1
394 - OTHER DIGESTIVE SYSTEM DIAGNOSES W CC,270004,BILLINGS CLINIC HOSPITAL,2800 10TH AVE N,BILLINGS,MT,59101,MT - Billings,19,10026.95,6554.42,5824.95,45.7,-108.4
394 - OTHER DIGESTIVE SYSTEM DIAGNOSES W CC,270012,BENEFIS HOSPITALS INC,1101 26TH ST S,GREAT FALLS,MT,59405,MT - Great Falls,19,16874.0,6494.16,5480.68,47.3,-111.2
394 - OTHER DIGESTIVE SYSTEM DIAGNOSES W CC,270051,KALISPELL REGIONAL MEDICAL CENTER,310 SUNNYVIEW LANE,KALISPELL,MT,59901,MT - Missoula,14,20622.0,6151.79,5506.57,48.1,-113.8
418 - LAPAROSCOPIC CHOLECYSTECTOMY W/O C.D.E. W CC,270004,BILLINGS CLINIC HOSPITAL,2800 10TH AVE N,BILLINGS,MT,59101,MT - Billings,11,24095.91,10968.55,9722.36,45.7,-108.4
418 - LAPAROSCOPIC CHOLECYSTECTOMY W/O C.D.E. W CC,270049,ST VINCENT HEALTHCARE,1233 N 30TH ST,BILLINGS,MT,59101,MT - Billings,12,38324.0,10480.92,9588.75,45.7,-108.4
418 - LAPAROSCOPIC CHOLECYSTECTOMY W/O C.D.E. W CC,270051,KALISPELL REGIONAL MEDICAL CENTER,310 SUNNYVIEW LANE,KALISPELL,MT,59901,MT - Missoula,11,40256.09,10375.36,9442.18,48.1,-113.8
439 - DISORDERS OF PANCREAS EXCEPT MALIGNANCY W CC,270004,BILLINGS CLINIC HOSPITAL,2800 10TH AVE N,BILLINGS,MT,59101,MT - Billings,18,10161.22,6460.67,4887.61,45.7,-108.4
439 - DISORDERS OF PANCREAS EXCEPT MALIGNANCY W CC,270012,BENEFIS HOSPITALS INC,1101 26TH ST S,GREAT FALLS,MT,59405,MT - Great Falls,13,16781.46,7029.38,4427.54,47.3,-111.2
439 - DISORDERS OF PANCREAS EXCEPT MALIGNANCY W CC,270023,COMMUNITY MEDICAL CENTER,2827 FORT MISSOULA RD,MISSOULA,MT,59804,MT - Missoula,12,13491.42,6471.67,5169.83,46.9,-114.2
439 - DISORDERS OF PANCREAS EXCEPT MALIGNANCY W CC,270049,ST VINCENT HEALTHCARE,1233 N 30TH ST,BILLINGS,MT,59101,MT - Billings,12,18566.08,5852.17,4633.67,45.7,-108.4
440 - DISORDERS OF PANCREAS EXCEPT MALIGNANCY W/O CC/MCC,270004,BILLINGS CLINIC HOSPITAL,2800 10TH AVE N,BILLINGS,MT,59101,MT - Billings,11,10004.91,4612.82,3398.82,45.7,-108.4
"441 - DISORDERS OF LIVER EXCEPT MALIG,CIRR,ALC HEPA W MCC",270004,BILLINGS CLINIC HOSPITAL,2800 10TH AVE N,BILLINGS,MT,59101,MT - Billings,12,24408.92,11982.67,11117.5,45.7,-108.4
454 - COMBINED ANTERIOR/POSTERIOR SPINAL FUSION W CC,270049,ST VINCENT HEALTHCARE,1233 N 30TH ST,BILLINGS,MT,59101,MT - Billings,12,133187.75,56922.0,35730.75,45.7,-108.4
455 - COMBINED ANTERIOR/POSTERIOR SPINAL FUSION W/O CC/MCC,270049,ST VINCENT HEALTHCARE,1233 N 30TH ST,BILLINGS,MT,59101,MT - Billings,18,111337.5,37597.56,36368.39,45.7,-108.4
460 - SPINAL FUSION EXCEPT CERVICAL W/O MCC,270004,BILLINGS CLINIC HOSPITAL,2800 10TH AVE N,BILLINGS,MT,59101,MT - Billings,28,102250.39,28518.39,25290.71,45.7,-108.4
460 - SPINAL FUSION EXCEPT CERVICAL W/O MCC,270012,BENEFIS HOSPITALS INC,1101 26TH ST S,GREAT FALLS,MT,59405,MT - Great Falls,26,81502.46,26900.65,25595.65,47.3,-111.2
460 - SPINAL FUSION EXCEPT CERVICAL W/O MCC,270017,ST JAMES HEALTHCARE,400 S CLARK ST,BUTTE,MT,59701,MT - Missoula,48,143759.35,33944.17,32716.17,46.1,-112.4
460 - SPINAL FUSION EXCEPT CERVICAL W/O MCC,270023,COMMUNITY MEDICAL CENTER,2827 FORT MISSOULA RD,MISSOULA,MT,59804,MT - Missoula,44,74741.86,26455.45,25161.23,46.9,-114.2
460 - SPINAL FUSION EXCEPT CERVICAL W/O MCC,270049,ST VINCENT HEALTHCARE,1233 N 30TH ST,BILLINGS,MT,59101,MT - Billings,70,84520.03,27914.8,21678.09,45.7,-108.4
460 - SPINAL FUSION EXCEPT CERVICAL W/O MCC,270051,KALISPELL REGIONAL MEDICAL CENTER,310 SUNNYVIEW LANE,KALISPELL,MT,59901,MT - Missoula,25,91348.84,24212.76,23033.52,48.1,-113.8
460 - SPINAL FUSION EXCEPT CERVICAL W/O MCC,270057,BOZEMAN HEALTH DEACONESS HOSPITAL,915 HIGHLAND BLVD,BOZEMAN,MT,59715,MT - Billings,32,93801.69,29222.59,23824.03,45.7,-111.0
462 - BILATERAL OR MULTIPLE MAJOR JOINT PROCS OF LOWER EXTREMITY W/O MCC,270023,COMMUNITY MEDICAL CENTER,2827 FORT MISSOULA RD,MISSOULA,MT,59804,MT - Missoula,20,53321.05,22371.5,18681.15,46.9,-114.2
467 - REVISION OF HIP OR KNEE REPLACEMENT W CC,270049,ST VINCENT HEALTHCARE,1233 N 30TH ST,BILLINGS,MT,59101,MT - Billings,17,72314.47,21123.0,20037.0,45.7,-108.4
468 - REVISION OF HIP OR KNEE REPLACEMENT W/O CC/MCC,270023,COMMUNITY MEDICAL CENTER,2827 FORT MISSOULA RD,MISSOULA,MT,59804,MT - Missoula,14,54149.43,18086.43,16968.43,46.9,-114.2
468 - REVISION OF HIP OR KNEE REPLACEMENT W/O CC/MCC,270049,ST VINCENT HEALTHCARE,1233 N 30TH ST,BILLINGS,MT,59101,MT - Billings,38,53904.95,16895.61,15729.74,45.7,-108.4
468 - REVISION OF HIP OR KNEE REPLACEMENT W/O CC/MCC,270051,KALISPELL REGIONAL MEDICAL CENTER,310 SUNNYVIEW LANE,KALISPELL,MT,59901,MT - Missoula,15,45991.0,17384.4,14729.67,48.1,-113.8
469 - MAJOR JOINT REPLACEMENT OR REATTACHMENT OF LOWER EXTREMITY W MCC,270004,BILLINGS CLINIC HOSPITAL,2800 10TH AVE N,BILLINGS,MT,59101,MT - Billings,26,45287.69,20195.35,18922.88,45.7,-108.4
469 - MAJOR JOINT REPLACEMENT OR REATTACHMENT OF LOWER EXTREMITY W MCC,270017,ST JAMES HEALTHCARE,400 S CLARK ST,BUTTE,MT,59701,MT - Missoula,13,68105.85,24447.54,23267.23,46.1,-112.4
469 - MAJOR JOINT REPLACEMENT OR REATTACHMENT OF LOWER EXTREMITY W MCC,270049,ST VINCENT HEALTHCARE,1233 N 30TH ST,BILLINGS,MT,59101,MT - Billings,17,69026.71,20583.35,19381.94,45.7,-108.4
469 - MAJOR JOINT REPLACEMENT OR REATTACHMENT OF LOWER EXTREMITY W MCC,270051,KALISPELL REGIONAL MEDICAL CENTER,310 SUNNYVIEW LANE,KALISPELL,MT,59901,MT - Missoula,12,43783.75,19409.17,18437.42,48.1,-113.8
469 - MAJOR JOINT REPLACEMENT OR REATTACHMENT OF LOWER EXTREMITY W MCC,270057,BOZEMAN HEALTH DEACONESS HOSPITAL,915 HIGHLAND BLVD,BOZEMAN,MT,59715,MT - Billings,11,45532.36,19182.45,18301.64,45.7,-111.0
470 - MAJOR JOINT REPLACEMENT OR REATTACHMENT OF LOWER EXTREMITY W/O MCC,270003,ST PETER'S HOSPITAL,2475 BROADWAY,HELENA,MT,59601,MT - Billings,132,36157.38,14622.29,11599.66,46.5,-112.1
470 - MAJOR JOINT REPLACEMENT OR REATTACHMENT OF LOWER EXTREMITY W/O MCC,270004,BILLINGS CLINIC HOSPITAL,2800 10TH AVE N,BILLINGS,MT,59101,MT - Billings,321,34010.5,13862.05,11994.27,45.7,-108.4
470 - MAJOR JOINT REPLACEMENT OR REATTACHMENT OF LOWER EXTREMITY W/O MCC,270012,BENEFIS HOSPITALS INC,1101 26TH ST S,GREAT FALLS,MT,59405,MT - Great Falls,150,41777.22,14732.31,12536.47,47.3,-111.2
470 - MAJOR JOINT REPLACEMENT OR REATTACHMENT OF LOWER EXTREMITY W/O MCC,270017,ST JAMES HEALTHCARE,400 S CLARK ST,BUTTE,MT,59701,MT - Missoula,66,57395.68,15508.42,14282.76,46.1,-112.4
470 - MAJOR JOINT REPLACEMENT OR REATTACHMENT OF LOWER EXTREMITY W/O MCC,270023,COMMUNITY MEDICAL CENTER,2827 FORT MISSOULA RD,MISSOULA,MT,59804,MT - Missoula,180,37378.58,14631.79,12090.04,46.9,-114.2
470 - MAJOR JOINT REPLACEMENT OR REATTACHMENT OF LOWER EXTREMITY W/O MCC,270032,NORTHERN MONTANA HOSPITAL,30 13TH ST,HAVRE,MT,59501,MT - Great Falls,30,48358.23,15519.9,14234.7,48.6,-109.9
470 - MAJOR JOINT REPLACEMENT OR REATTACHMENT OF LOWER EXTREMITY W/O MCC,270049,ST VINCENT HEALTHCARE,1233 N 30TH ST,BILLINGS,MT,59101,MT - Billings,529,48214.76,14291.62,11147.56,45.7,-108.4
470 - MAJOR JOINT REPLACEMENT OR REATTACHMENT OF LOWER EXTREMITY W/O MCC,270051,KALISPELL REGIONAL MEDICAL CENTER,310 SUNNYVIEW LANE,KALISPELL,MT,59901,MT - Missoula,254,37093.34,13871.4,11026.52,48.1,-113.8
470 - MAJOR JOINT REPLACEMENT OR REATTACHMENT OF LOWER EXTREMITY W/O MCC,270057,BOZEMAN HEALTH DEACONESS HOSPITAL,915 HIGHLAND BLVD,BOZEMAN,MT,59715,MT - Billings,221,29881.9,12597.08,10508.86,45.7,-111.0
470 - MAJOR JOINT REPLACEMENT OR REATTACHMENT OF LOWER EXTREMITY W/O MCC,270086,GREAT FALLS CLINIC HOSPITAL,3010 15TH AVENUE SOUTH,GREAT FALLS,MT,59405,MT - Great Falls,134,36225.61,12488.74,10870.77,47.3,-111.2
470 - MAJOR JOINT REPLACEMENT OR REATTACHMENT OF LOWER EXTREMITY W/O MCC,270087,THE HEALTHCENTER,320 SUNNYVIEW LANE,KALISPELL,MT,59901,MT - Missoula,104,22693.21,12493.51,10442.96,48.1,-113.8
473 - CERVICAL SPINAL FUSION W/O CC/MCC,270004,BILLINGS CLINIC HOSPITAL,2800 10TH AVE N,BILLINGS,MT,59101,MT - Billings,15,57973.73,16932.93,11998.47,45.7,-108.4
473 - CERVICAL SPINAL FUSION W/O CC/MCC,270012,BENEFIS HOSPITALS INC,1101 26TH ST S,GREAT FALLS,MT,59405,MT - Great Falls,14,47104.0,15390.07,14090.43,47.3,-111.2
473 - CERVICAL SPINAL FUSION W/O CC/MCC,270049,ST VINCENT HEALTHCARE,1233 N 30TH ST,BILLINGS,MT,59101,MT - Billings,23,51556.78,15051.48,12290.87,45.7,-108.4
480 - HIP & FEMUR PROCEDURES EXCEPT MAJOR JOINT W MCC,270004,BILLINGS CLINIC HOSPITAL,2800 10TH AVE N,BILLINGS,MT,59101,MT - Billings,15,46472.47,18338.67,17095.13,45.7,-108.4
480 - HIP & FEMUR PROCEDURES EXCEPT MAJOR JOINT W MCC,270012,BENEFIS HOSPITALS INC,1101 26TH ST S,GREAT FALLS,MT,59405,MT - Great Falls,17,51884.71,20312.29,19210.29,47.3,-111.2
480 - HIP & FEMUR PROCEDURES EXCEPT MAJOR JOINT W MCC,270049,ST VINCENT HEALTHCARE,1233 N 30TH ST,BILLINGS,MT,59101,MT - Billings,19,72185.16,18821.58,17801.84,45.7,-108.4
481 - HIP & FEMUR PROCEDURES EXCEPT MAJOR JOINT W CC,270003,ST PETER'S HOSPITAL,2475 BROADWAY,HELENA,MT,59601,MT - Billings,34,36259.79,12926.26,11756.03,46.5,-112.1
481 - HIP & FEMUR PROCEDURES EXCEPT MAJOR JOINT W CC,270004,BILLINGS CLINIC HOSPITAL,2800 10TH AVE N,BILLINGS,MT,59101,MT - Billings,49,32425.84,12821.73,11719.65,45.7,-108.4
481 - HIP & FEMUR PROCEDURES EXCEPT MAJOR JOINT W CC,270012,BENEFIS HOSPITALS INC,1101 26TH ST S,GREAT FALLS,MT,59405,MT - Great Falls,49,39570.63,13442.33,12208.27,47.3,-111.2
481 - HIP & FEMUR PROCEDURES EXCEPT MAJOR JOINT W CC,270017,ST JAMES HEALTHCARE,400 S CLARK ST,BUTTE,MT,59701,MT - Missoula,23,55043.09,14718.83,13546.48,46.1,-112.4
481 - HIP & FEMUR PROCEDURES EXCEPT MAJOR JOINT W CC,270023,COMMUNITY MEDICAL CENTER,2827 FORT MISSOULA RD,MISSOULA,MT,59804,MT - Missoula,18,44818.0,13799.72,12762.39,46.9,-114.2
481 - HIP & FEMUR PROCEDURES EXCEPT MAJOR JOINT W CC,270032,NORTHERN MONTANA HOSPITAL,30 13TH ST,HAVRE,MT,59501,MT - Great Falls,14,35902.79,14529.64,13333.64,48.6,-109.9
481 - HIP & FEMUR PROCEDURES EXCEPT MAJOR JOINT W CC,270049,ST VINCENT HEALTHCARE,1233 N 30TH ST,BILLINGS,MT,59101,MT - Billings,45,52853.11,12800.18,11052.76,45.7,-108.4
481 - HIP & FEMUR PROCEDURES EXCEPT MAJOR JOINT W CC,270051,KALISPELL REGIONAL MEDICAL CENTER,310 SUNNYVIEW LANE,KALISPELL,MT,59901,MT - Missoula,29,35575.79,11803.48,10607.97,48.1,-113.8
481 - HIP & FEMUR PROCEDURES EXCEPT MAJOR JOINT W CC,270057,BOZEMAN HEALTH DEACONESS HOSPITAL,915 HIGHLAND BLVD,BOZEMAN,MT,59715,MT - Billings,26,31707.65,11516.27,10438.46,45.7,-111.0
482 - HIP & FEMUR PROCEDURES EXCEPT MAJOR JOINT W/O CC/MCC,270049,ST VINCENT HEALTHCARE,1233 N 30TH ST,BILLINGS,MT,59101,MT - Billings,13,43273.92,10125.46,8807.08,45.7,-108.4
482 - HIP & FEMUR PROCEDURES EXCEPT MAJOR JOINT W/O CC/MCC,270051,KALISPELL REGIONAL MEDICAL CENTER,310 SUNNYVIEW LANE,KALISPELL,MT,59901,MT - Missoula,12,32404.0,10029.25,8851.58,48.1,-113.8
483 - MAJOR JOINT/LIMB REATTACHMENT PROCEDURE OF UPPER EXTREMITIES,270003,ST PETER'S HOSPITAL,2475 BROADWAY,HELENA,MT,59601,MT - Billings,13,42620.38,15561.69,14201.31,46.5,-112.1
483 - MAJOR JOINT/LIMB REATTACHMENT PROCEDURE OF UPPER EXTREMITIES,270004,BILLINGS CLINIC HOSPITAL,2800 10TH AVE N,BILLINGS,MT,59101,MT - Billings,25,50886.2,16602.48,14478.84,45.7,-108.4
483 - MAJOR JOINT/LIMB REATTACHMENT PROCEDURE OF UPPER EXTREMITIES,270012,BENEFIS HOSPITALS INC,1101 26TH ST S,GREAT FALLS,MT,59405,MT - Great Falls,21,46934.9,16331.29,15072.86,47.3,-111.2
483 - MAJOR JOINT/LIMB REATTACHMENT PROCEDURE OF UPPER EXTREMITIES,270023,COMMUNITY MEDICAL CENTER,2827 FORT MISSOULA RD,MISSOULA,MT,59804,MT - Missoula,50,37377.76,16430.84,14168.28,46.9,-114.2
483 - MAJOR JOINT/LIMB REATTACHMENT PROCEDURE OF UPPER EXTREMITIES,270049,ST VINCENT HEALTHCARE,1233 N 30TH ST,BILLINGS,MT,59101,MT - Billings,94,49452.0,15837.82,13283.82,45.7,-108.4
483 - MAJOR JOINT/LIMB REATTACHMENT PROCEDURE OF UPPER EXTREMITIES,270051,KALISPELL REGIONAL MEDICAL CENTER,310 SUNNYVIEW LANE,KALISPELL,MT,59901,MT - Missoula,14,51579.93,18948.57,11716.79,48.1,-113.8
483 - MAJOR JOINT/LIMB REATTACHMENT PROCEDURE OF UPPER EXTREMITIES,270057,BOZEMAN HEALTH DEACONESS HOSPITAL,915 HIGHLAND BLVD,BOZEMAN,MT,59715,MT - Billings,55,35373.67,14027.69,12746.33,45.7,-111.0
483 - MAJOR JOINT/LIMB REATTACHMENT PROCEDURE OF UPPER EXTREMITIES,270086,GREAT FALLS CLINIC HOSPITAL,3010 15TH AVENUE SOUTH,GREAT FALLS,MT,59405,MT - Great Falls,16,56014.94,14205.25,13001.25,47.3,-111.2
483 - MAJOR JOINT/LIMB REATTACHMENT PROCEDURE OF UPPER EXTREMITIES,270087,THE HEALTHCENTER,320 SUNNYVIEW LANE,KALISPELL,MT,59901,MT - Missoula,17,35149.0,15167.76,12077.47,48.1,-113.8
"493 - LOWER EXTREM & HUMER PROC EXCEPT HIP,FOOT,FEMUR W CC",270017,ST JAMES HEALTHCARE,400 S CLARK ST,BUTTE,MT,59701,MT - Missoula,11,52285.91,15309.36,14146.09,46.1,-112.4
"493 - LOWER EXTREM & HUMER PROC EXCEPT HIP,FOOT,FEMUR W CC",270049,ST VINCENT HEALTHCARE,1233 N 30TH ST,BILLINGS,MT,59101,MT - Billings,12,51726.08,12495.0,11382.08,45.7,-108.4
"494 - LOWER EXTREM & HUMER PROC EXCEPT HIP,FOOT,FEMUR W/O CC/MCC",270057,BOZEMAN HEALTH DEACONESS HOSPITAL,915 HIGHLAND BLVD,BOZEMAN,MT,59715,MT - Billings,11,35338.91,9356.73,8046.91,45.7,-111.0
517 - OTHER MUSCULOSKELET SYS & CONN TISS O.R. PROC W/O CC/MCC,270004,BILLINGS CLINIC HOSPITAL,2800 10TH AVE N,BILLINGS,MT,59101,MT - Billings,18,28442.89,11959.72,9783.17,45.7,-108.4
520 - BACK & NECK PROC EXC SPINAL FUSION W/O CC/MCC,270049,ST VINCENT HEALTHCARE,1233 N 30TH ST,BILLINGS,MT,59101,MT - Billings,12,28021.25,7608.17,6423.33,45.7,-108.4
536 - FRACTURES OF HIP & PELVIS W/O MCC,270012,BENEFIS HOSPITALS INC,1101 26TH ST S,GREAT FALLS,MT,59405,MT - Great Falls,14,16400.29,4957.14,3982.57,47.3,-111.2
536 - FRACTURES OF HIP & PELVIS W/O MCC,270051,KALISPELL REGIONAL MEDICAL CENTER,310 SUNNYVIEW LANE,KALISPELL,MT,59901,MT - Missoula,12,12549.0,4760.58,3479.42,48.1,-113.8
536 - FRACTURES OF HIP & PELVIS W/O MCC,270057,BOZEMAN HEALTH DEACONESS HOSPITAL,915 HIGHLAND BLVD,BOZEMAN,MT,59715,MT - Billings,14,10174.86,4252.5,2941.0,45.7,-111.0
552 - MEDICAL BACK PROBLEMS W/O MCC,270003,ST PETER'S HOSPITAL,2475 BROADWAY,HELENA,MT,59601,MT - Billings,16,16551.5,5621.81,4179.63,46.5,-112.1
552 - MEDICAL BACK PROBLEMS W/O MCC,270004,BILLINGS CLINIC HOSPITAL,2800 10TH AVE N,BILLINGS,MT,59101,MT - Billings,26,14353.58,5889.46,5072.46,45.7,-108.4
552 - MEDICAL BACK PROBLEMS W/O MCC,270012,BENEFIS HOSPITALS INC,1101 26TH ST S,GREAT FALLS,MT,59405,MT - Great Falls,29,13522.97,5890.28,4732.69,47.3,-111.2
552 - MEDICAL BACK PROBLEMS W/O MCC,270017,ST JAMES HEALTHCARE,400 S CLARK ST,BUTTE,MT,59701,MT - Missoula,13,23311.85,8684.62,4451.0,46.1,-112.4
552 - MEDICAL BACK PROBLEMS W/O MCC,270023,COMMUNITY MEDICAL CENTER,2827 FORT MISSOULA RD,MISSOULA,MT,59804,MT - Missoula,11,19403.45,6368.18,5176.64,46.9,-114.2
552 - MEDICAL BACK PROBLEMS W/O MCC,270051,KALISPELL REGIONAL MEDICAL CENTER,310 SUNNYVIEW LANE,KALISPELL,MT,59901,MT - Missoula,21,17696.19,5759.57,4235.86,48.1,-113.8
552 - MEDICAL BACK PROBLEMS W/O MCC,270057,BOZEMAN HEALTH DEACONESS HOSPITAL,915 HIGHLAND BLVD,BOZEMAN,MT,59715,MT - Billings,12,11955.5,5062.33,3962.17,45.7,-111.0
"563 - FX, SPRN, STRN & DISL EXCEPT FEMUR, HIP, PELVIS & THIGH W/O MCC",270012,BENEFIS HOSPITALS INC,1101 26TH ST S,GREAT FALLS,MT,59405,MT - Great Falls,24,12217.71,5396.29,4206.13,47.3,-111.2
602 - CELLULITIS W MCC,270049,ST VINCENT HEALTHCARE,1233 N 30TH ST,BILLINGS,MT,59101,MT - Billings,11,28172.27,9339.45,8361.36,45.7,-108.4
603 - CELLULITIS W/O MCC,270003,ST PETER'S HOSPITAL,2475 BROADWAY,HELENA,MT,59601,MT - Billings,38,14686.74,5546.71,4276.29,46.5,-112.1
603 - CELLULITIS W/O MCC,270004,BILLINGS CLINIC HOSPITAL,2800 10TH AVE N,BILLINGS,MT,59101,MT - Billings,33,11220.82,5931.67,4846.39,45.7,-108.4
603 - CELLULITIS W/O MCC,270012,BENEFIS HOSPITALS INC,1101 26TH ST S,GREAT FALLS,MT,59405,MT - Great Falls,30,12785.17,5808.2,4593.3,47.3,-111.2
603 - CELLULITIS W/O MCC,270017,ST JAMES HEALTHCARE,400 S CLARK ST,BUTTE,MT,59701,MT - Missoula,15,17010.67,6892.07,4845.93,46.1,-112.4
603 - CELLULITIS W/O MCC,270023,COMMUNITY MEDICAL CENTER,2827 FORT MISSOULA RD,MISSOULA,MT,59804,MT - Missoula,17,15396.29,6044.35,5044.18,46.9,-114.2
603 - CELLULITIS W/O MCC,270049,ST VINCENT HEALTHCARE,1233 N 30TH ST,BILLINGS,MT,59101,MT - Billings,39,14511.77,5543.97,4592.9,45.7,-108.4
603 - CELLULITIS W/O MCC,270051,KALISPELL REGIONAL MEDICAL CENTER,310 SUNNYVIEW LANE,KALISPELL,MT,59901,MT - Missoula,17,16003.18,5521.12,4390.53,48.1,-113.8
621 - O.R. PROCEDURES FOR OBESITY W/O CC/MCC,270004,BILLINGS CLINIC HOSPITAL,2800 10TH AVE N,BILLINGS,MT,59101,MT - Billings,14,28862.5,10275.36,9132.64,45.7,-108.4
621 - O.R. PROCEDURES FOR OBESITY W/O CC/MCC,270049,ST VINCENT HEALTHCARE,1233 N 30TH ST,BILLINGS,MT,59101,MT - Billings,17,35709.47,12893.29,7113.35,45.7,-108.4
637 - DIABETES W MCC,270004,BILLINGS CLINIC HOSPITAL,2800 10TH AVE N,BILLINGS,MT,59101,MT - Billings,12,31404.17,9849.42,8766.42,45.7,-108.4
637 - DIABETES W MCC,270049,ST VINCENT HEALTHCARE,1233 N 30TH ST,BILLINGS,MT,59101,MT - Billings,20,25103.3,8822.3,8012.7,45.7,-108.4
638 - DIABETES W CC,270004,BILLINGS CLINIC HOSPITAL,2800 10TH AVE N,BILLINGS,MT,59101,MT - Billings,15,13217.27,5863.73,4881.73,45.7,-108.4
638 - DIABETES W CC,270012,BENEFIS HOSPITALS INC,1101 26TH ST S,GREAT FALLS,MT,59405,MT - Great Falls,13,14682.69,5886.69,4594.46,47.3,-111.2
638 - DIABETES W CC,270049,ST VINCENT HEALTHCARE,1233 N 30TH ST,BILLINGS,MT,59101,MT - Billings,23,14428.48,5615.26,4639.61,45.7,-108.4
"640 - MISC DISORDERS OF NUTRITION,METABOLISM,FLUIDS/ELECTROLYTES W MCC",270004,BILLINGS CLINIC HOSPITAL,2800 10TH AVE N,BILLINGS,MT,59101,MT - Billings,28,12655.25,7658.04,6818.82,45.7,-108.4
"640 - MISC DISORDERS OF NUTRITION,METABOLISM,FLUIDS/ELECTROLYTES W MCC",270012,BENEFIS HOSPITALS INC,1101 26TH ST S,GREAT FALLS,MT,59405,MT - Great Falls,18,16506.61,7700.33,6853.11,47.3,-111.2
"640 - MISC DISORDERS OF NUTRITION,METABOLISM,FLUIDS/ELECTROLYTES W MCC",270049,ST VINCENT HEALTHCARE,1233 N 30TH ST,BILLINGS,MT,59101,MT - Billings,16,27821.63,7338.94,6571.44,45.7,-108.4
"640 - MISC DISORDERS OF NUTRITION,METABOLISM,FLUIDS/ELECTROLYTES W MCC",270051,KALISPELL REGIONAL MEDICAL CENTER,310 SUNNYVIEW LANE,KALISPELL,MT,59901,MT - Missoula,12,30218.83,7813.83,6747.83,48.1,-113.8
"640 - MISC DISORDERS OF NUTRITION,METABOLISM,FLUIDS/ELECTROLYTES W MCC",270057,BOZEMAN HEALTH DEACONESS HOSPITAL,915 HIGHLAND BLVD,BOZEMAN,MT,59715,MT - Billings,12,17684.33,6603.0,5710.67,45.7,-111.0
"641 - MISC DISORDERS OF NUTRITION,METABOLISM,FLUIDS/ELECTROLYTES W/O MCC",270003,ST PETER'S HOSPITAL,2475 BROADWAY,HELENA,MT,59601,MT - Billings,32,16500.66,5095.63,3921.81,46.5,-112.1
"641 - MISC DISORDERS OF NUTRITION,METABOLISM,FLUIDS/ELECTROLYTES W/O MCC",270004,BILLINGS CLINIC HOSPITAL,2800 10TH AVE N,BILLINGS,MT,59101,MT - Billings,38,10872.42,5169.03,4028.87,45.7,-108.4
"641 - MISC DISORDERS OF NUTRITION,METABOLISM,FLUIDS/ELECTROLYTES W/O MCC",270012,BENEFIS HOSPITALS INC,1101 26TH ST S,GREAT FALLS,MT,59405,MT - Great Falls,40,15544.33,4936.8,4333.78,47.3,-111.2
"641 - MISC DISORDERS OF NUTRITION,METABOLISM,FLUIDS/ELECTROLYTES W/O MCC",270017,ST JAMES HEALTHCARE,400 S CLARK ST,BUTTE,MT,59701,MT - Missoula,11,15708.73,5375.91,4327.18,46.1,-112.4
"641 - MISC DISORDERS OF NUTRITION,METABOLISM,FLUIDS/ELECTROLYTES W/O MCC",270023,COMMUNITY MEDICAL CENTER,2827 FORT MISSOULA RD,MISSOULA,MT,59804,MT - Missoula,20,15188.0,5464.65,4607.5,46.9,-114.2
"641 - MISC DISORDERS OF NUTRITION,METABOLISM,FLUIDS/ELECTROLYTES W/O MCC",270049,ST VINCENT HEALTHCARE,1233 N 30TH ST,BILLINGS,MT,59101,MT - Billings,25,14056.48,4873.24,3919.48,45.7,-108.4
"641 - MISC DISORDERS OF NUTRITION,METABOLISM,FLUIDS/ELECTROLYTES W/O MCC",270051,KALISPELL REGIONAL MEDICAL CENTER,310 SUNNYVIEW LANE,KALISPELL,MT,59901,MT - Missoula,25,17867.28,4842.96,3861.24,48.1,-113.8
"641 - MISC DISORDERS OF NUTRITION,METABOLISM,FLUIDS/ELECTROLYTES W/O MCC",270057,BOZEMAN HEALTH DEACONESS HOSPITAL,915 HIGHLAND BLVD,BOZEMAN,MT,59715,MT - Billings,11,10321.82,4210.36,3255.82,45.7,-111.0
657 - KIDNEY & URETER PROCEDURES FOR NEOPLASM W CC,270004,BILLINGS CLINIC HOSPITAL,2800 10TH AVE N,BILLINGS,MT,59101,MT - Billings,11,23792.64,13052.55,11833.27,45.7,-108.4
660 - KIDNEY & URETER PROCEDURES FOR NON-NEOPLASM W CC,270004,BILLINGS CLINIC HOSPITAL,2800 10TH AVE N,BILLINGS,MT,59101,MT - Billings,12,23560.17,12429.83,11810.17,45.7,-108.4
660 - KIDNEY & URETER PROCEDURES FOR NON-NEOPLASM W CC,270051,KALISPELL REGIONAL MEDICAL CENTER,310 SUNNYVIEW LANE,KALISPELL,MT,59901,MT - Missoula,15,45720.87,11847.13,10805.6,48.1,-113.8
669 - TRANSURETHRAL PROCEDURES W CC,270012,BENEFIS HOSPITALS INC,1101 26TH ST S,GREAT FALLS,MT,59405,MT - Great Falls,13,25962.0,10044.77,7192.77,47.3,-111.2
682 - RENAL FAILURE W MCC,270004,BILLINGS CLINIC HOSPITAL,2800 10TH AVE N,BILLINGS,MT,59101,MT - Billings,39,26596.38,10079.59,9176.72,45.7,-108.4
682 - RENAL FAILURE W MCC,270012,BENEFIS HOSPITALS INC,1101 26TH ST S,GREAT FALLS,MT,59405,MT - Great Falls,33,26128.97,10293.55,9292.18,47.3,-111.2
682 - RENAL FAILURE W MCC,270017,ST JAMES HEALTHCARE,400 S CLARK ST,BUTTE,MT,59701,MT - Missoula,30,31005.23,12118.5,10989.17,46.1,-112.4
682 - RENAL FAILURE W MCC,270049,ST VINCENT HEALTHCARE,1233 N 30TH ST,BILLINGS,MT,59101,MT - Billings,54,32387.35,10272.3,8890.69,45.7,-108.4
682 - RENAL FAILURE W MCC,270051,KALISPELL REGIONAL MEDICAL CENTER,310 SUNNYVIEW LANE,KALISPELL,MT,59901,MT - Missoula,30,27057.03,9401.7,8373.23,48.1,-113.8
682 - RENAL FAILURE W MCC,270057,BOZEMAN HEALTH DEACONESS HOSPITAL,915 HIGHLAND BLVD,BOZEMAN,MT,59715,MT - Billings,12,15792.92,8699.5,7810.25,45.7,-111.0
683 - RENAL FAILURE W CC,270003,ST PETER'S HOSPITAL,2475 BROADWAY,HELENA,MT,59601,MT - Billings,31,16105.32,6780.03,4721.45,46.5,-112.1
683 - RENAL FAILURE W CC,270004,BILLINGS CLINIC HOSPITAL,2800 10TH AVE N,BILLINGS,MT,59101,MT - Billings,44,11223.43,6493.89,5248.7,45.7,-108.4
683 - RENAL FAILURE W CC,270012,BENEFIS HOSPITALS INC,1101 26TH ST S,GREAT FALLS,MT,59405,MT - Great Falls,71,19552.46,6821.17,5674.0,47.3,-111.2
683 - RENAL FAILURE W CC,270017,ST JAMES HEALTHCARE,400 S CLARK ST,BUTTE,MT,59701,MT - Missoula,39,17520.33,7007.41,6053.26,46.1,-112.4
683 - RENAL FAILURE W CC,270023,COMMUNITY MEDICAL CENTER,2827 FORT MISSOULA RD,MISSOULA,MT,59804,MT - Missoula,13,18638.69,6828.62,6107.62,46.9,-114.2
683 - RENAL FAILURE W CC,270049,ST VINCENT HEALTHCARE,1233 N 30TH ST,BILLINGS,MT,59101,MT - Billings,48,20312.63,6256.96,4972.02,45.7,-108.4
683 - RENAL FAILURE W CC,270051,KALISPELL REGIONAL MEDICAL CENTER,310 SUNNYVIEW LANE,KALISPELL,MT,59901,MT - Missoula,26,19044.81,6127.54,4897.08,48.1,-113.8
683 - RENAL FAILURE W CC,270057,BOZEMAN HEALTH DEACONESS HOSPITAL,915 HIGHLAND BLVD,BOZEMAN,MT,59715,MT - Billings,17,14643.06,6139.65,4310.82,45.7,-111.0
689 - KIDNEY & URINARY TRACT INFECTIONS W MCC,270004,BILLINGS CLINIC HOSPITAL,2800 10TH AVE N,BILLINGS,MT,59101,MT - Billings,21,13060.05,7175.19,6231.57,45.7,-108.4
689 - KIDNEY & URINARY TRACT INFECTIONS W MCC,270012,BENEFIS HOSPITALS INC,1101 26TH ST S,GREAT FALLS,MT,59405,MT - Great Falls,20,17092.8,7383.95,6348.2,47.3,-111.2
689 - KIDNEY & URINARY TRACT INFECTIONS W MCC,270017,ST JAMES HEALTHCARE,400 S CLARK ST,BUTTE,MT,59701,MT - Missoula,15,23072.4,8062.0,7292.93,46.1,-112.4
689 - KIDNEY & URINARY TRACT INFECTIONS W MCC,270049,ST VINCENT HEALTHCARE,1233 N 30TH ST,BILLINGS,MT,59101,MT - Billings,15,24077.33,7050.13,5973.6,45.7,-108.4
689 - KIDNEY & URINARY TRACT INFECTIONS W MCC,270057,BOZEMAN HEALTH DEACONESS HOSPITAL,915 HIGHLAND BLVD,BOZEMAN,MT,59715,MT - Billings,11,11424.91,6270.82,5069.73,45.7,-111.0
690 - KIDNEY & URINARY TRACT INFECTIONS W/O MCC,270003,ST PETER'S HOSPITAL,2475 BROADWAY,HELENA,MT,59601,MT - Billings,32,14772.16,5711.16,3660.75,46.5,-112.1
690 - KIDNEY & URINARY TRACT INFECTIONS W/O MCC,270004,BILLINGS CLINIC HOSPITAL,2800 10TH AVE N,BILLINGS,MT,59101,MT - Billings,28,9337.71,5449.96,4344.39,45.7,-108.4
690 - KIDNEY & URINARY TRACT INFECTIONS W/O MCC,270012,BENEFIS HOSPITALS INC,1101 26TH ST S,GREAT FALLS,MT,59405,MT - Great Falls,44,13845.27,5358.11,4200.36,47.3,-111.2
690 - KIDNEY & URINARY TRACT INFECTIONS W/O MCC,270017,ST JAMES HEALTHCARE,400 S CLARK ST,BUTTE,MT,59701,MT - Missoula,16,16649.31,5840.31,4879.56,46.1,-112.4
690 - KIDNEY & URINARY TRACT INFECTIONS W/O MCC,270023,COMMUNITY MEDICAL CENTER,2827 FORT MISSOULA RD,MISSOULA,MT,59804,MT - Missoula,14,14948.57,5847.5,4726.5,46.9,-114.2
690 - KIDNEY & URINARY TRACT INFECTIONS W/O MCC,270032,NORTHERN MONTANA HOSPITAL,30 13TH ST,HAVRE,MT,59501,MT - Great Falls,13,15980.15,6305.85,5220.31,48.6,-109.9
690 - KIDNEY & URINARY TRACT INFECTIONS W/O MCC,270049,ST VINCENT HEALTHCARE,1233 N 30TH ST,BILLINGS,MT,59101,MT - Billings,31,16619.58,5173.32,4151.68,45.7,-108.4
690 - KIDNEY & URINARY TRACT INFECTIONS W/O MCC,270051,KALISPELL REGIONAL MEDICAL CENTER,310 SUNNYVIEW LANE,KALISPELL,MT,59901,MT - Missoula,30,14927.33,5147.57,3988.97,48.1,-113.8
690 - KIDNEY & URINARY TRACT INFECTIONS W/O MCC,270057,BOZEMAN HEALTH DEACONESS HOSPITAL,915 HIGHLAND BLVD,BOZEMAN,MT,59715,MT - Billings,22,9774.68,4575.64,3675.86,45.7,-111.0
698 - OTHER KIDNEY & URINARY TRACT DIAGNOSES W MCC,270004,BILLINGS CLINIC HOSPITAL,2800 10TH AVE N,BILLINGS,MT,59101,MT - Billings,16,23353.25,10197.94,9754.81,45.7,-108.4
698 - OTHER KIDNEY & URINARY TRACT DIAGNOSES W MCC,270012,BENEFIS HOSPITALS INC,1101 26TH ST S,GREAT FALLS,MT,59405,MT - Great Falls,31,32972.9,10735.42,9947.23,47.3,-111.2
698 - OTHER KIDNEY & URINARY TRACT DIAGNOSES W MCC,270017,ST JAMES HEALTHCARE,400 S CLARK ST,BUTTE,MT,59701,MT - Missoula,19,30258.63,13064.11,10063.63,46.1,-112.4
698 - OTHER KIDNEY & URINARY TRACT DIAGNOSES W MCC,270049,ST VINCENT HEALTHCARE,1233 N 30TH ST,BILLINGS,MT,59101,MT - Billings,28,26627.21,9790.54,8919.61,45.7,-108.4
698 - OTHER KIDNEY & URINARY TRACT DIAGNOSES W MCC,270051,KALISPELL REGIONAL MEDICAL CENTER,310 SUNNYVIEW LANE,KALISPELL,MT,59901,MT - Missoula,12,31855.33,9766.92,8895.42,48.1,-113.8
699 - OTHER KIDNEY & URINARY TRACT DIAGNOSES W CC,270012,BENEFIS HOSPITALS INC,1101 26TH ST S,GREAT FALLS,MT,59405,MT - Great Falls,15,17625.2,7021.33,6152.53,47.3,-111.2
699 - OTHER KIDNEY & URINARY TRACT DIAGNOSES W CC,270051,KALISPELL REGIONAL MEDICAL CENTER,310 SUNNYVIEW LANE,KALISPELL,MT,59901,MT - Missoula,11,19856.55,6612.18,5556.18,48.1,-113.8
707 - MAJOR MALE PELVIC PROCEDURES W CC/MCC,270004,BILLINGS CLINIC HOSPITAL,2800 10TH AVE N,BILLINGS,MT,59101,MT - Billings,16,24491.0,12816.38,10101.44,45.7,-108.4
708 - MAJOR MALE PELVIC PROCEDURES W/O CC/MCC,270004,BILLINGS CLINIC HOSPITAL,2800 10TH AVE N,BILLINGS,MT,59101,MT - Billings,28,18389.29,9301.25,7224.96,45.7,-108.4
708 - MAJOR MALE PELVIC PROCEDURES W/O CC/MCC,270012,BENEFIS HOSPITALS INC,1101 26TH ST S,GREAT FALLS,MT,59405,MT - Great Falls,11,34764.55,8908.64,7717.55,47.3,-111.2
708 - MAJOR MALE PELVIC PROCEDURES W/O CC/MCC,270049,ST VINCENT HEALTHCARE,1233 N 30TH ST,BILLINGS,MT,59101,MT - Billings,23,32661.17,10533.35,6185.74,45.7,-108.4
811 - RED BLOOD CELL DISORDERS W MCC,270004,BILLINGS CLINIC HOSPITAL,2800 10TH AVE N,BILLINGS,MT,59101,MT - Billings,13,20732.92,8777.62,7701.15,45.7,-108.4
812 - RED BLOOD CELL DISORDERS W/O MCC,270004,BILLINGS CLINIC HOSPITAL,2800 10TH AVE N,BILLINGS,MT,59101,MT - Billings,14,27673.36,6929.71,6029.29,45.7,-108.4
812 - RED BLOOD CELL DISORDERS W/O MCC,270012,BENEFIS HOSPITALS INC,1101 26TH ST S,GREAT FALLS,MT,59405,MT - Great Falls,12,17165.75,5854.0,4530.92,47.3,-111.2
812 - RED BLOOD CELL DISORDERS W/O MCC,270049,ST VINCENT HEALTHCARE,1233 N 30TH ST,BILLINGS,MT,59101,MT - Billings,16,21809.19,5682.94,4853.31,45.7,-108.4
812 - RED BLOOD CELL DISORDERS W/O MCC,270051,KALISPELL REGIONAL MEDICAL CENTER,310 SUNNYVIEW LANE,KALISPELL,MT,59901,MT - Missoula,14,15754.43,5609.14,4872.5,48.1,-113.8
853 - INFECTIOUS & PARASITIC DISEASES W O.R. PROCEDURE W MCC,270003,ST PETER'S HOSPITAL,2475 BROADWAY,HELENA,MT,59601,MT - Billings,12,78122.08,34380.75,33204.75,46.5,-112.1
853 - INFECTIOUS & PARASITIC DISEASES W O.R. PROCEDURE W MCC,270004,BILLINGS CLINIC HOSPITAL,2800 10TH AVE N,BILLINGS,MT,59101,MT - Billings,50,84211.8,35146.8,32105.24,45.7,-108.4
853 - INFECTIOUS & PARASITIC DISEASES W O.R. PROCEDURE W MCC,270012,BENEFIS HOSPITALS INC,1101 26TH ST S,GREAT FALLS,MT,59405,MT - Great Falls,48,93542.65,37446.06,36348.81,47.3,-111.2
853 - INFECTIOUS & PARASITIC DISEASES W O.R. PROCEDURE W MCC,270017,ST JAMES HEALTHCARE,400 S CLARK ST,BUTTE,MT,59701,MT - Missoula,20,133392.65,47878.2,46787.6,46.1,-112.4
853 - INFECTIOUS & PARASITIC DISEASES W O.R. PROCEDURE W MCC,270023,COMMUNITY MEDICAL CENTER,2827 FORT MISSOULA RD,MISSOULA,MT,59804,MT - Missoula,13,65368.54,31725.23,28302.46,46.9,-114.2
853 - INFECTIOUS & PARASITIC DISEASES W O.R. PROCEDURE W MCC,270049,ST VINCENT HEALTHCARE,1233 N 30TH ST,BILLINGS,MT,59101,MT - Billings,43,102008.23,32400.16,30920.81,45.7,-108.4
853 - INFECTIOUS & PARASITIC DISEASES W O.R. PROCEDURE W MCC,270051,KALISPELL REGIONAL MEDICAL CENTER,310 SUNNYVIEW LANE,KALISPELL,MT,59901,MT - Missoula,26,74580.73,30851.58,29915.5,48.1,-113.8
853 - INFECTIOUS & PARASITIC DISEASES W O.R. PROCEDURE W MCC,270057,BOZEMAN HEALTH DEACONESS HOSPITAL,915 HIGHLAND BLVD,BOZEMAN,MT,59715,MT - Billings,14,59148.07,30336.36,29507.21,45.7,-111.0
854 - INFECTIOUS & PARASITIC DISEASES W O.R. PROCEDURE W CC,270012,BENEFIS HOSPITALS INC,1101 26TH ST S,GREAT FALLS,MT,59405,MT - Great Falls,11,43725.91,16069.36,15267.91,47.3,-111.2
854 - INFECTIOUS & PARASITIC DISEASES W O.R. PROCEDURE W CC,270049,ST VINCENT HEALTHCARE,1233 N 30TH ST,BILLINGS,MT,59101,MT - Billings,13,33602.31,12978.31,11853.85,45.7,-108.4
865 - VIRAL ILLNESS W MCC,270049,ST VINCENT HEALTHCARE,1233 N 30TH ST,BILLINGS,MT,59101,MT - Billings,14,25719.64,9686.36,8916.29,45.7,-108.4
870 - SEPTICEMIA OR SEVERE SEPSIS W MV >96 HOURS,270004,BILLINGS CLINIC HOSPITAL,2800 10TH AVE N,BILLINGS,MT,59101,MT - Billings,13,103881.62,41875.38,32390.08,45.7,-108.4
870 - SEPTICEMIA OR SEVERE SEPSIS W MV >96 HOURS,270049,ST VINCENT HEALTHCARE,1233 N 30TH ST,BILLINGS,MT,59101,MT - Billings,11,182490.82,39236.45,37831.45,45.7,-108.4
871 - SEPTICEMIA OR SEVERE SEPSIS W/O MV >96 HOURS W MCC,270003,ST PETER'S HOSPITAL,2475 BROADWAY,HELENA,MT,59601,MT - Billings,83,29812.25,11754.18,10302.73,46.5,-112.1
871 - SEPTICEMIA OR SEVERE SEPSIS W/O MV >96 HOURS W MCC,270004,BILLINGS CLINIC HOSPITAL,2800 10TH AVE N,BILLINGS,MT,59101,MT - Billings,270,24719.69,11912.9,10673.68,45.7,-108.4
871 - SEPTICEMIA OR SEVERE SEPSIS W/O MV >96 HOURS W MCC,270012,BENEFIS HOSPITALS INC,1101 26TH ST S,GREAT FALLS,MT,59405,MT - Great Falls,211,36478.76,12578.08,11601.32,47.3,-111.2
871 - SEPTICEMIA OR SEVERE SEPSIS W/O MV >96 HOURS W MCC,270017,ST JAMES HEALTHCARE,400 S CLARK ST,BUTTE,MT,59701,MT - Missoula,135,47743.19,15229.53,13213.55,46.1,-112.4
871 - SEPTICEMIA OR SEVERE SEPSIS W/O MV >96 HOURS W MCC,270023,COMMUNITY MEDICAL CENTER,2827 FORT MISSOULA RD,MISSOULA,MT,59804,MT - Missoula,111,34363.2,12566.5,11065.92,46.9,-114.2
871 - SEPTICEMIA OR SEVERE SEPSIS W/O MV >96 HOURS W MCC,270049,ST VINCENT HEALTHCARE,1233 N 30TH ST,BILLINGS,MT,59101,MT - Billings,319,36742.34,11677.76,10275.5,45.7,-108.4
871 - SEPTICEMIA OR SEVERE SEPSIS W/O MV >96 HOURS W MCC,270051,KALISPELL REGIONAL MEDICAL CENTER,310 SUNNYVIEW LANE,KALISPELL,MT,59901,MT - Missoula,92,37785.48,11735.83,10809.6,48.1,-113.8
871 - SEPTICEMIA OR SEVERE SEPSIS W/O MV >96 HOURS W MCC,270057,BOZEMAN HEALTH DEACONESS HOSPITAL,915 HIGHLAND BLVD,BOZEMAN,MT,59715,MT - Billings,105,22701.03,11089.9,9839.12,45.7,-111.0
872 - SEPTICEMIA OR SEVERE SEPSIS W/O MV >96 HOURS W/O MCC,270003,ST PETER'S HOSPITAL,2475 BROADWAY,HELENA,MT,59601,MT - Billings,45,16693.69,6665.24,5698.31,46.5,-112.1
872 - SEPTICEMIA OR SEVERE SEPSIS W/O MV >96 HOURS W/O MCC,270004,BILLINGS CLINIC HOSPITAL,2800 10TH AVE N,BILLINGS,MT,59101,MT - Billings,55,13483.4,7148.09,6127.22,45.7,-108.4
872 - SEPTICEMIA OR SEVERE SEPSIS W/O MV >96 HOURS W/O MCC,270012,BENEFIS HOSPITALS INC,1101 26TH ST S,GREAT FALLS,MT,59405,MT - Great Falls,48,16118.54,7148.23,6061.94,47.3,-111.2
872 - SEPTICEMIA OR SEVERE SEPSIS W/O MV >96 HOURS W/O MCC,270017,ST JAMES HEALTHCARE,400 S CLARK ST,BUTTE,MT,59701,MT - Missoula,29,27860.52,7774.1,6581.69,46.1,-112.4
872 - SEPTICEMIA OR SEVERE SEPSIS W/O MV >96 HOURS W/O MCC,270023,COMMUNITY MEDICAL CENTER,2827 FORT MISSOULA RD,MISSOULA,MT,59804,MT - Missoula,35,22031.63,8298.54,6206.54,46.9,-114.2
872 - SEPTICEMIA OR SEVERE SEPSIS W/O MV >96 HOURS W/O MCC,270049,ST VINCENT HEALTHCARE,1233 N 30TH ST,BILLINGS,MT,59101,MT - Billings,78,23991.99,6890.46,5706.22,45.7,-108.4
872 - SEPTICEMIA OR SEVERE SEPSIS W/O MV >96 HOURS W/O MCC,270051,KALISPELL REGIONAL MEDICAL CENTER,310 SUNNYVIEW LANE,KALISPELL,MT,59901,MT - Missoula,45,23360.67,6921.76,5507.24,48.1,-113.8
872 - SEPTICEMIA OR SEVERE SEPSIS W/O MV >96 HOURS W/O MCC,270057,BOZEMAN HEALTH DEACONESS HOSPITAL,915 HIGHLAND BLVD,BOZEMAN,MT,59715,MT - Billings,34,13312.41,6073.09,5101.85,45.7,-111.0
884 - ORGANIC DISTURBANCES & INTELLECTUAL DISABILITY,270012,BENEFIS HOSPITALS INC,1101 26TH ST S,GREAT FALLS,MT,59405,MT - Great Falls,22,25576.27,10020.77,6894.55,47.3,-111.2
885 - PSYCHOSES,270004,BILLINGS CLINIC HOSPITAL,2800 10TH AVE N,BILLINGS,MT,59101,MT - Billings,339,11560.98,7348.82,6255.03,45.7,-108.4
885 - PSYCHOSES,270051,KALISPELL REGIONAL MEDICAL CENTER,310 SUNNYVIEW LANE,KALISPELL,MT,59901,MT - Missoula,83,21572.52,6956.89,5801.87,48.1,-113.8
897 - ALCOHOL/DRUG ABUSE OR DEPENDENCE W/O REHABILITATION THERAPY W/O MCC,270004,BILLINGS CLINIC HOSPITAL,2800 10TH AVE N,BILLINGS,MT,59101,MT - Billings,20,9896.1,5150.7,4126.4,45.7,-108.4
897 - ALCOHOL/DRUG ABUSE OR DEPENDENCE W/O REHABILITATION THERAPY W/O MCC,270012,BENEFIS HOSPITALS INC,1101 26TH ST S,GREAT FALLS,MT,59405,MT - Great Falls,15,10059.13,5025.73,3833.2,47.3,-111.2
897 - ALCOHOL/DRUG ABUSE OR DEPENDENCE W/O REHABILITATION THERAPY W/O MCC,270051,KALISPELL REGIONAL MEDICAL CENTER,310 SUNNYVIEW LANE,KALISPELL,MT,59901,MT - Missoula,16,21068.44,4810.31,3962.31,48.1,-113.8
917 - POISONING & TOXIC EFFECTS OF DRUGS W MCC,270004,BILLINGS CLINIC HOSPITAL,2800 10TH AVE N,BILLINGS,MT,59101,MT - Billings,18,25426.28,8882.17,7710.94,45.7,-108.4
917 - POISONING & TOXIC EFFECTS OF DRUGS W MCC,270012,BENEFIS HOSPITALS INC,1101 26TH ST S,GREAT FALLS,MT,59405,MT - Great Falls,12,21395.75,9557.17,8430.67,47.3,-111.2
917 - POISONING & TOXIC EFFECTS OF DRUGS W MCC,270017,ST JAMES HEALTHCARE,400 S CLARK ST,BUTTE,MT,59701,MT - Missoula,12,23614.25,10435.92,9469.83,46.1,-112.4
917 - POISONING & TOXIC EFFECTS OF DRUGS W MCC,270051,KALISPELL REGIONAL MEDICAL CENTER,310 SUNNYVIEW LANE,KALISPELL,MT,59901,MT - Missoula,12,30940.42,8817.25,7957.0,48.1,-113.8
918 - POISONING & TOXIC EFFECTS OF DRUGS W/O MCC,270004,BILLINGS CLINIC HOSPITAL,2800 10TH AVE N,BILLINGS,MT,59101,MT - Billings,22,19197.05,5534.41,4664.77,45.7,-108.4
918 - POISONING & TOXIC EFFECTS OF DRUGS W/O MCC,270012,BENEFIS HOSPITALS INC,1101 26TH ST S,GREAT FALLS,MT,59405,MT - Great Falls,12,10886.25,4680.83,3785.33,47.3,-111.2
948 - SIGNS & SYMPTOMS W/O MCC,270003,ST PETER'S HOSPITAL,2475 BROADWAY,HELENA,MT,59601,MT - Billings,34,11763.44,4605.62,3668.44,46.5,-112.1
948 - SIGNS & SYMPTOMS W/O MCC,270004,BILLINGS CLINIC HOSPITAL,2800 10TH AVE N,BILLINGS,MT,59101,MT - Billings,12,17611.67,5068.5,3919.17,45.7,-108.4
948 - SIGNS & SYMPTOMS W/O MCC,270012,BENEFIS HOSPITALS INC,1101 26TH ST S,GREAT FALLS,MT,59405,MT - Great Falls,12,18237.58,7997.42,3768.25,47.3,-111.2
948 - SIGNS & SYMPTOMS W/O MCC,270049,ST VINCENT HEALTHCARE,1233 N 30TH ST,BILLINGS,MT,59101,MT - Billings,12,17467.75,4958.5,3964.25,45.7,-108.4
981 - EXTENSIVE O.R. PROCEDURE UNRELATED TO PRINCIPAL DIAGNOSIS W MCC,270004,BILLINGS CLINIC HOSPITAL,2800 10TH AVE N,BILLINGS,MT,59101,MT - Billings,26,82597.35,32530.5,31199.69,45.7,-108.4
981 - EXTENSIVE O.R. PROCEDURE UNRELATED TO PRINCIPAL DIAGNOSIS W MCC,270012,BENEFIS HOSPITALS INC,1101 26TH ST S,GREAT FALLS,MT,59405,MT - Great Falls,17,76934.0,33174.65,32030.53,47.3,-111.2
981 - EXTENSIVE O.R. PROCEDURE UNRELATED TO PRINCIPAL DIAGNOSIS W MCC,270049,ST VINCENT HEALTHCARE,1233 N 30TH ST,BILLINGS,MT,59101,MT - Billings,17,57058.41,26931.59,26196.82,45.7,-108.4
982 - EXTENSIVE O.R. PROCEDURE UNRELATED TO PRINCIPAL DIAGNOSIS W CC,270004,BILLINGS CLINIC HOSPITAL,2800 10TH AVE N,BILLINGS,MT,59101,MT - Billings,20,39525.25,17647.85,16589.35,45.7,-108.4
987 - NON-EXTENSIVE O.R. PROC UNRELATED TO PRINCIPAL DIAGNOSIS W MCC,270004,BILLINGS CLINIC HOSPITAL,2800 10TH AVE N,BILLINGS,MT,59101,MT - Billings,11,51914.45,22435.45,21358.09,45.7,-108.4
988 - NON-EXTENSIVE O.R. PROC UNRELATED TO PRINCIPAL DIAGNOSIS W CC,270004,BILLINGS CLINIC HOSPITAL,2800 10TH AVE N,BILLINGS,MT,59101,MT - Billings,15,23267.87,11725.2,9793.2,45.7,-108.4
