DRG Definition,Provider Id,Provider Name,Provider Street Address,Provider City,Provider State,Provider Zip Code,Hospital Referral Region (HRR) Description,Total Discharges,Average Covered Charges,Average Total Payments,Average Medicare Payments,lat,lon
"003 - ECMO OR TRACH W MV >96 HRS OR PDX EXC FACE, MOUTH & NECK W MAJ O.R.",350070,ESSENTIA HEALTH-FARGO,3000 32ND AVE SOUTH,FARGO,ND,58104,ND - Fargo/Moorhead MN,11,286241.0,98995.36,98002.64,46.79,-96.84
025 - CRANIOTOMY & ENDOVASCULAR INTRACRANIAL PROCEDURES W MCC,350070,ESSENTIA HEALTH-FARGO,3000 32ND AVE SOUTH,FARGO,ND,58104,ND - Fargo/Moorhead MN,13,99716.0,26111.38,25028.0,46.79,-96.84
038 - EXTRACRANIAL PROCEDURES W CC,350006,TRINITY HOSPITALS,407 3RD ST SE,MINOT,ND,58701,ND - Minot,13,45328.46,10148.69,9126.23,48.1,-101.3
038 - EXTRACRANIAL PROCEDURES W CC,350019,ALTRU HOSPITAL,1200 S COLUMBIA RD,GRAND FORKS,ND,58201,ND - Grand Forks,14,32634.07,10763.5,9506.0,47.9,-97.2
039 - EXTRACRANIAL PROCEDURES W/O CC/MCC,350002,CHI ST ALEXIUS HEALTH BISMARCK,900 E BROADWAY,BISMARCK,ND,58501,ND - Bismarck,25,17454.4,7433.68,4865.6,46.8,-100.7
039 - EXTRACRANIAL PROCEDURES W/O CC/MCC,350019,ALTRU HOSPITAL,1200 S COLUMBIA RD,GRAND FORKS,ND,58201,ND - Grand Forks,29,24214.17,7821.31,5570.93,47.9,-97.2
039 - EXTRACRANIAL PROCEDURES W/O CC/MCC,350070,ESSENTIA HEALTH-FARGO,3000 32ND AVE SOUTH,FARGO,ND,58104,ND - Fargo/Moorhead MN,32,23564.16,6545.47,5590.84,46.79,-96.84
064 - INTRACRANIAL HEMORRHAGE OR CEREBRAL INFARCTION W MCC,350002,CHI ST ALEXIUS HEALTH BISMARCK,900 E BROADWAY,BISMARCK,ND,58501,ND - Bismarck,40,22120.65,11087.48,9201.93,46.8,-100.7
064 - INTRACRANIAL HEMORRHAGE OR CEREBRAL INFARCTION W MCC,350006,TRINITY HOSPITALS,407 3RD ST SE,MINOT,ND,58701,ND - Minot,36,32033.39,12478.56,11402.31,48.1,-101.3
064 - INTRACRANIAL HEMORRHAGE OR CEREBRAL INFARCTION W MCC,350019,ALTRU HOSPITAL,1200 S COLUMBIA RD,GRAND FORKS,ND,58201,ND - Grand Forks,34,25249.26,12897.76,10454.76,47.9,-97.2
064 - INTRACRANIAL HEMORRHAGE OR CEREBRAL INFARCTION W MCC,350070,ESSENTIA HEALTH-FARGO,3000 32ND AVE SOUTH,FARGO,ND,58104,ND - Fargo/Moorhead MN,28,25709.68,10245.43,9377.43,46.79,-96.84
065 - INTRACRANIAL HEMORRHAGE OR CEREBRAL INFARCTION W CC OR TPA IN 24 HRS,350002,CHI ST ALEXIUS HEALTH BISMARCK,900 E BROADWAY,BISMARCK,ND,58501,ND - Bismarck,59,14700.24,7083.86,5386.03,46.8,-100.7
065 - INTRACRANIAL HEMORRHAGE OR CEREBRAL INFARCTION W CC OR TPA IN 24 HRS,350006,TRINITY HOSPITALS,407 3RD ST SE,MINOT,ND,58701,ND - Minot,46,18951.52,6909.91,5677.04,48.1,-101.3
065 - INTRACRANIAL HEMORRHAGE OR CEREBRAL INFARCTION W CC OR TPA IN 24 HRS,350019,ALTRU HOSPITAL,1200 S COLUMBIA RD,GRAND FORKS,ND,58201,ND - Grand Forks,50,20801.8,7567.66,6249.12,47.9,-97.2
065 - INTRACRANIAL HEMORRHAGE OR CEREBRAL INFARCTION W CC OR TPA IN 24 HRS,350070,ESSENTIA HEALTH-FARGO,3000 32ND AVE SOUTH,FARGO,ND,58104,ND - Fargo/Moorhead MN,69,17828.51,6597.88,5333.42,46.79,-96.84
066 - INTRACRANIAL HEMORRHAGE OR CEREBRAL INFARCTION W/O CC/MCC,350002,CHI ST ALEXIUS HEALTH BISMARCK,900 E BROADWAY,BISMARCK,ND,58501,ND - Bismarck,26,12119.12,5126.04,3435.96,46.8,-100.7
066 - INTRACRANIAL HEMORRHAGE OR CEREBRAL INFARCTION W/O CC/MCC,350006,TRINITY HOSPITALS,407 3RD ST SE,MINOT,ND,58701,ND - Minot,22,14395.23,4956.05,3766.59,48.1,-101.3
066 - INTRACRANIAL HEMORRHAGE OR CEREBRAL INFARCTION W/O CC/MCC,350019,ALTRU HOSPITAL,1200 S COLUMBIA RD,GRAND FORKS,ND,58201,ND - Grand Forks,24,16501.21,5287.67,4326.63,47.9,-97.2
066 - INTRACRANIAL HEMORRHAGE OR CEREBRAL INFARCTION W/O CC/MCC,350070,ESSENTIA HEALTH-FARGO,3000 32ND AVE SOUTH,FARGO,ND,58104,ND - Fargo/Moorhead MN,21,18822.67,4778.67,3804.0,46.79,-96.84
069 - TRANSIENT ISCHEMIA,350002,CHI ST ALEXIUS HEALTH BISMARCK,900 E BROADWAY,BISMARCK,ND,58501,ND - Bismarck,12,13135.42,4789.08,3754.42,46.8,-100.7
069 - TRANSIENT ISCHEMIA,350019,ALTRU HOSPITAL,1200 S COLUMBIA RD,GRAND FORKS,ND,58201,ND - Grand Forks,17,14458.76,5087.12,4123.59,47.9,-97.2
069 - TRANSIENT ISCHEMIA,350070,ESSENTIA HEALTH-FARGO,3000 32ND AVE SOUTH,FARGO,ND,58104,ND - Fargo/Moorhead MN,34,14227.62,4582.85,3413.44,46.79,-96.84
070 - NONSPECIFIC CEREBROVASCULAR DISORDERS W MCC,350002,CHI ST ALEXIUS HEALTH BISMARCK,900 E BROADWAY,BISMARCK,ND,58501,ND - Bismarck,11,23688.0,10193.73,9089.73,46.8,-100.7
070 - NONSPECIFIC CEREBROVASCULAR DISORDERS W MCC,350019,ALTRU HOSPITAL,1200 S COLUMBIA RD,GRAND FORKS,ND,58201,ND - Grand Forks,14,24349.5,11338.64,9947.14,47.9,-97.2
071 - NONSPECIFIC CEREBROVASCULAR DISORDERS W CC,350002,CHI ST ALEXIUS HEALTH BISMARCK,900 E BROADWAY,BISMARCK,ND,58501,ND - Bismarck,11,14629.09,6474.27,5419.09,46.8,-100.7
"086 - TRAUMATIC STUPOR & COMA, COMA <1 HR W CC",350070,ESSENTIA HEALTH-FARGO,3000 32ND AVE SOUTH,FARGO,ND,58104,ND - Fargo/Moorhead MN,13,18241.62,6932.69,5750.23,46.79,-96.84
101 - SEIZURES W/O MCC,350019,ALTRU HOSPITAL,1200 S COLUMBIA RD,GRAND FORKS,ND,58201,ND - Grand Forks,14,19969.29,5580.57,4292.07,47.9,-97.2
149 - DYSEQUILIBRIUM,350070,ESSENTIA HEALTH-FARGO,3000 32ND AVE SOUTH,FARGO,ND,58104,ND - Fargo/Moorhead MN,11,11315.36,4267.73,3343.73,46.79,-96.84
163 - MAJOR CHEST PROCEDURES W MCC,350002,CHI ST ALEXIUS HEALTH BISMARCK,900 E BROADWAY,BISMARCK,ND,58501,ND - Bismarck,11,89564.0,32796.73,31430.36,46.8,-100.7
164 - MAJOR CHEST PROCEDURES W CC,350019,ALTRU HOSPITAL,1200 S COLUMBIA RD,GRAND FORKS,ND,58201,ND - Grand Forks,12,51886.5,17962.17,16675.33,47.9,-97.2
164 - MAJOR CHEST PROCEDURES W CC,350070,ESSENTIA HEALTH-FARGO,3000 32ND AVE SOUTH,FARGO,ND,58104,ND - Fargo/Moorhead MN,11,64618.82,15633.73,14585.0,46.79,-96.84
166 - OTHER RESP SYSTEM O.R. PROCEDURES W MCC,350019,ALTRU HOSPITAL,1200 S COLUMBIA RD,GRAND FORKS,ND,58201,ND - Grand Forks,15,71388.53,29141.8,28069.87,47.9,-97.2
175 - PULMONARY EMBOLISM W MCC,350002,CHI ST ALEXIUS HEALTH BISMARCK,900 E BROADWAY,BISMARCK,ND,58501,ND - Bismarck,12,17102.67,9241.0,8082.67,46.8,-100.7
175 - PULMONARY EMBOLISM W MCC,350006,TRINITY HOSPITALS,407 3RD ST SE,MINOT,ND,58701,ND - Minot,11,28555.0,9679.55,8698.45,48.1,-101.3
175 - PULMONARY EMBOLISM W MCC,350019,ALTRU HOSPITAL,1200 S COLUMBIA RD,GRAND FORKS,ND,58201,ND - Grand Forks,19,35105.79,11514.89,9921.95,47.9,-97.2
176 - PULMONARY EMBOLISM W/O MCC,350002,CHI ST ALEXIUS HEALTH BISMARCK,900 E BROADWAY,BISMARCK,ND,58501,ND - Bismarck,13,7211.23,6364.69,4419.62,46.8,-100.7
176 - PULMONARY EMBOLISM W/O MCC,350006,TRINITY HOSPITALS,407 3RD ST SE,MINOT,ND,58701,ND - Minot,12,23468.92,6384.33,5267.08,48.1,-101.3
176 - PULMONARY EMBOLISM W/O MCC,350019,ALTRU HOSPITAL,1200 S COLUMBIA RD,GRAND FORKS,ND,58201,ND - Grand Forks,17,16040.12,6544.06,5251.12,47.9,-97.2
176 - PULMONARY EMBOLISM W/O MCC,350070,ESSENTIA HEALTH-FARGO,3000 32ND AVE SOUTH,FARGO,ND,58104,ND - Fargo/Moorhead MN,21,15075.38,5830.05,4734.05,46.79,-96.84
177 - RESPIRATORY INFECTIONS & INFLAMMATIONS W MCC,350002,CHI ST ALEXIUS HEALTH BISMARCK,900 E BROADWAY,BISMARCK,ND,58501,ND - Bismarck,58,29675.83,11944.97,10169.21,46.8,-100.7
177 - RESPIRATORY INFECTIONS & INFLAMMATIONS W MCC,350006,TRINITY HOSPITALS,407 3RD ST SE,MINOT,ND,58701,ND - Minot,43,38482.74,12608.37,11735.81,48.1,-101.3
177 - RESPIRATORY INFECTIONS & INFLAMMATIONS W MCC,350019,ALTRU HOSPITAL,1200 S COLUMBIA RD,GRAND FORKS,ND,58201,ND - Grand Forks,104,32759.85,13323.33,12483.94,47.9,-97.2
177 - RESPIRATORY INFECTIONS & INFLAMMATIONS W MCC,350070,ESSENTIA HEALTH-FARGO,3000 32ND AVE SOUTH,FARGO,ND,58104,ND - Fargo/Moorhead MN,20,49271.4,13390.35,12392.15,46.79,-96.84
178 - RESPIRATORY INFECTIONS & INFLAMMATIONS W CC,350002,CHI ST ALEXIUS HEALTH BISMARCK,900 E BROADWAY,BISMARCK,ND,58501,ND - Bismarck,11,21040.82,8393.64,7577.27,46.8,-100.7
178 - RESPIRATORY INFECTIONS & INFLAMMATIONS W CC,350006,TRINITY HOSPITALS,407 3RD ST SE,MINOT,ND,58701,ND - Minot,11,19005.64,9187.82,6912.45,48.1,-101.3
178 - RESPIRATORY INFECTIONS & INFLAMMATIONS W CC,350019,ALTRU HOSPITAL,1200 S COLUMBIA RD,GRAND FORKS,ND,58201,ND - Grand Forks,34,18572.82,9430.09,8453.38,47.9,-97.2
186 - PLEURAL EFFUSION W MCC,350019,ALTRU HOSPITAL,1200 S COLUMBIA RD,GRAND FORKS,ND,58201,ND - Grand Forks,12,38600.42,11022.33,10063.33,47.9,-97.2
189 - PULMONARY EDEMA & RESPIRATORY FAILURE,350002,CHI ST ALEXIUS HEALTH BISMARCK,900 E BROADWAY,BISMARCK,ND,58501,ND - Bismarck,66,17265.29,7839.94,6732.42,46.8,-100.7
189 - PULMONARY EDEMA & RESPIRATORY FAILURE,350006,TRINITY HOSPITALS,407 3RD ST SE,MINOT,ND,58701,ND - Minot,51,22991.47,8011.73,7018.78,48.1,-101.3
189 - PULMONARY EDEMA & RESPIRATORY FAILURE,350019,ALTRU HOSPITAL,1200 S COLUMBIA RD,GRAND FORKS,ND,58201,ND - Grand Forks,52,23485.6,8584.27,7606.69,47.9,-97.2
189 - PULMONARY EDEMA & RESPIRATORY FAILURE,350070,ESSENTIA HEALTH-FARGO,3000 32ND AVE SOUTH,FARGO,ND,58104,ND - Fargo/Moorhead MN,32,31836.81,8187.41,7305.41,46.79,-96.84
190 - CHRONIC OBSTRUCTIVE PULMONARY DISEASE W MCC,350002,CHI ST ALEXIUS HEALTH BISMARCK,900 E BROADWAY,BISMARCK,ND,58501,ND - Bismarck,22,18438.05,7695.23,5788.73,46.8,-100.7
190 - CHRONIC OBSTRUCTIVE PULMONARY DISEASE W MCC,350006,TRINITY HOSPITALS,407 3RD ST SE,MINOT,ND,58701,ND - Minot,54,23640.7,7855.24,6780.11,48.1,-101.3
190 - CHRONIC OBSTRUCTIVE PULMONARY DISEASE W MCC,350019,ALTRU HOSPITAL,1200 S COLUMBIA RD,GRAND FORKS,ND,58201,ND - Grand Forks,69,19919.19,8141.41,6901.84,47.9,-97.2
190 - CHRONIC OBSTRUCTIVE PULMONARY DISEASE W MCC,350070,ESSENTIA HEALTH-FARGO,3000 32ND AVE SOUTH,FARGO,ND,58104,ND - Fargo/Moorhead MN,42,17413.02,7168.14,6316.12,46.79,-96.84
191 - CHRONIC OBSTRUCTIVE PULMONARY DISEASE W CC,350006,TRINITY HOSPITALS,407 3RD ST SE,MINOT,ND,58701,ND - Minot,18,18968.28,6116.33,4928.33,48.1,-101.3
191 - CHRONIC OBSTRUCTIVE PULMONARY DISEASE W CC,350019,ALTRU HOSPITAL,1200 S COLUMBIA RD,GRAND FORKS,ND,58201,ND - Grand Forks,41,17770.41,6512.73,5321.88,47.9,-97.2
191 - CHRONIC OBSTRUCTIVE PULMONARY DISEASE W CC,350070,ESSENTIA HEALTH-FARGO,3000 32ND AVE SOUTH,FARGO,ND,58104,ND - Fargo/Moorhead MN,21,13759.05,5800.29,4825.62,46.79,-96.84
192 - CHRONIC OBSTRUCTIVE PULMONARY DISEASE W/O CC/MCC,350019,ALTRU HOSPITAL,1200 S COLUMBIA RD,GRAND FORKS,ND,58201,ND - Grand Forks,13,10534.69,5144.31,3999.0,47.9,-97.2
192 - CHRONIC OBSTRUCTIVE PULMONARY DISEASE W/O CC/MCC,350070,ESSENTIA HEALTH-FARGO,3000 32ND AVE SOUTH,FARGO,ND,58104,ND - Fargo/Moorhead MN,15,12470.67,4629.47,3604.67,46.79,-96.84
193 - SIMPLE PNEUMONIA & PLEURISY W MCC,350002,CHI ST ALEXIUS HEALTH BISMARCK,900 E BROADWAY,BISMARCK,ND,58501,ND - Bismarck,66,19773.91,9126.42,7540.48,46.8,-100.7
193 - SIMPLE PNEUMONIA & PLEURISY W MCC,350006,TRINITY HOSPITALS,407 3RD ST SE,MINOT,ND,58701,ND - Minot,70,27115.7,10166.84,8387.9,48.1,-101.3
193 - SIMPLE PNEUMONIA & PLEURISY W MCC,350019,ALTRU HOSPITAL,1200 S COLUMBIA RD,GRAND FORKS,ND,58201,ND - Grand Forks,85,23799.04,9961.89,8715.08,47.9,-97.2
193 - SIMPLE PNEUMONIA & PLEURISY W MCC,350070,ESSENTIA HEALTH-FARGO,3000 32ND AVE SOUTH,FARGO,ND,58104,ND - Fargo/Moorhead MN,61,22454.98,8595.56,7712.41,46.79,-96.84
194 - SIMPLE PNEUMONIA & PLEURISY W CC,350002,CHI ST ALEXIUS HEALTH BISMARCK,900 E BROADWAY,BISMARCK,ND,58501,ND - Bismarck,16,10573.81,6206.69,4936.0,46.8,-100.7
194 - SIMPLE PNEUMONIA & PLEURISY W CC,350006,TRINITY HOSPITALS,407 3RD ST SE,MINOT,ND,58701,ND - Minot,42,18507.45,6511.62,5083.93,48.1,-101.3
194 - SIMPLE PNEUMONIA & PLEURISY W CC,350019,ALTRU HOSPITAL,1200 S COLUMBIA RD,GRAND FORKS,ND,58201,ND - Grand Forks,63,15829.17,6865.44,5608.43,47.9,-97.2
194 - SIMPLE PNEUMONIA & PLEURISY W CC,350063,P H S INDIAN HOSP AT BELCOURT-QUENTIN N BURDICK,PO BOX 160,BELCOURT,ND,58316,ND - Grand Forks,16,11516.56,10363.5,9240.0,48.8,-99.8
194 - SIMPLE PNEUMONIA & PLEURISY W CC,350070,ESSENTIA HEALTH-FARGO,3000 32ND AVE SOUTH,FARGO,ND,58104,ND - Fargo/Moorhead MN,43,13144.58,6050.63,4871.86,46.79,-96.84
195 - SIMPLE PNEUMONIA & PLEURISY W/O CC/MCC,350006,TRINITY HOSPITALS,407 3RD ST SE,MINOT,ND,58701,ND - Minot,11,15637.64,4673.55,3470.64,48.1,-101.3
195 - SIMPLE PNEUMONIA & PLEURISY W/O CC/MCC,350070,ESSENTIA HEALTH-FARGO,3000 32ND AVE SOUTH,FARGO,ND,58104,ND - Fargo/Moorhead MN,15,10850.67,4665.33,3351.0,46.79,-96.84
200 - PNEUMOTHORAX W CC,350002,CHI ST ALEXIUS HEALTH BISMARCK,900 E BROADWAY,BISMARCK,ND,58501,ND - Bismarck,12,12073.08,6716.25,5788.67,46.8,-100.7
202 - BRONCHITIS & ASTHMA W CC/MCC,350019,ALTRU HOSPITAL,1200 S COLUMBIA RD,GRAND FORKS,ND,58201,ND - Grand Forks,14,21123.29,6304.36,4995.36,47.9,-97.2
208 - RESPIRATORY SYSTEM DIAGNOSIS W VENTILATOR SUPPORT <=96 HOURS,350002,CHI ST ALEXIUS HEALTH BISMARCK,900 E BROADWAY,BISMARCK,ND,58501,ND - Bismarck,18,36865.56,14374.33,13296.28,46.8,-100.7
208 - RESPIRATORY SYSTEM DIAGNOSIS W VENTILATOR SUPPORT <=96 HOURS,350006,TRINITY HOSPITALS,407 3RD ST SE,MINOT,ND,58701,ND - Minot,19,52537.42,15052.32,13966.0,48.1,-101.3
208 - RESPIRATORY SYSTEM DIAGNOSIS W VENTILATOR SUPPORT <=96 HOURS,350019,ALTRU HOSPITAL,1200 S COLUMBIA RD,GRAND FORKS,ND,58201,ND - Grand Forks,28,61225.64,17539.86,16654.79,47.9,-97.2
208 - RESPIRATORY SYSTEM DIAGNOSIS W VENTILATOR SUPPORT <=96 HOURS,350070,ESSENTIA HEALTH-FARGO,3000 32ND AVE SOUTH,FARGO,ND,58104,ND - Fargo/Moorhead MN,30,44846.23,13893.8,12998.73,46.79,-96.84
219 - CARDIAC VALVE & OTH MAJ CARDIOTHORACIC PROC W/O CARD CATH W MCC,350002,CHI ST ALEXIUS HEALTH BISMARCK,900 E BROADWAY,BISMARCK,ND,58501,ND - Bismarck,16,128952.38,48378.75,47146.69,46.8,-100.7
219 - CARDIAC VALVE & OTH MAJ CARDIOTHORACIC PROC W/O CARD CATH W MCC,350019,ALTRU HOSPITAL,1200 S COLUMBIA RD,GRAND FORKS,ND,58201,ND - Grand Forks,13,224368.0,70771.62,67726.54,47.9,-97.2
220 - CARDIAC VALVE & OTH MAJ CARDIOTHORACIC PROC W/O CARD CATH W CC,350002,CHI ST ALEXIUS HEALTH BISMARCK,900 E BROADWAY,BISMARCK,ND,58501,ND - Bismarck,17,84421.53,33526.76,28019.12,46.8,-100.7
220 - CARDIAC VALVE & OTH MAJ CARDIOTHORACIC PROC W/O CARD CATH W CC,350019,ALTRU HOSPITAL,1200 S COLUMBIA RD,GRAND FORKS,ND,58201,ND - Grand Forks,21,108351.43,35834.1,34492.1,47.9,-97.2
220 - CARDIAC VALVE & OTH MAJ CARDIOTHORACIC PROC W/O CARD CATH W CC,350070,ESSENTIA HEALTH-FARGO,3000 32ND AVE SOUTH,FARGO,ND,58104,ND - Fargo/Moorhead MN,18,130848.94,33541.22,29643.56,46.79,-96.84
233 - CORONARY BYPASS W CARDIAC CATH W MCC,350019,ALTRU HOSPITAL,1200 S COLUMBIA RD,GRAND FORKS,ND,58201,ND - Grand Forks,15,155723.67,52542.2,51115.67,47.9,-97.2
233 - CORONARY BYPASS W CARDIAC CATH W MCC,350070,ESSENTIA HEALTH-FARGO,3000 32ND AVE SOUTH,FARGO,ND,58104,ND - Fargo/Moorhead MN,13,123788.46,42744.85,41459.0,46.79,-96.84
234 - CORONARY BYPASS W CARDIAC CATH W/O MCC,350002,CHI ST ALEXIUS HEALTH BISMARCK,900 E BROADWAY,BISMARCK,ND,58501,ND - Bismarck,13,88178.54,29788.31,28385.38,46.8,-100.7
234 - CORONARY BYPASS W CARDIAC CATH W/O MCC,350006,TRINITY HOSPITALS,407 3RD ST SE,MINOT,ND,58701,ND - Minot,15,99339.07,31939.33,30671.6,48.1,-101.3
234 - CORONARY BYPASS W CARDIAC CATH W/O MCC,350070,ESSENTIA HEALTH-FARGO,3000 32ND AVE SOUTH,FARGO,ND,58104,ND - Fargo/Moorhead MN,13,102381.69,29074.54,27889.92,46.79,-96.84
236 - CORONARY BYPASS W/O CARDIAC CATH W/O MCC,350002,CHI ST ALEXIUS HEALTH BISMARCK,900 E BROADWAY,BISMARCK,ND,58501,ND - Bismarck,14,64734.0,23328.79,22113.79,46.8,-100.7
236 - CORONARY BYPASS W/O CARDIAC CATH W/O MCC,350070,ESSENTIA HEALTH-FARGO,3000 32ND AVE SOUTH,FARGO,ND,58104,ND - Fargo/Moorhead MN,12,85251.75,26149.75,17730.92,46.79,-96.84
242 - PERMANENT CARDIAC PACEMAKER IMPLANT W MCC,350002,CHI ST ALEXIUS HEALTH BISMARCK,900 E BROADWAY,BISMARCK,ND,58501,ND - Bismarck,19,58397.79,23176.26,21933.68,46.8,-100.7
242 - PERMANENT CARDIAC PACEMAKER IMPLANT W MCC,350019,ALTRU HOSPITAL,1200 S COLUMBIA RD,GRAND FORKS,ND,58201,ND - Grand Forks,14,65273.29,26240.0,25172.5,47.9,-97.2
243 - PERMANENT CARDIAC PACEMAKER IMPLANT W CC,350002,CHI ST ALEXIUS HEALTH BISMARCK,900 E BROADWAY,BISMARCK,ND,58501,ND - Bismarck,19,51931.95,16351.05,15375.79,46.8,-100.7
243 - PERMANENT CARDIAC PACEMAKER IMPLANT W CC,350019,ALTRU HOSPITAL,1200 S COLUMBIA RD,GRAND FORKS,ND,58201,ND - Grand Forks,11,60989.82,18389.09,17236.64,47.9,-97.2
243 - PERMANENT CARDIAC PACEMAKER IMPLANT W CC,350070,ESSENTIA HEALTH-FARGO,3000 32ND AVE SOUTH,FARGO,ND,58104,ND - Fargo/Moorhead MN,16,54629.13,16469.31,13857.31,46.79,-96.84
244 - PERMANENT CARDIAC PACEMAKER IMPLANT W/O CC/MCC,350002,CHI ST ALEXIUS HEALTH BISMARCK,900 E BROADWAY,BISMARCK,ND,58501,ND - Bismarck,11,39540.36,14245.82,12905.45,46.8,-100.7
244 - PERMANENT CARDIAC PACEMAKER IMPLANT W/O CC/MCC,350019,ALTRU HOSPITAL,1200 S COLUMBIA RD,GRAND FORKS,ND,58201,ND - Grand Forks,19,51652.0,14754.16,13417.16,47.9,-97.2
244 - PERMANENT CARDIAC PACEMAKER IMPLANT W/O CC/MCC,350070,ESSENTIA HEALTH-FARGO,3000 32ND AVE SOUTH,FARGO,ND,58104,ND - Fargo/Moorhead MN,14,51822.79,13024.21,12020.21,46.79,-96.84
246 - PERC CARDIOVASC PROC W DRUG-ELUTING STENT W MCC OR 4+ VESSELS/STENTS,350002,CHI ST ALEXIUS HEALTH BISMARCK,900 E BROADWAY,BISMARCK,ND,58501,ND - Bismarck,18,61673.11,20913.5,17721.17,46.8,-100.7
246 - PERC CARDIOVASC PROC W DRUG-ELUTING STENT W MCC OR 4+ VESSELS/STENTS,350006,TRINITY HOSPITALS,407 3RD ST SE,MINOT,ND,58701,ND - Minot,33,83458.0,21866.21,19763.33,48.1,-101.3
246 - PERC CARDIOVASC PROC W DRUG-ELUTING STENT W MCC OR 4+ VESSELS/STENTS,350019,ALTRU HOSPITAL,1200 S COLUMBIA RD,GRAND FORKS,ND,58201,ND - Grand Forks,42,77185.36,23599.88,22384.55,47.9,-97.2
246 - PERC CARDIOVASC PROC W DRUG-ELUTING STENT W MCC OR 4+ VESSELS/STENTS,350070,ESSENTIA HEALTH-FARGO,3000 32ND AVE SOUTH,FARGO,ND,58104,ND - Fargo/Moorhead MN,19,71740.11,20219.79,17674.26,46.79,-96.84
247 - PERC CARDIOVASC PROC W DRUG-ELUTING STENT W/O MCC,350002,CHI ST ALEXIUS HEALTH BISMARCK,900 E BROADWAY,BISMARCK,ND,58501,ND - Bismarck,73,42330.1,13307.71,11871.79,46.8,-100.7
247 - PERC CARDIOVASC PROC W DRUG-ELUTING STENT W/O MCC,350006,TRINITY HOSPITALS,407 3RD ST SE,MINOT,ND,58701,ND - Minot,59,66169.12,15137.56,12420.36,48.1,-101.3
247 - PERC CARDIOVASC PROC W DRUG-ELUTING STENT W/O MCC,350019,ALTRU HOSPITAL,1200 S COLUMBIA RD,GRAND FORKS,ND,58201,ND - Grand Forks,75,48188.24,14642.59,12950.72,47.9,-97.2
247 - PERC CARDIOVASC PROC W DRUG-ELUTING STENT W/O MCC,350070,ESSENTIA HEALTH-FARGO,3000 32ND AVE SOUTH,FARGO,ND,58104,ND - Fargo/Moorhead MN,52,48778.08,13909.96,10759.9,46.79,-96.84
249 - PERC CARDIOVASC PROC W NON-DRUG-ELUTING STENT W/O MCC,350070,ESSENTIA HEALTH-FARGO,3000 32ND AVE SOUTH,FARGO,ND,58104,ND - Fargo/Moorhead MN,18,45445.39,11541.28,10259.5,46.79,-96.84
252 - OTHER VASCULAR PROCEDURES W MCC,350006,TRINITY HOSPITALS,407 3RD ST SE,MINOT,ND,58701,ND - Minot,15,86766.2,23009.53,21914.07,48.1,-101.3
252 - OTHER VASCULAR PROCEDURES W MCC,350019,ALTRU HOSPITAL,1200 S COLUMBIA RD,GRAND FORKS,ND,58201,ND - Grand Forks,24,85200.92,26196.71,25133.88,47.9,-97.2
252 - OTHER VASCULAR PROCEDURES W MCC,350070,ESSENTIA HEALTH-FARGO,3000 32ND AVE SOUTH,FARGO,ND,58104,ND - Fargo/Moorhead MN,20,96852.95,25882.35,25018.65,46.79,-96.84
253 - OTHER VASCULAR PROCEDURES W CC,350006,TRINITY HOSPITALS,407 3RD ST SE,MINOT,ND,58701,ND - Minot,21,52493.81,17055.81,16094.48,48.1,-101.3
253 - OTHER VASCULAR PROCEDURES W CC,350019,ALTRU HOSPITAL,1200 S COLUMBIA RD,GRAND FORKS,ND,58201,ND - Grand Forks,24,67956.46,19456.21,18338.25,47.9,-97.2
253 - OTHER VASCULAR PROCEDURES W CC,350070,ESSENTIA HEALTH-FARGO,3000 32ND AVE SOUTH,FARGO,ND,58104,ND - Fargo/Moorhead MN,25,64193.16,20997.48,14642.84,46.79,-96.84
254 - OTHER VASCULAR PROCEDURES W/O CC/MCC,350019,ALTRU HOSPITAL,1200 S COLUMBIA RD,GRAND FORKS,ND,58201,ND - Grand Forks,11,81578.0,14120.64,12776.64,47.9,-97.2
269 - AORTIC AND HEART ASSIST PROCEDURES EXCEPT PULSATION BALLOON W/O MCC,350002,CHI ST ALEXIUS HEALTH BISMARCK,900 E BROADWAY,BISMARCK,ND,58501,ND - Bismarck,17,109211.65,24528.94,23363.35,46.8,-100.7
269 - AORTIC AND HEART ASSIST PROCEDURES EXCEPT PULSATION BALLOON W/O MCC,350006,TRINITY HOSPITALS,407 3RD ST SE,MINOT,ND,58701,ND - Minot,14,73834.5,25371.64,24350.21,48.1,-101.3
269 - AORTIC AND HEART ASSIST PROCEDURES EXCEPT PULSATION BALLOON W/O MCC,350019,ALTRU HOSPITAL,1200 S COLUMBIA RD,GRAND FORKS,ND,58201,ND - Grand Forks,21,108404.86,29055.67,27841.71,47.9,-97.2
269 - AORTIC AND HEART ASSIST PROCEDURES EXCEPT PULSATION BALLOON W/O MCC,350070,ESSENTIA HEALTH-FARGO,3000 32ND AVE SOUTH,FARGO,ND,58104,ND - Fargo/Moorhead MN,19,103384.32,25503.05,22533.37,46.79,-96.84
270 - OTHER MAJOR CARDIOVASCULAR PROCEDURES W MCC,350019,ALTRU HOSPITAL,1200 S COLUMBIA RD,GRAND FORKS,ND,58201,ND - Grand Forks,14,91772.0,34634.86,33282.29,47.9,-97.2
270 - OTHER MAJOR CARDIOVASCULAR PROCEDURES W MCC,350070,ESSENTIA HEALTH-FARGO,3000 32ND AVE SOUTH,FARGO,ND,58104,ND - Fargo/Moorhead MN,12,107958.92,32390.0,31531.33,46.79,-96.84
274 - PERCUTANEOUS INTRACARDIAC PROCEDURES W/O MCC,350070,ESSENTIA HEALTH-FARGO,3000 32ND AVE SOUTH,FARGO,ND,58104,ND - Fargo/Moorhead MN,12,57558.33,14516.83,13445.83,46.79,-96.84
"280 - ACUTE MYOCARDIAL INFARCTION, DISCHARGED ALIVE W MCC",350002,CHI ST ALEXIUS HEALTH BISMARCK,900 E BROADWAY,BISMARCK,ND,58501,ND - Bismarck,45,24214.49,10631.09,9659.8,46.8,-100.7
"280 - ACUTE MYOCARDIAL INFARCTION, DISCHARGED ALIVE W MCC",350006,TRINITY HOSPITALS,407 3RD ST SE,MINOT,ND,58701,ND - Minot,22,31590.59,11239.55,10425.18,48.1,-101.3
"280 - ACUTE MYOCARDIAL INFARCTION, DISCHARGED ALIVE W MCC",350019,ALTRU HOSPITAL,1200 S COLUMBIA RD,GRAND FORKS,ND,58201,ND - Grand Forks,40,30675.63,11866.65,10745.58,47.9,-97.2
"280 - ACUTE MYOCARDIAL INFARCTION, DISCHARGED ALIVE W MCC",350070,ESSENTIA HEALTH-FARGO,3000 32ND AVE SOUTH,FARGO,ND,58104,ND - Fargo/Moorhead MN,33,37831.97,11434.24,9914.24,46.79,-96.84
"281 - ACUTE MYOCARDIAL INFARCTION, DISCHARGED ALIVE W CC",350002,CHI ST ALEXIUS HEALTH BISMARCK,900 E BROADWAY,BISMARCK,ND,58501,ND - Bismarck,32,16140.63,6539.19,5383.5,46.8,-100.7
"281 - ACUTE MYOCARDIAL INFARCTION, DISCHARGED ALIVE W CC",350006,TRINITY HOSPITALS,407 3RD ST SE,MINOT,ND,58701,ND - Minot,24,18243.38,6688.04,5642.21,48.1,-101.3
"281 - ACUTE MYOCARDIAL INFARCTION, DISCHARGED ALIVE W CC",350019,ALTRU HOSPITAL,1200 S COLUMBIA RD,GRAND FORKS,ND,58201,ND - Grand Forks,16,22235.56,7123.19,6235.06,47.9,-97.2
"281 - ACUTE MYOCARDIAL INFARCTION, DISCHARGED ALIVE W CC",350070,ESSENTIA HEALTH-FARGO,3000 32ND AVE SOUTH,FARGO,ND,58104,ND - Fargo/Moorhead MN,19,18847.53,7284.68,4993.53,46.79,-96.84
"282 - ACUTE MYOCARDIAL INFARCTION, DISCHARGED ALIVE W/O CC/MCC",350002,CHI ST ALEXIUS HEALTH BISMARCK,900 E BROADWAY,BISMARCK,ND,58501,ND - Bismarck,24,16312.5,4970.5,3639.54,46.8,-100.7
"282 - ACUTE MYOCARDIAL INFARCTION, DISCHARGED ALIVE W/O CC/MCC",350006,TRINITY HOSPITALS,407 3RD ST SE,MINOT,ND,58701,ND - Minot,12,14670.0,4942.75,3750.08,48.1,-101.3
"282 - ACUTE MYOCARDIAL INFARCTION, DISCHARGED ALIVE W/O CC/MCC",350070,ESSENTIA HEALTH-FARGO,3000 32ND AVE SOUTH,FARGO,ND,58104,ND - Fargo/Moorhead MN,16,18347.31,4768.69,3730.94,46.79,-96.84
"283 - ACUTE MYOCARDIAL INFARCTION, EXPIRED W MCC",350019,ALTRU HOSPITAL,1200 S COLUMBIA RD,GRAND FORKS,ND,58201,ND - Grand Forks,12,34761.33,11656.75,10539.08,47.9,-97.2
"286 - CIRCULATORY DISORDERS EXCEPT AMI, W CARD CATH W MCC",350019,ALTRU HOSPITAL,1200 S COLUMBIA RD,GRAND FORKS,ND,58201,ND - Grand Forks,22,34982.32,15069.5,13689.45,47.9,-97.2
"286 - CIRCULATORY DISORDERS EXCEPT AMI, W CARD CATH W MCC",350070,ESSENTIA HEALTH-FARGO,3000 32ND AVE SOUTH,FARGO,ND,58104,ND - Fargo/Moorhead MN,16,36932.88,13164.63,11483.63,46.79,-96.84
"287 - CIRCULATORY DISORDERS EXCEPT AMI, W CARD CATH W/O MCC",350002,CHI ST ALEXIUS HEALTH BISMARCK,900 E BROADWAY,BISMARCK,ND,58501,ND - Bismarck,31,20212.35,7367.35,6082.68,46.8,-100.7
"287 - CIRCULATORY DISORDERS EXCEPT AMI, W CARD CATH W/O MCC",350019,ALTRU HOSPITAL,1200 S COLUMBIA RD,GRAND FORKS,ND,58201,ND - Grand Forks,31,23691.06,8119.58,6704.42,47.9,-97.2
"287 - CIRCULATORY DISORDERS EXCEPT AMI, W CARD CATH W/O MCC",350070,ESSENTIA HEALTH-FARGO,3000 32ND AVE SOUTH,FARGO,ND,58104,ND - Fargo/Moorhead MN,48,26389.9,7108.54,6122.71,46.79,-96.84
291 - HEART FAILURE & SHOCK W MCC,350002,CHI ST ALEXIUS HEALTH BISMARCK,900 E BROADWAY,BISMARCK,ND,58501,ND - Bismarck,127,18640.91,9246.47,8214.71,46.8,-100.7
291 - HEART FAILURE & SHOCK W MCC,350006,TRINITY HOSPITALS,407 3RD ST SE,MINOT,ND,58701,ND - Minot,58,19891.74,9663.62,8759.97,48.1,-101.3
291 - HEART FAILURE & SHOCK W MCC,350019,ALTRU HOSPITAL,1200 S COLUMBIA RD,GRAND FORKS,ND,58201,ND - Grand Forks,115,24536.28,10351.33,9445.83,47.9,-97.2
291 - HEART FAILURE & SHOCK W MCC,350070,ESSENTIA HEALTH-FARGO,3000 32ND AVE SOUTH,FARGO,ND,58104,ND - Fargo/Moorhead MN,55,32064.07,10080.36,9397.4,46.79,-96.84
292 - HEART FAILURE & SHOCK W CC,350002,CHI ST ALEXIUS HEALTH BISMARCK,900 E BROADWAY,BISMARCK,ND,58501,ND - Bismarck,40,11505.75,6276.95,5155.95,46.8,-100.7
292 - HEART FAILURE & SHOCK W CC,350006,TRINITY HOSPITALS,407 3RD ST SE,MINOT,ND,58701,ND - Minot,32,17012.16,6616.25,5236.09,48.1,-101.3
292 - HEART FAILURE & SHOCK W CC,350019,ALTRU HOSPITAL,1200 S COLUMBIA RD,GRAND FORKS,ND,58201,ND - Grand Forks,71,16626.76,6787.87,5814.38,47.9,-97.2
292 - HEART FAILURE & SHOCK W CC,350070,ESSENTIA HEALTH-FARGO,3000 32ND AVE SOUTH,FARGO,ND,58104,ND - Fargo/Moorhead MN,68,13125.46,5974.26,5316.26,46.79,-96.84
293 - HEART FAILURE & SHOCK W/O CC/MCC,350006,TRINITY HOSPITALS,407 3RD ST SE,MINOT,ND,58701,ND - Minot,16,10704.56,4412.69,3427.69,48.1,-101.3
293 - HEART FAILURE & SHOCK W/O CC/MCC,350019,ALTRU HOSPITAL,1200 S COLUMBIA RD,GRAND FORKS,ND,58201,ND - Grand Forks,26,11213.81,4784.88,3743.77,47.9,-97.2
293 - HEART FAILURE & SHOCK W/O CC/MCC,350070,ESSENTIA HEALTH-FARGO,3000 32ND AVE SOUTH,FARGO,ND,58104,ND - Fargo/Moorhead MN,16,13668.31,4327.56,3447.31,46.79,-96.84
299 - PERIPHERAL VASCULAR DISORDERS W MCC,350019,ALTRU HOSPITAL,1200 S COLUMBIA RD,GRAND FORKS,ND,58201,ND - Grand Forks,13,28549.69,11946.08,10915.46,47.9,-97.2
300 - PERIPHERAL VASCULAR DISORDERS W CC,350019,ALTRU HOSPITAL,1200 S COLUMBIA RD,GRAND FORKS,ND,58201,ND - Grand Forks,17,18963.41,7018.29,6169.65,47.9,-97.2
303 - ATHEROSCLEROSIS W/O MCC,350070,ESSENTIA HEALTH-FARGO,3000 32ND AVE SOUTH,FARGO,ND,58104,ND - Fargo/Moorhead MN,14,8923.29,4105.14,3281.14,46.79,-96.84
305 - HYPERTENSION W/O MCC,350019,ALTRU HOSPITAL,1200 S COLUMBIA RD,GRAND FORKS,ND,58201,ND - Grand Forks,13,12652.38,4726.0,3382.54,47.9,-97.2
308 - CARDIAC ARRHYTHMIA & CONDUCTION DISORDERS W MCC,350006,TRINITY HOSPITALS,407 3RD ST SE,MINOT,ND,58701,ND - Minot,19,24680.37,8415.95,7555.11,48.1,-101.3
308 - CARDIAC ARRHYTHMIA & CONDUCTION DISORDERS W MCC,350019,ALTRU HOSPITAL,1200 S COLUMBIA RD,GRAND FORKS,ND,58201,ND - Grand Forks,45,19878.89,8546.42,7643.27,47.9,-97.2
308 - CARDIAC ARRHYTHMIA & CONDUCTION DISORDERS W MCC,350070,ESSENTIA HEALTH-FARGO,3000 32ND AVE SOUTH,FARGO,ND,58104,ND - Fargo/Moorhead MN,27,17579.11,7645.63,6227.52,46.79,-96.84
309 - CARDIAC ARRHYTHMIA & CONDUCTION DISORDERS W CC,350002,CHI ST ALEXIUS HEALTH BISMARCK,900 E BROADWAY,BISMARCK,ND,58501,ND - Bismarck,24,10021.67,5208.29,3883.71,46.8,-100.7
309 - CARDIAC ARRHYTHMIA & CONDUCTION DISORDERS W CC,350006,TRINITY HOSPITALS,407 3RD ST SE,MINOT,ND,58701,ND - Minot,20,14705.95,5132.6,4144.2,48.1,-101.3
309 - CARDIAC ARRHYTHMIA & CONDUCTION DISORDERS W CC,350019,ALTRU HOSPITAL,1200 S COLUMBIA RD,GRAND FORKS,ND,58201,ND - Grand Forks,43,13972.7,5530.35,4646.23,47.9,-97.2
309 - CARDIAC ARRHYTHMIA & CONDUCTION DISORDERS W CC,350070,ESSENTIA HEALTH-FARGO,3000 32ND AVE SOUTH,FARGO,ND,58104,ND - Fargo/Moorhead MN,58,12159.76,5041.67,3823.34,46.79,-96.84
310 - CARDIAC ARRHYTHMIA & CONDUCTION DISORDERS W/O CC/MCC,350002,CHI ST ALEXIUS HEALTH BISMARCK,900 E BROADWAY,BISMARCK,ND,58501,ND - Bismarck,20,8478.55,3790.45,2466.7,46.8,-100.7
310 - CARDIAC ARRHYTHMIA & CONDUCTION DISORDERS W/O CC/MCC,350006,TRINITY HOSPITALS,407 3RD ST SE,MINOT,ND,58701,ND - Minot,14,9779.93,3679.21,2742.36,48.1,-101.3
310 - CARDIAC ARRHYTHMIA & CONDUCTION DISORDERS W/O CC/MCC,350019,ALTRU HOSPITAL,1200 S COLUMBIA RD,GRAND FORKS,ND,58201,ND - Grand Forks,21,10702.57,4153.33,2684.81,47.9,-97.2
310 - CARDIAC ARRHYTHMIA & CONDUCTION DISORDERS W/O CC/MCC,350070,ESSENTIA HEALTH-FARGO,3000 32ND AVE SOUTH,FARGO,ND,58104,ND - Fargo/Moorhead MN,39,8888.77,3630.97,2485.85,46.79,-96.84
312 - SYNCOPE & COLLAPSE,350002,CHI ST ALEXIUS HEALTH BISMARCK,900 E BROADWAY,BISMARCK,ND,58501,ND - Bismarck,16,14702.75,5032.13,3680.56,46.8,-100.7
312 - SYNCOPE & COLLAPSE,350019,ALTRU HOSPITAL,1200 S COLUMBIA RD,GRAND FORKS,ND,58201,ND - Grand Forks,21,16910.24,7508.1,4348.67,47.9,-97.2
312 - SYNCOPE & COLLAPSE,350070,ESSENTIA HEALTH-FARGO,3000 32ND AVE SOUTH,FARGO,ND,58104,ND - Fargo/Moorhead MN,32,15055.34,4955.22,3544.91,46.79,-96.84
313 - CHEST PAIN,350070,ESSENTIA HEALTH-FARGO,3000 32ND AVE SOUTH,FARGO,ND,58104,ND - Fargo/Moorhead MN,46,10425.22,4222.52,3164.0,46.79,-96.84
314 - OTHER CIRCULATORY SYSTEM DIAGNOSES W MCC,350019,ALTRU HOSPITAL,1200 S COLUMBIA RD,GRAND FORKS,ND,58201,ND - Grand Forks,22,29234.82,15239.59,11921.27,47.9,-97.2
314 - OTHER CIRCULATORY SYSTEM DIAGNOSES W MCC,350070,ESSENTIA HEALTH-FARGO,3000 32ND AVE SOUTH,FARGO,ND,58104,ND - Fargo/Moorhead MN,14,38864.07,12144.36,11324.36,46.79,-96.84
315 - OTHER CIRCULATORY SYSTEM DIAGNOSES W CC,350019,ALTRU HOSPITAL,1200 S COLUMBIA RD,GRAND FORKS,ND,58201,ND - Grand Forks,11,15471.64,6785.18,5873.91,47.9,-97.2
"326 - STOMACH, ESOPHAGEAL & DUODENAL PROC W MCC",350002,CHI ST ALEXIUS HEALTH BISMARCK,900 E BROADWAY,BISMARCK,ND,58501,ND - Bismarck,12,28755.75,28740.5,27861.08,46.8,-100.7
"327 - STOMACH, ESOPHAGEAL & DUODENAL PROC W CC",350019,ALTRU HOSPITAL,1200 S COLUMBIA RD,GRAND FORKS,ND,58201,ND - Grand Forks,13,33573.0,18921.69,15728.31,47.9,-97.2
329 - MAJOR SMALL & LARGE BOWEL PROCEDURES W MCC,350002,CHI ST ALEXIUS HEALTH BISMARCK,900 E BROADWAY,BISMARCK,ND,58501,ND - Bismarck,20,62829.15,32797.4,29350.6,46.8,-100.7
329 - MAJOR SMALL & LARGE BOWEL PROCEDURES W MCC,350006,TRINITY HOSPITALS,407 3RD ST SE,MINOT,ND,58701,ND - Minot,21,82645.67,33572.76,32718.29,48.1,-101.3
329 - MAJOR SMALL & LARGE BOWEL PROCEDURES W MCC,350019,ALTRU HOSPITAL,1200 S COLUMBIA RD,GRAND FORKS,ND,58201,ND - Grand Forks,32,92223.59,39654.38,37724.66,47.9,-97.2
329 - MAJOR SMALL & LARGE BOWEL PROCEDURES W MCC,350070,ESSENTIA HEALTH-FARGO,3000 32ND AVE SOUTH,FARGO,ND,58104,ND - Fargo/Moorhead MN,13,104155.15,40586.38,27721.54,46.79,-96.84
330 - MAJOR SMALL & LARGE BOWEL PROCEDURES W CC,350002,CHI ST ALEXIUS HEALTH BISMARCK,900 E BROADWAY,BISMARCK,ND,58501,ND - Bismarck,26,34948.5,16169.04,15027.92,46.8,-100.7
330 - MAJOR SMALL & LARGE BOWEL PROCEDURES W CC,350006,TRINITY HOSPITALS,407 3RD ST SE,MINOT,ND,58701,ND - Minot,21,47232.19,16617.24,15390.38,48.1,-101.3
330 - MAJOR SMALL & LARGE BOWEL PROCEDURES W CC,350019,ALTRU HOSPITAL,1200 S COLUMBIA RD,GRAND FORKS,ND,58201,ND - Grand Forks,36,41653.31,18157.75,15509.31,47.9,-97.2
330 - MAJOR SMALL & LARGE BOWEL PROCEDURES W CC,350070,ESSENTIA HEALTH-FARGO,3000 32ND AVE SOUTH,FARGO,ND,58104,ND - Fargo/Moorhead MN,19,46501.16,15152.11,14392.42,46.79,-96.84
331 - MAJOR SMALL & LARGE BOWEL PROCEDURES W/O CC/MCC,350019,ALTRU HOSPITAL,1200 S COLUMBIA RD,GRAND FORKS,ND,58201,ND - Grand Forks,19,28186.42,12855.53,9262.37,47.9,-97.2
331 - MAJOR SMALL & LARGE BOWEL PROCEDURES W/O CC/MCC,350070,ESSENTIA HEALTH-FARGO,3000 32ND AVE SOUTH,FARGO,ND,58104,ND - Fargo/Moorhead MN,17,38106.76,9985.41,9082.82,46.79,-96.84
371 - MAJOR GASTROINTESTINAL DISORDERS & PERITONEAL INFECTIONS W MCC,350019,ALTRU HOSPITAL,1200 S COLUMBIA RD,GRAND FORKS,ND,58201,ND - Grand Forks,14,20162.29,12347.86,11544.86,47.9,-97.2
372 - MAJOR GASTROINTESTINAL DISORDERS & PERITONEAL INFECTIONS W CC,350002,CHI ST ALEXIUS HEALTH BISMARCK,900 E BROADWAY,BISMARCK,ND,58501,ND - Bismarck,13,12051.31,7140.0,5903.38,46.8,-100.7
372 - MAJOR GASTROINTESTINAL DISORDERS & PERITONEAL INFECTIONS W CC,350006,TRINITY HOSPITALS,407 3RD ST SE,MINOT,ND,58701,ND - Minot,15,16164.07,7266.6,6600.73,48.1,-101.3
372 - MAJOR GASTROINTESTINAL DISORDERS & PERITONEAL INFECTIONS W CC,350019,ALTRU HOSPITAL,1200 S COLUMBIA RD,GRAND FORKS,ND,58201,ND - Grand Forks,22,18303.55,7752.41,6888.23,47.9,-97.2
372 - MAJOR GASTROINTESTINAL DISORDERS & PERITONEAL INFECTIONS W CC,350070,ESSENTIA HEALTH-FARGO,3000 32ND AVE SOUTH,FARGO,ND,58104,ND - Fargo/Moorhead MN,13,17194.62,6839.69,5950.15,46.79,-96.84
377 - G.I. HEMORRHAGE W MCC,350002,CHI ST ALEXIUS HEALTH BISMARCK,900 E BROADWAY,BISMARCK,ND,58501,ND - Bismarck,21,25868.62,10964.29,9896.95,46.8,-100.7
377 - G.I. HEMORRHAGE W MCC,350006,TRINITY HOSPITALS,407 3RD ST SE,MINOT,ND,58701,ND - Minot,25,28014.52,11897.96,11242.44,48.1,-101.3
377 - G.I. HEMORRHAGE W MCC,350019,ALTRU HOSPITAL,1200 S COLUMBIA RD,GRAND FORKS,ND,58201,ND - Grand Forks,35,24242.91,12192.66,10970.94,47.9,-97.2
377 - G.I. HEMORRHAGE W MCC,350070,ESSENTIA HEALTH-FARGO,3000 32ND AVE SOUTH,FARGO,ND,58104,ND - Fargo/Moorhead MN,19,24055.11,11571.63,9214.21,46.79,-96.84
378 - G.I. HEMORRHAGE W CC,350002,CHI ST ALEXIUS HEALTH BISMARCK,900 E BROADWAY,BISMARCK,ND,58501,ND - Bismarck,61,11927.23,6412.85,5171.72,46.8,-100.7
378 - G.I. HEMORRHAGE W CC,350006,TRINITY HOSPITALS,407 3RD ST SE,MINOT,ND,58701,ND - Minot,53,18332.57,6502.94,5408.98,48.1,-101.3
378 - G.I. HEMORRHAGE W CC,350019,ALTRU HOSPITAL,1200 S COLUMBIA RD,GRAND FORKS,ND,58201,ND - Grand Forks,83,13998.76,6947.36,5878.61,47.9,-97.2
378 - G.I. HEMORRHAGE W CC,350070,ESSENTIA HEALTH-FARGO,3000 32ND AVE SOUTH,FARGO,ND,58104,ND - Fargo/Moorhead MN,45,15628.33,6214.0,5138.27,46.79,-96.84
388 - G.I. OBSTRUCTION W MCC,350002,CHI ST ALEXIUS HEALTH BISMARCK,900 E BROADWAY,BISMARCK,ND,58501,ND - Bismarck,13,18177.77,10016.54,8785.46,46.8,-100.7
388 - G.I. OBSTRUCTION W MCC,350019,ALTRU HOSPITAL,1200 S COLUMBIA RD,GRAND FORKS,ND,58201,ND - Grand Forks,15,37210.07,14082.73,13074.2,47.9,-97.2
389 - G.I. OBSTRUCTION W CC,350002,CHI ST ALEXIUS HEALTH BISMARCK,900 E BROADWAY,BISMARCK,ND,58501,ND - Bismarck,29,11753.59,5690.86,4632.83,46.8,-100.7
389 - G.I. OBSTRUCTION W CC,350006,TRINITY HOSPITALS,407 3RD ST SE,MINOT,ND,58701,ND - Minot,11,19704.27,5699.18,5187.55,48.1,-101.3
389 - G.I. OBSTRUCTION W CC,350019,ALTRU HOSPITAL,1200 S COLUMBIA RD,GRAND FORKS,ND,58201,ND - Grand Forks,45,16600.07,6099.36,4922.27,47.9,-97.2
389 - G.I. OBSTRUCTION W CC,350070,ESSENTIA HEALTH-FARGO,3000 32ND AVE SOUTH,FARGO,ND,58104,ND - Fargo/Moorhead MN,21,13311.14,5893.48,4389.0,46.79,-96.84
390 - G.I. OBSTRUCTION W/O CC/MCC,350002,CHI ST ALEXIUS HEALTH BISMARCK,900 E BROADWAY,BISMARCK,ND,58501,ND - Bismarck,22,7612.0,4325.68,2724.82,46.8,-100.7
390 - G.I. OBSTRUCTION W/O CC/MCC,350006,TRINITY HOSPITALS,407 3RD ST SE,MINOT,ND,58701,ND - Minot,11,16030.64,3995.73,3255.0,48.1,-101.3
390 - G.I. OBSTRUCTION W/O CC/MCC,350019,ALTRU HOSPITAL,1200 S COLUMBIA RD,GRAND FORKS,ND,58201,ND - Grand Forks,16,8218.06,4364.44,3262.81,47.9,-97.2
390 - G.I. OBSTRUCTION W/O CC/MCC,350070,ESSENTIA HEALTH-FARGO,3000 32ND AVE SOUTH,FARGO,ND,58104,ND - Fargo/Moorhead MN,12,10007.0,3825.33,2651.67,46.79,-96.84
"391 - ESOPHAGITIS, GASTROENT & MISC DIGEST DISORDERS W MCC",350019,ALTRU HOSPITAL,1200 S COLUMBIA RD,GRAND FORKS,ND,58201,ND - Grand Forks,22,22780.86,8444.55,7484.64,47.9,-97.2
"391 - ESOPHAGITIS, GASTROENT & MISC DIGEST DISORDERS W MCC",350070,ESSENTIA HEALTH-FARGO,3000 32ND AVE SOUTH,FARGO,ND,58104,ND - Fargo/Moorhead MN,11,33893.36,8657.55,8074.64,46.79,-96.84
"392 - ESOPHAGITIS, GASTROENT & MISC DIGEST DISORDERS W/O MCC",350002,CHI ST ALEXIUS HEALTH BISMARCK,900 E BROADWAY,BISMARCK,ND,58501,ND - Bismarck,25,10798.56,4964.84,3417.44,46.8,-100.7
"392 - ESOPHAGITIS, GASTROENT & MISC DIGEST DISORDERS W/O MCC",350006,TRINITY HOSPITALS,407 3RD ST SE,MINOT,ND,58701,ND - Minot,32,14624.56,4938.41,3709.47,48.1,-101.3
"392 - ESOPHAGITIS, GASTROENT & MISC DIGEST DISORDERS W/O MCC",350019,ALTRU HOSPITAL,1200 S COLUMBIA RD,GRAND FORKS,ND,58201,ND - Grand Forks,49,15960.82,5230.53,4139.24,47.9,-97.2
"392 - ESOPHAGITIS, GASTROENT & MISC DIGEST DISORDERS W/O MCC",350070,ESSENTIA HEALTH-FARGO,3000 32ND AVE SOUTH,FARGO,ND,58104,ND - Fargo/Moorhead MN,46,14837.0,4741.02,3630.35,46.79,-96.84
393 - OTHER DIGESTIVE SYSTEM DIAGNOSES W MCC,350019,ALTRU HOSPITAL,1200 S COLUMBIA RD,GRAND FORKS,ND,58201,ND - Grand Forks,17,43239.82,11858.41,10504.94,47.9,-97.2
394 - OTHER DIGESTIVE SYSTEM DIAGNOSES W CC,350002,CHI ST ALEXIUS HEALTH BISMARCK,900 E BROADWAY,BISMARCK,ND,58501,ND - Bismarck,17,13751.94,6413.24,4745.59,46.8,-100.7
394 - OTHER DIGESTIVE SYSTEM DIAGNOSES W CC,350019,ALTRU HOSPITAL,1200 S COLUMBIA RD,GRAND FORKS,ND,58201,ND - Grand Forks,16,20486.38,6645.88,5566.13,47.9,-97.2
394 - OTHER DIGESTIVE SYSTEM DIAGNOSES W CC,350070,ESSENTIA HEALTH-FARGO,3000 32ND AVE SOUTH,FARGO,ND,58104,ND - Fargo/Moorhead MN,12,15952.5,5904.83,5048.5,46.79,-96.84
417 - LAPAROSCOPIC CHOLECYSTECTOMY W/O C.D.E. W MCC,350019,ALTRU HOSPITAL,1200 S COLUMBIA RD,GRAND FORKS,ND,58201,ND - Grand Forks,15,41150.07,17168.27,15967.53,47.9,-97.2
418 - LAPAROSCOPIC CHOLECYSTECTOMY W/O C.D.E. W CC,350019,ALTRU HOSPITAL,1200 S COLUMBIA RD,GRAND FORKS,ND,58201,ND - Grand Forks,13,22215.85,11493.46,10409.54,47.9,-97.2
439 - DISORDERS OF PANCREAS EXCEPT MALIGNANCY W CC,350019,ALTRU HOSPITAL,1200 S COLUMBIA RD,GRAND FORKS,ND,58201,ND - Grand Forks,13,14064.77,6144.15,5167.38,47.9,-97.2
440 - DISORDERS OF PANCREAS EXCEPT MALIGNANCY W/O CC/MCC,350019,ALTRU HOSPITAL,1200 S COLUMBIA RD,GRAND FORKS,ND,58201,ND - Grand Forks,11,15362.45,4588.82,3447.18,47.9,-97.2
460 - SPINAL FUSION EXCEPT CERVICAL W/O MCC,350002,CHI ST ALEXIUS HEALTH BISMARCK,900 E BROADWAY,BISMARCK,ND,58501,ND - Bismarck,91,70289.42,25122.87,22124.44,46.8,-100.7
460 - SPINAL FUSION EXCEPT CERVICAL W/O MCC,350070,ESSENTIA HEALTH-FARGO,3000 32ND AVE SOUTH,FARGO,ND,58104,ND - Fargo/Moorhead MN,59,69465.25,24319.76,22301.2,46.79,-96.84
469 - MAJOR JOINT REPLACEMENT OR REATTACHMENT OF LOWER EXTREMITY W MCC,350002,CHI ST ALEXIUS HEALTH BISMARCK,900 E BROADWAY,BISMARCK,ND,58501,ND - Bismarck,38,44827.95,18898.74,17653.16,46.8,-100.7
469 - MAJOR JOINT REPLACEMENT OR REATTACHMENT OF LOWER EXTREMITY W MCC,350006,TRINITY HOSPITALS,407 3RD ST SE,MINOT,ND,58701,ND - Minot,18,46541.56,21349.06,20282.17,48.1,-101.3
469 - MAJOR JOINT REPLACEMENT OR REATTACHMENT OF LOWER EXTREMITY W MCC,350019,ALTRU HOSPITAL,1200 S COLUMBIA RD,GRAND FORKS,ND,58201,ND - Grand Forks,28,55629.71,22844.29,21518.79,47.9,-97.2
470 - MAJOR JOINT REPLACEMENT OR REATTACHMENT OF LOWER EXTREMITY W/O MCC,350002,CHI ST ALEXIUS HEALTH BISMARCK,900 E BROADWAY,BISMARCK,ND,58501,ND - Bismarck,451,38295.79,13043.22,11223.32,46.8,-100.7
470 - MAJOR JOINT REPLACEMENT OR REATTACHMENT OF LOWER EXTREMITY W/O MCC,350006,TRINITY HOSPITALS,407 3RD ST SE,MINOT,ND,58701,ND - Minot,227,32727.7,14030.52,11817.65,48.1,-101.3
470 - MAJOR JOINT REPLACEMENT OR REATTACHMENT OF LOWER EXTREMITY W/O MCC,350019,ALTRU HOSPITAL,1200 S COLUMBIA RD,GRAND FORKS,ND,58201,ND - Grand Forks,340,37704.35,14740.45,12719.71,47.9,-97.2
470 - MAJOR JOINT REPLACEMENT OR REATTACHMENT OF LOWER EXTREMITY W/O MCC,350070,ESSENTIA HEALTH-FARGO,3000 32ND AVE SOUTH,FARGO,ND,58104,ND - Fargo/Moorhead MN,211,37362.18,13171.08,10756.7,46.79,-96.84
472 - CERVICAL SPINAL FUSION W CC,350070,ESSENTIA HEALTH-FARGO,3000 32ND AVE SOUTH,FARGO,ND,58104,ND - Fargo/Moorhead MN,12,44035.33,19320.08,14925.67,46.79,-96.84
473 - CERVICAL SPINAL FUSION W/O CC/MCC,350002,CHI ST ALEXIUS HEALTH BISMARCK,900 E BROADWAY,BISMARCK,ND,58501,ND - Bismarck,26,37169.15,14599.73,11921.38,46.8,-100.7
473 - CERVICAL SPINAL FUSION W/O CC/MCC,350070,ESSENTIA HEALTH-FARGO,3000 32ND AVE SOUTH,FARGO,ND,58104,ND - Fargo/Moorhead MN,13,38679.85,14098.38,13015.0,46.79,-96.84
480 - HIP & FEMUR PROCEDURES EXCEPT MAJOR JOINT W MCC,350002,CHI ST ALEXIUS HEALTH BISMARCK,900 E BROADWAY,BISMARCK,ND,58501,ND - Bismarck,32,43799.66,17505.22,16315.06,46.8,-100.7
480 - HIP & FEMUR PROCEDURES EXCEPT MAJOR JOINT W MCC,350006,TRINITY HOSPITALS,407 3RD ST SE,MINOT,ND,58701,ND - Minot,19,40513.05,19419.05,18419.47,48.1,-101.3
480 - HIP & FEMUR PROCEDURES EXCEPT MAJOR JOINT W MCC,350019,ALTRU HOSPITAL,1200 S COLUMBIA RD,GRAND FORKS,ND,58201,ND - Grand Forks,25,66415.6,21498.6,20328.44,47.9,-97.2
480 - HIP & FEMUR PROCEDURES EXCEPT MAJOR JOINT W MCC,350070,ESSENTIA HEALTH-FARGO,3000 32ND AVE SOUTH,FARGO,ND,58104,ND - Fargo/Moorhead MN,11,49243.18,17611.64,16687.55,46.79,-96.84
481 - HIP & FEMUR PROCEDURES EXCEPT MAJOR JOINT W CC,350002,CHI ST ALEXIUS HEALTH BISMARCK,900 E BROADWAY,BISMARCK,ND,58501,ND - Bismarck,34,37228.71,12342.18,11086.06,46.8,-100.7
481 - HIP & FEMUR PROCEDURES EXCEPT MAJOR JOINT W CC,350006,TRINITY HOSPITALS,407 3RD ST SE,MINOT,ND,58701,ND - Minot,55,33790.33,12878.24,11713.07,48.1,-101.3
481 - HIP & FEMUR PROCEDURES EXCEPT MAJOR JOINT W CC,350019,ALTRU HOSPITAL,1200 S COLUMBIA RD,GRAND FORKS,ND,58201,ND - Grand Forks,74,36365.32,13742.16,12502.69,47.9,-97.2
481 - HIP & FEMUR PROCEDURES EXCEPT MAJOR JOINT W CC,350070,ESSENTIA HEALTH-FARGO,3000 32ND AVE SOUTH,FARGO,ND,58104,ND - Fargo/Moorhead MN,29,38507.21,11792.62,10731.52,46.79,-96.84
482 - HIP & FEMUR PROCEDURES EXCEPT MAJOR JOINT W/O CC/MCC,350006,TRINITY HOSPITALS,407 3RD ST SE,MINOT,ND,58701,ND - Minot,12,27486.08,10581.25,9357.92,48.1,-101.3
482 - HIP & FEMUR PROCEDURES EXCEPT MAJOR JOINT W/O CC/MCC,350019,ALTRU HOSPITAL,1200 S COLUMBIA RD,GRAND FORKS,ND,58201,ND - Grand Forks,14,27767.57,11262.71,10231.21,47.9,-97.2
483 - MAJOR JOINT/LIMB REATTACHMENT PROCEDURE OF UPPER EXTREMITIES,350002,CHI ST ALEXIUS HEALTH BISMARCK,900 E BROADWAY,BISMARCK,ND,58501,ND - Bismarck,113,53643.33,15222.09,13141.69,46.8,-100.7
483 - MAJOR JOINT/LIMB REATTACHMENT PROCEDURE OF UPPER EXTREMITIES,350006,TRINITY HOSPITALS,407 3RD ST SE,MINOT,ND,58701,ND - Minot,20,42637.1,15706.2,14461.8,48.1,-101.3
483 - MAJOR JOINT/LIMB REATTACHMENT PROCEDURE OF UPPER EXTREMITIES,350019,ALTRU HOSPITAL,1200 S COLUMBIA RD,GRAND FORKS,ND,58201,ND - Grand Forks,53,46434.38,17110.43,14167.64,47.9,-97.2
483 - MAJOR JOINT/LIMB REATTACHMENT PROCEDURE OF UPPER EXTREMITIES,350070,ESSENTIA HEALTH-FARGO,3000 32ND AVE SOUTH,FARGO,ND,58104,ND - Fargo/Moorhead MN,31,47562.84,15085.06,12367.23,46.79,-96.84
"493 - LOWER EXTREM & HUMER PROC EXCEPT HIP,FOOT,FEMUR W CC",350002,CHI ST ALEXIUS HEALTH BISMARCK,900 E BROADWAY,BISMARCK,ND,58501,ND - Bismarck,16,40444.13,14004.5,11418.56,46.8,-100.7
"493 - LOWER EXTREM & HUMER PROC EXCEPT HIP,FOOT,FEMUR W CC",350006,TRINITY HOSPITALS,407 3RD ST SE,MINOT,ND,58701,ND - Minot,11,43621.0,13494.45,12196.64,48.1,-101.3
"493 - LOWER EXTREM & HUMER PROC EXCEPT HIP,FOOT,FEMUR W CC",350019,ALTRU HOSPITAL,1200 S COLUMBIA RD,GRAND FORKS,ND,58201,ND - Grand Forks,11,40131.55,14562.64,13375.18,47.9,-97.2
"494 - LOWER EXTREM & HUMER PROC EXCEPT HIP,FOOT,FEMUR W/O CC/MCC",350019,ALTRU HOSPITAL,1200 S COLUMBIA RD,GRAND FORKS,ND,58201,ND - Grand Forks,13,33641.0,10936.92,9675.85,47.9,-97.2
516 - OTHER MUSCULOSKELET SYS & CONN TISS O.R. PROC W CC,350019,ALTRU HOSPITAL,1200 S COLUMBIA RD,GRAND FORKS,ND,58201,ND - Grand Forks,11,41993.91,14963.09,11882.55,47.9,-97.2
551 - MEDICAL BACK PROBLEMS W MCC,350019,ALTRU HOSPITAL,1200 S COLUMBIA RD,GRAND FORKS,ND,58201,ND - Grand Forks,11,26332.55,10669.73,9005.73,47.9,-97.2
552 - MEDICAL BACK PROBLEMS W/O MCC,350006,TRINITY HOSPITALS,407 3RD ST SE,MINOT,ND,58701,ND - Minot,17,17621.24,6048.94,4161.41,48.1,-101.3
552 - MEDICAL BACK PROBLEMS W/O MCC,350019,ALTRU HOSPITAL,1200 S COLUMBIA RD,GRAND FORKS,ND,58201,ND - Grand Forks,28,18956.39,6209.93,4824.89,47.9,-97.2
552 - MEDICAL BACK PROBLEMS W/O MCC,350070,ESSENTIA HEALTH-FARGO,3000 32ND AVE SOUTH,FARGO,ND,58104,ND - Fargo/Moorhead MN,17,14842.12,5295.47,4168.88,46.79,-96.84
"563 - FX, SPRN, STRN & DISL EXCEPT FEMUR, HIP, PELVIS & THIGH W/O MCC",350070,ESSENTIA HEALTH-FARGO,3000 32ND AVE SOUTH,FARGO,ND,58104,ND - Fargo/Moorhead MN,11,13940.09,4953.82,3902.55,46.79,-96.84
602 - CELLULITIS W MCC,350019,ALTRU HOSPITAL,1200 S COLUMBIA RD,GRAND FORKS,ND,58201,ND - Grand Forks,14,29999.86,10044.71,8955.71,47.9,-97.2
603 - CELLULITIS W/O MCC,350002,CHI ST ALEXIUS HEALTH BISMARCK,900 E BROADWAY,BISMARCK,ND,58501,ND - Bismarck,22,16685.27,6412.05,4283.64,46.8,-100.7
603 - CELLULITIS W/O MCC,350006,TRINITY HOSPITALS,407 3RD ST SE,MINOT,ND,58701,ND - Minot,25,14929.12,5517.72,4555.48,48.1,-101.3
603 - CELLULITIS W/O MCC,350019,ALTRU HOSPITAL,1200 S COLUMBIA RD,GRAND FORKS,ND,58201,ND - Grand Forks,59,15860.97,5914.78,4755.88,47.9,-97.2
603 - CELLULITIS W/O MCC,350070,ESSENTIA HEALTH-FARGO,3000 32ND AVE SOUTH,FARGO,ND,58104,ND - Fargo/Moorhead MN,19,12350.74,5283.0,4096.95,46.79,-96.84
638 - DIABETES W CC,350006,TRINITY HOSPITALS,407 3RD ST SE,MINOT,ND,58701,ND - Minot,13,11263.23,5715.38,4105.23,48.1,-101.3
638 - DIABETES W CC,350019,ALTRU HOSPITAL,1200 S COLUMBIA RD,GRAND FORKS,ND,58201,ND - Grand Forks,20,15003.95,5690.1,4606.5,47.9,-97.2
"640 - MISC DISORDERS OF NUTRITION,METABOLISM,FLUIDS/ELECTROLYTES W MCC",350002,CHI ST ALEXIUS HEALTH BISMARCK,900 E BROADWAY,BISMARCK,ND,58501,ND - Bismarck,16,16097.63,9141.5,5998.88,46.8,-100.7
"640 - MISC DISORDERS OF NUTRITION,METABOLISM,FLUIDS/ELECTROLYTES W MCC",350006,TRINITY HOSPITALS,407 3RD ST SE,MINOT,ND,58701,ND - Minot,16,20416.44,7413.0,6406.0,48.1,-101.3
"640 - MISC DISORDERS OF NUTRITION,METABOLISM,FLUIDS/ELECTROLYTES W MCC",350019,ALTRU HOSPITAL,1200 S COLUMBIA RD,GRAND FORKS,ND,58201,ND - Grand Forks,41,24301.88,8242.85,7210.1,47.9,-97.2
"640 - MISC DISORDERS OF NUTRITION,METABOLISM,FLUIDS/ELECTROLYTES W MCC",350070,ESSENTIA HEALTH-FARGO,3000 32ND AVE SOUTH,FARGO,ND,58104,ND - Fargo/Moorhead MN,27,19177.56,7772.85,6082.81,46.79,-96.84
"641 - MISC DISORDERS OF NUTRITION,METABOLISM,FLUIDS/ELECTROLYTES W/O MCC",350002,CHI ST ALEXIUS HEALTH BISMARCK,900 E BROADWAY,BISMARCK,ND,58501,ND - Bismarck,19,7919.84,4791.0,3464.21,46.8,-100.7
"641 - MISC DISORDERS OF NUTRITION,METABOLISM,FLUIDS/ELECTROLYTES W/O MCC",350006,TRINITY HOSPITALS,407 3RD ST SE,MINOT,ND,58701,ND - Minot,23,13721.3,4741.35,3822.83,48.1,-101.3
"641 - MISC DISORDERS OF NUTRITION,METABOLISM,FLUIDS/ELECTROLYTES W/O MCC",350019,ALTRU HOSPITAL,1200 S COLUMBIA RD,GRAND FORKS,ND,58201,ND - Grand Forks,29,12425.83,5107.0,4089.83,47.9,-97.2
"641 - MISC DISORDERS OF NUTRITION,METABOLISM,FLUIDS/ELECTROLYTES W/O MCC",350070,ESSENTIA HEALTH-FARGO,3000 32ND AVE SOUTH,FARGO,ND,58104,ND - Fargo/Moorhead MN,38,12053.58,4570.03,3627.61,46.79,-96.84
644 - ENDOCRINE DISORDERS W CC,350019,ALTRU HOSPITAL,1200 S COLUMBIA RD,GRAND FORKS,ND,58201,ND - Grand Forks,13,17874.23,7066.38,5972.23,47.9,-97.2
682 - RENAL FAILURE W MCC,350002,CHI ST ALEXIUS HEALTH BISMARCK,900 E BROADWAY,BISMARCK,ND,58501,ND - Bismarck,46,18031.76,9327.57,8219.07,46.8,-100.7
682 - RENAL FAILURE W MCC,350006,TRINITY HOSPITALS,407 3RD ST SE,MINOT,ND,58701,ND - Minot,37,24527.86,9873.78,8808.51,48.1,-101.3
682 - RENAL FAILURE W MCC,350019,ALTRU HOSPITAL,1200 S COLUMBIA RD,GRAND FORKS,ND,58201,ND - Grand Forks,42,38283.02,12402.79,11374.45,47.9,-97.2
682 - RENAL FAILURE W MCC,350070,ESSENTIA HEALTH-FARGO,3000 32ND AVE SOUTH,FARGO,ND,58104,ND - Fargo/Moorhead MN,54,24648.96,9072.57,8081.09,46.79,-96.84
683 - RENAL FAILURE W CC,350002,CHI ST ALEXIUS HEALTH BISMARCK,900 E BROADWAY,BISMARCK,ND,58501,ND - Bismarck,52,12914.75,5967.44,5072.62,46.8,-100.7
683 - RENAL FAILURE W CC,350006,TRINITY HOSPITALS,407 3RD ST SE,MINOT,ND,58701,ND - Minot,30,16445.13,6147.3,5151.63,48.1,-101.3
683 - RENAL FAILURE W CC,350019,ALTRU HOSPITAL,1200 S COLUMBIA RD,GRAND FORKS,ND,58201,ND - Grand Forks,70,15433.59,6570.57,5551.07,47.9,-97.2
683 - RENAL FAILURE W CC,350070,ESSENTIA HEALTH-FARGO,3000 32ND AVE SOUTH,FARGO,ND,58104,ND - Fargo/Moorhead MN,73,13307.84,6058.74,4732.1,46.79,-96.84
684 - RENAL FAILURE W/O CC/MCC,350019,ALTRU HOSPITAL,1200 S COLUMBIA RD,GRAND FORKS,ND,58201,ND - Grand Forks,13,10441.46,4486.38,3435.31,47.9,-97.2
689 - KIDNEY & URINARY TRACT INFECTIONS W MCC,350002,CHI ST ALEXIUS HEALTH BISMARCK,900 E BROADWAY,BISMARCK,ND,58501,ND - Bismarck,20,12406.55,6810.3,5627.2,46.8,-100.7
689 - KIDNEY & URINARY TRACT INFECTIONS W MCC,350006,TRINITY HOSPITALS,407 3RD ST SE,MINOT,ND,58701,ND - Minot,21,21594.24,7102.52,5821.95,48.1,-101.3
689 - KIDNEY & URINARY TRACT INFECTIONS W MCC,350019,ALTRU HOSPITAL,1200 S COLUMBIA RD,GRAND FORKS,ND,58201,ND - Grand Forks,24,21874.29,7609.58,6568.67,47.9,-97.2
689 - KIDNEY & URINARY TRACT INFECTIONS W MCC,350070,ESSENTIA HEALTH-FARGO,3000 32ND AVE SOUTH,FARGO,ND,58104,ND - Fargo/Moorhead MN,16,14603.88,6680.31,5642.56,46.79,-96.84
690 - KIDNEY & URINARY TRACT INFECTIONS W/O MCC,350002,CHI ST ALEXIUS HEALTH BISMARCK,900 E BROADWAY,BISMARCK,ND,58501,ND - Bismarck,20,11363.85,5156.25,4047.05,46.8,-100.7
690 - KIDNEY & URINARY TRACT INFECTIONS W/O MCC,350006,TRINITY HOSPITALS,407 3RD ST SE,MINOT,ND,58701,ND - Minot,40,14145.55,5149.6,4011.7,48.1,-101.3
690 - KIDNEY & URINARY TRACT INFECTIONS W/O MCC,350019,ALTRU HOSPITAL,1200 S COLUMBIA RD,GRAND FORKS,ND,58201,ND - Grand Forks,46,14714.43,5578.04,4284.22,47.9,-97.2
690 - KIDNEY & URINARY TRACT INFECTIONS W/O MCC,350070,ESSENTIA HEALTH-FARGO,3000 32ND AVE SOUTH,FARGO,ND,58104,ND - Fargo/Moorhead MN,30,13597.17,4857.77,3917.9,46.79,-96.84
698 - OTHER KIDNEY & URINARY TRACT DIAGNOSES W MCC,350002,CHI ST ALEXIUS HEALTH BISMARCK,900 E BROADWAY,BISMARCK,ND,58501,ND - Bismarck,30,21057.37,9868.33,9044.6,46.8,-100.7
698 - OTHER KIDNEY & URINARY TRACT DIAGNOSES W MCC,350019,ALTRU HOSPITAL,1200 S COLUMBIA RD,GRAND FORKS,ND,58201,ND - Grand Forks,38,30205.32,11399.0,9347.05,47.9,-97.2
699 - OTHER KIDNEY & URINARY TRACT DIAGNOSES W CC,350019,ALTRU HOSPITAL,1200 S COLUMBIA RD,GRAND FORKS,ND,58201,ND - Grand Forks,13,19772.23,7143.77,5949.46,47.9,-97.2
809 - MAJOR HEMATOL/IMMUN DIAG EXC SICKLE CELL CRISIS & COAGUL W CC,350019,ALTRU HOSPITAL,1200 S COLUMBIA RD,GRAND FORKS,ND,58201,ND - Grand Forks,15,24497.73,8619.0,7458.0,47.9,-97.2
811 - RED BLOOD CELL DISORDERS W MCC,350019,ALTRU HOSPITAL,1200 S COLUMBIA RD,GRAND FORKS,ND,58201,ND - Grand Forks,12,27086.08,9099.75,7870.08,47.9,-97.2
812 - RED BLOOD CELL DISORDERS W/O MCC,350019,ALTRU HOSPITAL,1200 S COLUMBIA RD,GRAND FORKS,ND,58201,ND - Grand Forks,25,16815.2,5979.64,5230.36,47.9,-97.2
812 - RED BLOOD CELL DISORDERS W/O MCC,350070,ESSENTIA HEALTH-FARGO,3000 32ND AVE SOUTH,FARGO,ND,58104,ND - Fargo/Moorhead MN,24,16528.25,5358.13,4452.79,46.79,-96.84
846 - CHEMOTHERAPY W/O ACUTE LEUKEMIA AS SECONDARY DIAGNOSIS W MCC,350019,ALTRU HOSPITAL,1200 S COLUMBIA RD,GRAND FORKS,ND,58201,ND - Grand Forks,14,38486.57,17114.86,14890.86,47.9,-97.2
847 - CHEMOTHERAPY W/O ACUTE LEUKEMIA AS SECONDARY DIAGNOSIS W CC,350019,ALTRU HOSPITAL,1200 S COLUMBIA RD,GRAND FORKS,ND,58201,ND - Grand Forks,19,21744.11,8539.0,7136.53,47.9,-97.2
853 - INFECTIOUS & PARASITIC DISEASES W O.R. PROCEDURE W MCC,350002,CHI ST ALEXIUS HEALTH BISMARCK,900 E BROADWAY,BISMARCK,ND,58501,ND - Bismarck,45,57883.0,29787.13,28499.98,46.8,-100.7
853 - INFECTIOUS & PARASITIC DISEASES W O.R. PROCEDURE W MCC,350006,TRINITY HOSPITALS,407 3RD ST SE,MINOT,ND,58701,ND - Minot,34,86873.82,34968.24,31326.32,48.1,-101.3
853 - INFECTIOUS & PARASITIC DISEASES W O.R. PROCEDURE W MCC,350019,ALTRU HOSPITAL,1200 S COLUMBIA RD,GRAND FORKS,ND,58201,ND - Grand Forks,77,88908.71,37701.62,36618.96,47.9,-97.2
853 - INFECTIOUS & PARASITIC DISEASES W O.R. PROCEDURE W MCC,350070,ESSENTIA HEALTH-FARGO,3000 32ND AVE SOUTH,FARGO,ND,58104,ND - Fargo/Moorhead MN,34,91072.0,33475.26,32207.0,46.79,-96.84
854 - INFECTIOUS & PARASITIC DISEASES W O.R. PROCEDURE W CC,350002,CHI ST ALEXIUS HEALTH BISMARCK,900 E BROADWAY,BISMARCK,ND,58501,ND - Bismarck,18,31134.17,14251.44,12834.5,46.8,-100.7
854 - INFECTIOUS & PARASITIC DISEASES W O.R. PROCEDURE W CC,350019,ALTRU HOSPITAL,1200 S COLUMBIA RD,GRAND FORKS,ND,58201,ND - Grand Forks,19,42078.0,16555.42,15446.47,47.9,-97.2
863 - POSTOPERATIVE & POST-TRAUMATIC INFECTIONS W/O MCC,350019,ALTRU HOSPITAL,1200 S COLUMBIA RD,GRAND FORKS,ND,58201,ND - Grand Forks,13,19389.77,7055.23,6441.38,47.9,-97.2
871 - SEPTICEMIA OR SEVERE SEPSIS W/O MV >96 HOURS W MCC,350002,CHI ST ALEXIUS HEALTH BISMARCK,900 E BROADWAY,BISMARCK,ND,58501,ND - Bismarck,251,27957.93,11822.94,10456.84,46.8,-100.7
871 - SEPTICEMIA OR SEVERE SEPSIS W/O MV >96 HOURS W MCC,350006,TRINITY HOSPITALS,407 3RD ST SE,MINOT,ND,58701,ND - Minot,156,33469.46,12018.79,10767.53,48.1,-101.3
871 - SEPTICEMIA OR SEVERE SEPSIS W/O MV >96 HOURS W MCC,350019,ALTRU HOSPITAL,1200 S COLUMBIA RD,GRAND FORKS,ND,58201,ND - Grand Forks,269,33981.1,12790.3,11584.86,47.9,-97.2
871 - SEPTICEMIA OR SEVERE SEPSIS W/O MV >96 HOURS W MCC,350070,ESSENTIA HEALTH-FARGO,3000 32ND AVE SOUTH,FARGO,ND,58104,ND - Fargo/Moorhead MN,134,34408.89,11400.14,9859.58,46.79,-96.84
872 - SEPTICEMIA OR SEVERE SEPSIS W/O MV >96 HOURS W/O MCC,350002,CHI ST ALEXIUS HEALTH BISMARCK,900 E BROADWAY,BISMARCK,ND,58501,ND - Bismarck,56,14355.82,7147.57,5133.3,46.8,-100.7
872 - SEPTICEMIA OR SEVERE SEPSIS W/O MV >96 HOURS W/O MCC,350006,TRINITY HOSPITALS,407 3RD ST SE,MINOT,ND,58701,ND - Minot,25,17549.24,6909.36,5576.52,48.1,-101.3
872 - SEPTICEMIA OR SEVERE SEPSIS W/O MV >96 HOURS W/O MCC,350019,ALTRU HOSPITAL,1200 S COLUMBIA RD,GRAND FORKS,ND,58201,ND - Grand Forks,81,23018.27,7395.89,6026.77,47.9,-97.2
872 - SEPTICEMIA OR SEVERE SEPSIS W/O MV >96 HOURS W/O MCC,350070,ESSENTIA HEALTH-FARGO,3000 32ND AVE SOUTH,FARGO,ND,58104,ND - Fargo/Moorhead MN,31,20397.71,6558.39,5129.35,46.79,-96.84
897 - ALCOHOL/DRUG ABUSE OR DEPENDENCE W/O REHABILITATION THERAPY W/O MCC,350006,TRINITY HOSPITALS,407 3RD ST SE,MINOT,ND,58701,ND - Minot,15,12845.87,4739.87,4023.33,48.1,-101.3
897 - ALCOHOL/DRUG ABUSE OR DEPENDENCE W/O REHABILITATION THERAPY W/O MCC,350019,ALTRU HOSPITAL,1200 S COLUMBIA RD,GRAND FORKS,ND,58201,ND - Grand Forks,14,13259.29,5085.5,4173.5,47.9,-97.2
917 - POISONING & TOXIC EFFECTS OF DRUGS W MCC,350019,ALTRU HOSPITAL,1200 S COLUMBIA RD,GRAND FORKS,ND,58201,ND - Grand Forks,26,23933.69,9773.0,8740.77,47.9,-97.2
917 - POISONING & TOXIC EFFECTS OF DRUGS W MCC,350070,ESSENTIA HEALTH-FARGO,3000 32ND AVE SOUTH,FARGO,ND,58104,ND - Fargo/Moorhead MN,16,23984.25,8572.5,7534.75,46.79,-96.84
918 - POISONING & TOXIC EFFECTS OF DRUGS W/O MCC,350070,ESSENTIA HEALTH-FARGO,3000 32ND AVE SOUTH,FARGO,ND,58104,ND - Fargo/Moorhead MN,15,8525.87,4265.07,3408.27,46.79,-96.84
919 - COMPLICATIONS OF TREATMENT W MCC,350019,ALTRU HOSPITAL,1200 S COLUMBIA RD,GRAND FORKS,ND,58201,ND - Grand Forks,12,44362.25,15029.33,14304.92,47.9,-97.2
948 - SIGNS & SYMPTOMS W/O MCC,350019,ALTRU HOSPITAL,1200 S COLUMBIA RD,GRAND FORKS,ND,58201,ND - Grand Forks,16,15914.19,5205.88,4147.13,47.9,-97.2
981 - EXTENSIVE O.R. PROCEDURE UNRELATED TO PRINCIPAL DIAGNOSIS W MCC,350002,CHI ST ALEXIUS HEALTH BISMARCK,900 E BROADWAY,BISMARCK,ND,58501,ND - Bismarck,16,74214.0,32089.44,30451.38,46.8,-100.7
981 - EXTENSIVE O.R. PROCEDURE UNRELATED TO PRINCIPAL DIAGNOSIS W MCC,350006,TRINITY HOSPITALS,407 3RD ST SE,MINOT,ND,58701,ND - Minot,31,86161.19,33539.29,31298.26,48.1,-101.3
981 - EXTENSIVE O.R. PROCEDURE UNRELATED TO PRINCIPAL DIAGNOSIS W MCC,350019,ALTRU HOSPITAL,1200 S COLUMBIA RD,GRAND FORKS,ND,58201,ND - Grand Forks,59,93565.49,39792.69,38556.41,47.9,-97.2
981 - EXTENSIVE O.R. PROCEDURE UNRELATED TO PRINCIPAL DIAGNOSIS W MCC,350070,ESSENTIA HEALTH-FARGO,3000 32ND AVE SOUTH,FARGO,ND,58104,ND - Fargo/Moorhead MN,21,76207.76,32460.33,31544.38,46.79,-96.84
982 - EXTENSIVE O.R. PROCEDURE UNRELATED TO PRINCIPAL DIAGNOSIS W CC,350070,ESSENTIA HEALTH-FARGO,3000 32ND AVE SOUTH,FARGO,ND,58104,ND - Fargo/Moorhead MN,14,54825.71,16383.0,15338.57,46.79,-96.84
