DRG Definition,Provider Id,Provider Name,Provider Street Address,Provider City,Provider State,Provider Zip Code,Hospital Referral Region (HRR) Description,Total Discharges,Average Covered Charges,Average Total Payments,Average Medicare Payments,lat,lon
025 - CRANIOTOMY & ENDOVASCULAR INTRACRANIAL PROCEDURES W MCC,470003,UNIVERSITY OF VERMONT MEDICAL CENTER,111 COLCHESTER AVE,BURLINGTON,VT,5401,VT - Burlington,42,72029.19,33282.33,29703.55,44.48,-73.2
027 - CRANIOTOMY & ENDOVASCULAR INTRACRANIAL PROCEDURES W/O CC/MCC,470003,UNIVERSITY OF VERMONT MEDICAL CENTER,111 COLCHESTER AVE,BURLINGTON,VT,5401,VT - Burlington,18,58484.94,19215.28,16542.17,44.48,-73.2
038 - EXTRACRANIAL PROCEDURES W CC,470003,UNIVERSITY OF VERMONT MEDICAL CENTER,111 COLCHESTER AVE,BURLINGTON,VT,5401,VT - Burlington,21,35788.1,14384.86,12493.62,44.48,-73.2
039 - EXTRACRANIAL PROCEDURES W/O CC/MCC,470003,UNIVERSITY OF VERMONT MEDICAL CENTER,111 COLCHESTER AVE,BURLINGTON,VT,5401,VT - Burlington,33,22760.52,9155.97,7945.0,44.48,-73.2
054 - NERVOUS SYSTEM NEOPLASMS W MCC,470003,UNIVERSITY OF VERMONT MEDICAL CENTER,111 COLCHESTER AVE,BURLINGTON,VT,5401,VT - Burlington,16,33176.13,11512.06,9725.06,44.48,-73.2
056 - DEGENERATIVE NERVOUS SYSTEM DISORDERS W MCC,470003,UNIVERSITY OF VERMONT MEDICAL CENTER,111 COLCHESTER AVE,BURLINGTON,VT,5401,VT - Burlington,11,37036.45,16773.91,13864.55,44.48,-73.2
057 - DEGENERATIVE NERVOUS SYSTEM DISORDERS W/O MCC,470003,UNIVERSITY OF VERMONT MEDICAL CENTER,111 COLCHESTER AVE,BURLINGTON,VT,5401,VT - Burlington,38,28174.63,12750.37,8543.18,44.48,-73.2
057 - DEGENERATIVE NERVOUS SYSTEM DISORDERS W/O MCC,470005,RUTLAND REGIONAL MEDICAL CENTER,160 ALLEN ST,RUTLAND,VT,5701,VT - Burlington,12,29807.17,10927.08,9755.83,43.6,-72.9
064 - INTRACRANIAL HEMORRHAGE OR CEREBRAL INFARCTION W MCC,470001,CENTRAL VERMONT MEDICAL CENTER,BOX 547,BARRE,VT,5641,VT - Burlington,19,20809.53,16001.95,15123.63,44.2,-72.4
064 - INTRACRANIAL HEMORRHAGE OR CEREBRAL INFARCTION W MCC,470003,UNIVERSITY OF VERMONT MEDICAL CENTER,111 COLCHESTER AVE,BURLINGTON,VT,5401,VT - Burlington,93,42910.69,16598.34,13167.99,44.48,-73.2
064 - INTRACRANIAL HEMORRHAGE OR CEREBRAL INFARCTION W MCC,470005,RUTLAND REGIONAL MEDICAL CENTER,160 ALLEN ST,RUTLAND,VT,5701,VT - Burlington,30,47174.13,20086.0,17508.0,43.6,-72.9
065 - INTRACRANIAL HEMORRHAGE OR CEREBRAL INFARCTION W CC OR TPA IN 24 HRS,470001,CENTRAL VERMONT MEDICAL CENTER,BOX 547,BARRE,VT,5641,VT - Burlington,24,20486.88,9957.54,8414.79,44.2,-72.4
065 - INTRACRANIAL HEMORRHAGE OR CEREBRAL INFARCTION W CC OR TPA IN 24 HRS,470003,UNIVERSITY OF VERMONT MEDICAL CENTER,111 COLCHESTER AVE,BURLINGTON,VT,5401,VT - Burlington,118,29823.65,9758.94,7856.3,44.48,-73.2
065 - INTRACRANIAL HEMORRHAGE OR CEREBRAL INFARCTION W CC OR TPA IN 24 HRS,470005,RUTLAND REGIONAL MEDICAL CENTER,160 ALLEN ST,RUTLAND,VT,5701,VT - Burlington,41,25929.68,8923.66,7858.95,43.6,-72.9
065 - INTRACRANIAL HEMORRHAGE OR CEREBRAL INFARCTION W CC OR TPA IN 24 HRS,470011,BRATTLEBORO MEMORIAL HOSPITAL,17 BELMONT AVE,BRATTLEBORO,VT,5301,NH - Lebanon,17,16921.18,9609.0,8406.65,42.8,-72.7
065 - INTRACRANIAL HEMORRHAGE OR CEREBRAL INFARCTION W CC OR TPA IN 24 HRS,470012,SOUTHWESTERN VERMONT MEDICAL CENTER,100 HOSPITAL DRIVE,BENNINGTON,VT,5201,NY - Albany,27,16491.63,7711.11,6713.33,42.9,-73.1
065 - INTRACRANIAL HEMORRHAGE OR CEREBRAL INFARCTION W CC OR TPA IN 24 HRS,470024,NORTHWESTERN MEDICAL CENTER INC,133 FAIRFIELD STREET,SAINT ALBANS,VT,5478,VT - Burlington,27,13473.07,9590.19,8499.22,44.8,-73.1
066 - INTRACRANIAL HEMORRHAGE OR CEREBRAL INFARCTION W/O CC/MCC,470003,UNIVERSITY OF VERMONT MEDICAL CENTER,111 COLCHESTER AVE,BURLINGTON,VT,5401,VT - Burlington,37,26581.51,7009.89,5440.86,44.48,-73.2
066 - INTRACRANIAL HEMORRHAGE OR CEREBRAL INFARCTION W/O CC/MCC,470005,RUTLAND REGIONAL MEDICAL CENTER,160 ALLEN ST,RUTLAND,VT,5701,VT - Burlington,15,22804.0,6394.2,5111.8,43.6,-72.9
069 - TRANSIENT ISCHEMIA,470001,CENTRAL VERMONT MEDICAL CENTER,BOX 547,BARRE,VT,5641,VT - Burlington,15,16817.67,6700.67,5588.13,44.2,-72.4
069 - TRANSIENT ISCHEMIA,470003,UNIVERSITY OF VERMONT MEDICAL CENTER,111 COLCHESTER AVE,BURLINGTON,VT,5401,VT - Burlington,18,20055.39,6618.67,5262.67,44.48,-73.2
069 - TRANSIENT ISCHEMIA,470005,RUTLAND REGIONAL MEDICAL CENTER,160 ALLEN ST,RUTLAND,VT,5701,VT - Burlington,13,19771.69,6101.92,5014.23,43.6,-72.9
070 - NONSPECIFIC CEREBROVASCULAR DISORDERS W MCC,470003,UNIVERSITY OF VERMONT MEDICAL CENTER,111 COLCHESTER AVE,BURLINGTON,VT,5401,VT - Burlington,15,30731.2,13989.8,12326.87,44.48,-73.2
071 - NONSPECIFIC CEREBROVASCULAR DISORDERS W CC,470003,UNIVERSITY OF VERMONT MEDICAL CENTER,111 COLCHESTER AVE,BURLINGTON,VT,5401,VT - Burlington,19,24503.26,10693.0,9223.74,44.48,-73.2
074 - CRANIAL & PERIPHERAL NERVE DISORDERS W/O MCC,470005,RUTLAND REGIONAL MEDICAL CENTER,160 ALLEN ST,RUTLAND,VT,5701,VT - Burlington,12,26102.42,9052.17,7873.83,43.6,-72.9
"085 - TRAUMATIC STUPOR & COMA, COMA <1 HR W MCC",470003,UNIVERSITY OF VERMONT MEDICAL CENTER,111 COLCHESTER AVE,BURLINGTON,VT,5401,VT - Burlington,22,46867.23,18130.41,15712.95,44.48,-73.2
"086 - TRAUMATIC STUPOR & COMA, COMA <1 HR W CC",470003,UNIVERSITY OF VERMONT MEDICAL CENTER,111 COLCHESTER AVE,BURLINGTON,VT,5401,VT - Burlington,16,20274.81,9532.88,7604.75,44.48,-73.2
"087 - TRAUMATIC STUPOR & COMA, COMA <1 HR W/O CC/MCC",470003,UNIVERSITY OF VERMONT MEDICAL CENTER,111 COLCHESTER AVE,BURLINGTON,VT,5401,VT - Burlington,29,21448.72,7376.21,5639.1,44.48,-73.2
091 - OTHER DISORDERS OF NERVOUS SYSTEM W MCC,470003,UNIVERSITY OF VERMONT MEDICAL CENTER,111 COLCHESTER AVE,BURLINGTON,VT,5401,VT - Burlington,14,50233.93,29792.29,10749.79,44.48,-73.2
092 - OTHER DISORDERS OF NERVOUS SYSTEM W CC,470003,UNIVERSITY OF VERMONT MEDICAL CENTER,111 COLCHESTER AVE,BURLINGTON,VT,5401,VT - Burlington,27,27278.81,9074.0,7128.81,44.48,-73.2
100 - SEIZURES W MCC,470003,UNIVERSITY OF VERMONT MEDICAL CENTER,111 COLCHESTER AVE,BURLINGTON,VT,5401,VT - Burlington,30,53840.37,17181.1,14587.9,44.48,-73.2
101 - SEIZURES W/O MCC,470003,UNIVERSITY OF VERMONT MEDICAL CENTER,111 COLCHESTER AVE,BURLINGTON,VT,5401,VT - Burlington,37,24901.76,7528.57,5966.3,44.48,-73.2
101 - SEIZURES W/O MCC,470005,RUTLAND REGIONAL MEDICAL CENTER,160 ALLEN ST,RUTLAND,VT,5701,VT - Burlington,19,19180.42,6693.42,5884.37,43.6,-72.9
103 - HEADACHES W/O MCC,470003,UNIVERSITY OF VERMONT MEDICAL CENTER,111 COLCHESTER AVE,BURLINGTON,VT,5401,VT - Burlington,23,16146.65,7365.74,5357.0,44.48,-73.2
149 - DYSEQUILIBRIUM,470003,UNIVERSITY OF VERMONT MEDICAL CENTER,111 COLCHESTER AVE,BURLINGTON,VT,5401,VT - Burlington,18,16540.39,6336.72,4716.94,44.48,-73.2
164 - MAJOR CHEST PROCEDURES W CC,470003,UNIVERSITY OF VERMONT MEDICAL CENTER,111 COLCHESTER AVE,BURLINGTON,VT,5401,VT - Burlington,21,46694.95,20439.95,18647.57,44.48,-73.2
165 - MAJOR CHEST PROCEDURES W/O CC/MCC,470003,UNIVERSITY OF VERMONT MEDICAL CENTER,111 COLCHESTER AVE,BURLINGTON,VT,5401,VT - Burlington,17,33787.53,17644.06,12133.94,44.48,-73.2
175 - PULMONARY EMBOLISM W MCC,470003,UNIVERSITY OF VERMONT MEDICAL CENTER,111 COLCHESTER AVE,BURLINGTON,VT,5401,VT - Burlington,29,25548.03,11824.76,10314.0,44.48,-73.2
176 - PULMONARY EMBOLISM W/O MCC,470003,UNIVERSITY OF VERMONT MEDICAL CENTER,111 COLCHESTER AVE,BURLINGTON,VT,5401,VT - Burlington,26,20039.69,8543.38,6487.88,44.48,-73.2
176 - PULMONARY EMBOLISM W/O MCC,470005,RUTLAND REGIONAL MEDICAL CENTER,160 ALLEN ST,RUTLAND,VT,5701,VT - Burlington,19,21605.16,7933.42,7026.37,43.6,-72.9
177 - RESPIRATORY INFECTIONS & INFLAMMATIONS W MCC,470001,CENTRAL VERMONT MEDICAL CENTER,BOX 547,BARRE,VT,5641,VT - Burlington,20,20833.4,17484.85,16716.25,44.2,-72.4
177 - RESPIRATORY INFECTIONS & INFLAMMATIONS W MCC,470003,UNIVERSITY OF VERMONT MEDICAL CENTER,111 COLCHESTER AVE,BURLINGTON,VT,5401,VT - Burlington,21,34613.48,16484.29,14653.81,44.48,-73.2
177 - RESPIRATORY INFECTIONS & INFLAMMATIONS W MCC,470005,RUTLAND REGIONAL MEDICAL CENTER,160 ALLEN ST,RUTLAND,VT,5701,VT - Burlington,34,33949.18,16215.24,15496.26,43.6,-72.9
177 - RESPIRATORY INFECTIONS & INFLAMMATIONS W MCC,470012,SOUTHWESTERN VERMONT MEDICAL CENTER,100 HOSPITAL DRIVE,BENNINGTON,VT,5201,NY - Albany,32,19328.53,14425.44,12062.84,42.9,-73.1
178 - RESPIRATORY INFECTIONS & INFLAMMATIONS W CC,470001,CENTRAL VERMONT MEDICAL CENTER,BOX 547,BARRE,VT,5641,VT - Burlington,14,16519.71,12509.64,11591.64,44.2,-72.4
178 - RESPIRATORY INFECTIONS & INFLAMMATIONS W CC,470003,UNIVERSITY OF VERMONT MEDICAL CENTER,111 COLCHESTER AVE,BURLINGTON,VT,5401,VT - Burlington,23,43867.09,13246.09,10558.57,44.48,-73.2
178 - RESPIRATORY INFECTIONS & INFLAMMATIONS W CC,470005,RUTLAND REGIONAL MEDICAL CENTER,160 ALLEN ST,RUTLAND,VT,5701,VT - Burlington,13,25163.31,12682.23,9632.15,43.6,-72.9
178 - RESPIRATORY INFECTIONS & INFLAMMATIONS W CC,470012,SOUTHWESTERN VERMONT MEDICAL CENTER,100 HOSPITAL DRIVE,BENNINGTON,VT,5201,NY - Albany,14,15345.64,9812.93,9078.07,42.9,-73.1
180 - RESPIRATORY NEOPLASMS W MCC,470003,UNIVERSITY OF VERMONT MEDICAL CENTER,111 COLCHESTER AVE,BURLINGTON,VT,5401,VT - Burlington,11,31526.36,16674.0,12472.18,44.48,-73.2
181 - RESPIRATORY NEOPLASMS W CC,470003,UNIVERSITY OF VERMONT MEDICAL CENTER,111 COLCHESTER AVE,BURLINGTON,VT,5401,VT - Burlington,13,30456.15,11066.23,9140.23,44.48,-73.2
181 - RESPIRATORY NEOPLASMS W CC,470005,RUTLAND REGIONAL MEDICAL CENTER,160 ALLEN ST,RUTLAND,VT,5701,VT - Burlington,16,19318.13,9925.25,8966.25,43.6,-72.9
189 - PULMONARY EDEMA & RESPIRATORY FAILURE,470001,CENTRAL VERMONT MEDICAL CENTER,BOX 547,BARRE,VT,5641,VT - Burlington,100,21974.54,11636.18,10791.7,44.2,-72.4
189 - PULMONARY EDEMA & RESPIRATORY FAILURE,470003,UNIVERSITY OF VERMONT MEDICAL CENTER,111 COLCHESTER AVE,BURLINGTON,VT,5401,VT - Burlington,196,28171.18,11292.01,9862.52,44.48,-73.2
189 - PULMONARY EDEMA & RESPIRATORY FAILURE,470005,RUTLAND REGIONAL MEDICAL CENTER,160 ALLEN ST,RUTLAND,VT,5701,VT - Burlington,40,25562.15,10340.28,9478.55,43.6,-72.9
189 - PULMONARY EDEMA & RESPIRATORY FAILURE,470011,BRATTLEBORO MEMORIAL HOSPITAL,17 BELMONT AVE,BRATTLEBORO,VT,5301,NH - Lebanon,19,22372.26,11362.37,10414.79,42.8,-72.7
189 - PULMONARY EDEMA & RESPIRATORY FAILURE,470012,SOUTHWESTERN VERMONT MEDICAL CENTER,100 HOSPITAL DRIVE,BENNINGTON,VT,5201,NY - Albany,45,16631.73,9565.64,7814.36,42.9,-73.1
189 - PULMONARY EDEMA & RESPIRATORY FAILURE,470024,NORTHWESTERN MEDICAL CENTER INC,133 FAIRFIELD STREET,SAINT ALBANS,VT,5478,VT - Burlington,37,18666.97,11692.35,10830.41,44.8,-73.1
190 - CHRONIC OBSTRUCTIVE PULMONARY DISEASE W MCC,470001,CENTRAL VERMONT MEDICAL CENTER,BOX 547,BARRE,VT,5641,VT - Burlington,54,18151.39,10697.85,9699.7,44.2,-72.4
190 - CHRONIC OBSTRUCTIVE PULMONARY DISEASE W MCC,470003,UNIVERSITY OF VERMONT MEDICAL CENTER,111 COLCHESTER AVE,BURLINGTON,VT,5401,VT - Burlington,53,21258.98,10107.51,8129.32,44.48,-73.2
190 - CHRONIC OBSTRUCTIVE PULMONARY DISEASE W MCC,470005,RUTLAND REGIONAL MEDICAL CENTER,160 ALLEN ST,RUTLAND,VT,5701,VT - Burlington,79,22151.67,10330.09,9275.37,43.6,-72.9
190 - CHRONIC OBSTRUCTIVE PULMONARY DISEASE W MCC,470011,BRATTLEBORO MEMORIAL HOSPITAL,17 BELMONT AVE,BRATTLEBORO,VT,5301,NH - Lebanon,11,12360.82,10452.91,9172.55,42.8,-72.7
190 - CHRONIC OBSTRUCTIVE PULMONARY DISEASE W MCC,470012,SOUTHWESTERN VERMONT MEDICAL CENTER,100 HOSPITAL DRIVE,BENNINGTON,VT,5201,NY - Albany,96,14669.7,8784.92,7168.55,42.9,-73.1
190 - CHRONIC OBSTRUCTIVE PULMONARY DISEASE W MCC,470024,NORTHWESTERN MEDICAL CENTER INC,133 FAIRFIELD STREET,SAINT ALBANS,VT,5478,VT - Burlington,40,12590.7,10439.95,9366.33,44.8,-73.1
191 - CHRONIC OBSTRUCTIVE PULMONARY DISEASE W CC,470001,CENTRAL VERMONT MEDICAL CENTER,BOX 547,BARRE,VT,5641,VT - Burlington,23,12043.26,8614.48,7610.13,44.2,-72.4
191 - CHRONIC OBSTRUCTIVE PULMONARY DISEASE W CC,470003,UNIVERSITY OF VERMONT MEDICAL CENTER,111 COLCHESTER AVE,BURLINGTON,VT,5401,VT - Burlington,18,15717.5,7858.33,6652.33,44.48,-73.2
191 - CHRONIC OBSTRUCTIVE PULMONARY DISEASE W CC,470005,RUTLAND REGIONAL MEDICAL CENTER,160 ALLEN ST,RUTLAND,VT,5701,VT - Burlington,45,15876.38,7853.67,6856.87,43.6,-72.9
191 - CHRONIC OBSTRUCTIVE PULMONARY DISEASE W CC,470012,SOUTHWESTERN VERMONT MEDICAL CENTER,100 HOSPITAL DRIVE,BENNINGTON,VT,5201,NY - Albany,21,13603.57,6777.24,5981.81,42.9,-73.1
191 - CHRONIC OBSTRUCTIVE PULMONARY DISEASE W CC,470024,NORTHWESTERN MEDICAL CENTER INC,133 FAIRFIELD STREET,SAINT ALBANS,VT,5478,VT - Burlington,17,10358.88,8449.71,7547.12,44.8,-73.1
192 - CHRONIC OBSTRUCTIVE PULMONARY DISEASE W/O CC/MCC,470005,RUTLAND REGIONAL MEDICAL CENTER,160 ALLEN ST,RUTLAND,VT,5701,VT - Burlington,15,12031.53,6169.13,5056.6,43.6,-72.9
193 - SIMPLE PNEUMONIA & PLEURISY W MCC,470001,CENTRAL VERMONT MEDICAL CENTER,BOX 547,BARRE,VT,5641,VT - Burlington,53,20309.53,13069.89,12019.7,44.2,-72.4
193 - SIMPLE PNEUMONIA & PLEURISY W MCC,470003,UNIVERSITY OF VERMONT MEDICAL CENTER,111 COLCHESTER AVE,BURLINGTON,VT,5401,VT - Burlington,75,24173.53,12263.68,10276.28,44.48,-73.2
193 - SIMPLE PNEUMONIA & PLEURISY W MCC,470005,RUTLAND REGIONAL MEDICAL CENTER,160 ALLEN ST,RUTLAND,VT,5701,VT - Burlington,46,26739.5,12577.89,11123.65,43.6,-72.9
193 - SIMPLE PNEUMONIA & PLEURISY W MCC,470011,BRATTLEBORO MEMORIAL HOSPITAL,17 BELMONT AVE,BRATTLEBORO,VT,5301,NH - Lebanon,18,20413.67,12946.17,12022.17,42.8,-72.7
193 - SIMPLE PNEUMONIA & PLEURISY W MCC,470012,SOUTHWESTERN VERMONT MEDICAL CENTER,100 HOSPITAL DRIVE,BENNINGTON,VT,5201,NY - Albany,88,18331.69,10387.63,9207.18,42.9,-73.1
193 - SIMPLE PNEUMONIA & PLEURISY W MCC,470024,NORTHWESTERN MEDICAL CENTER INC,133 FAIRFIELD STREET,SAINT ALBANS,VT,5478,VT - Burlington,60,16187.73,12896.07,11911.88,44.8,-73.1
194 - SIMPLE PNEUMONIA & PLEURISY W CC,470001,CENTRAL VERMONT MEDICAL CENTER,BOX 547,BARRE,VT,5641,VT - Burlington,30,14369.83,8968.53,7777.6,44.2,-72.4
194 - SIMPLE PNEUMONIA & PLEURISY W CC,470003,UNIVERSITY OF VERMONT MEDICAL CENTER,111 COLCHESTER AVE,BURLINGTON,VT,5401,VT - Burlington,57,14828.65,8245.44,6893.68,44.48,-73.2
194 - SIMPLE PNEUMONIA & PLEURISY W CC,470005,RUTLAND REGIONAL MEDICAL CENTER,160 ALLEN ST,RUTLAND,VT,5701,VT - Burlington,44,18846.57,8169.48,7034.84,43.6,-72.9
194 - SIMPLE PNEUMONIA & PLEURISY W CC,470011,BRATTLEBORO MEMORIAL HOSPITAL,17 BELMONT AVE,BRATTLEBORO,VT,5301,NH - Lebanon,38,11467.79,8775.84,7764.16,42.8,-72.7
194 - SIMPLE PNEUMONIA & PLEURISY W CC,470012,SOUTHWESTERN VERMONT MEDICAL CENTER,100 HOSPITAL DRIVE,BENNINGTON,VT,5201,NY - Albany,41,11811.0,7062.37,5963.83,42.9,-73.1
194 - SIMPLE PNEUMONIA & PLEURISY W CC,470024,NORTHWESTERN MEDICAL CENTER INC,133 FAIRFIELD STREET,SAINT ALBANS,VT,5478,VT - Burlington,35,10141.69,8791.09,7691.89,44.8,-73.1
195 - SIMPLE PNEUMONIA & PLEURISY W/O CC/MCC,470001,CENTRAL VERMONT MEDICAL CENTER,BOX 547,BARRE,VT,5641,VT - Burlington,11,11637.91,6597.0,5316.64,44.2,-72.4
195 - SIMPLE PNEUMONIA & PLEURISY W/O CC/MCC,470003,UNIVERSITY OF VERMONT MEDICAL CENTER,111 COLCHESTER AVE,BURLINGTON,VT,5401,VT - Burlington,13,14514.62,6669.0,5062.85,44.48,-73.2
195 - SIMPLE PNEUMONIA & PLEURISY W/O CC/MCC,470005,RUTLAND REGIONAL MEDICAL CENTER,160 ALLEN ST,RUTLAND,VT,5701,VT - Burlington,14,12864.71,6002.43,4994.43,43.6,-72.9
195 - SIMPLE PNEUMONIA & PLEURISY W/O CC/MCC,470012,SOUTHWESTERN VERMONT MEDICAL CENTER,100 HOSPITAL DRIVE,BENNINGTON,VT,5201,NY - Albany,11,10831.64,5181.91,3896.09,42.9,-73.1
202 - BRONCHITIS & ASTHMA W CC/MCC,470001,CENTRAL VERMONT MEDICAL CENTER,BOX 547,BARRE,VT,5641,VT - Burlington,17,17768.53,8318.12,7336.47,44.2,-72.4
202 - BRONCHITIS & ASTHMA W CC/MCC,470005,RUTLAND REGIONAL MEDICAL CENTER,160 ALLEN ST,RUTLAND,VT,5701,VT - Burlington,13,12109.69,7580.92,6295.08,43.6,-72.9
207 - RESPIRATORY SYSTEM DIAGNOSIS W VENTILATOR SUPPORT >96 HOURS,470003,UNIVERSITY OF VERMONT MEDICAL CENTER,111 COLCHESTER AVE,BURLINGTON,VT,5401,VT - Burlington,13,117164.54,49320.0,45832.69,44.48,-73.2
208 - RESPIRATORY SYSTEM DIAGNOSIS W VENTILATOR SUPPORT <=96 HOURS,470001,CENTRAL VERMONT MEDICAL CENTER,BOX 547,BARRE,VT,5641,VT - Burlington,12,37059.58,22143.75,21184.75,44.2,-72.4
208 - RESPIRATORY SYSTEM DIAGNOSIS W VENTILATOR SUPPORT <=96 HOURS,470003,UNIVERSITY OF VERMONT MEDICAL CENTER,111 COLCHESTER AVE,BURLINGTON,VT,5401,VT - Burlington,49,56748.35,23441.41,19053.39,44.48,-73.2
208 - RESPIRATORY SYSTEM DIAGNOSIS W VENTILATOR SUPPORT <=96 HOURS,470012,SOUTHWESTERN VERMONT MEDICAL CENTER,100 HOSPITAL DRIVE,BENNINGTON,VT,5201,NY - Albany,15,36534.67,16768.73,16077.27,42.9,-73.1
219 - CARDIAC VALVE & OTH MAJ CARDIOTHORACIC PROC W/O CARD CATH W MCC,470003,UNIVERSITY OF VERMONT MEDICAL CENTER,111 COLCHESTER AVE,BURLINGTON,VT,5401,VT - Burlington,34,108389.65,58757.94,54644.26,44.48,-73.2
220 - CARDIAC VALVE & OTH MAJ CARDIOTHORACIC PROC W/O CARD CATH W CC,470003,UNIVERSITY OF VERMONT MEDICAL CENTER,111 COLCHESTER AVE,BURLINGTON,VT,5401,VT - Burlington,44,72599.8,40693.77,38754.39,44.48,-73.2
221 - CARDIAC VALVE & OTH MAJ CARDIOTHORACIC PROC W/O CARD CATH W/O CC/MCC,470003,UNIVERSITY OF VERMONT MEDICAL CENTER,111 COLCHESTER AVE,BURLINGTON,VT,5401,VT - Burlington,16,55023.0,37617.19,32408.25,44.48,-73.2
233 - CORONARY BYPASS W CARDIAC CATH W MCC,470003,UNIVERSITY OF VERMONT MEDICAL CENTER,111 COLCHESTER AVE,BURLINGTON,VT,5401,VT - Burlington,29,92664.24,52304.55,49803.52,44.48,-73.2
234 - CORONARY BYPASS W CARDIAC CATH W/O MCC,470003,UNIVERSITY OF VERMONT MEDICAL CENTER,111 COLCHESTER AVE,BURLINGTON,VT,5401,VT - Burlington,28,68480.57,39182.04,36735.25,44.48,-73.2
235 - CORONARY BYPASS W/O CARDIAC CATH W MCC,470003,UNIVERSITY OF VERMONT MEDICAL CENTER,111 COLCHESTER AVE,BURLINGTON,VT,5401,VT - Burlington,27,60366.0,41819.33,38005.89,44.48,-73.2
236 - CORONARY BYPASS W/O CARDIAC CATH W/O MCC,470003,UNIVERSITY OF VERMONT MEDICAL CENTER,111 COLCHESTER AVE,BURLINGTON,VT,5401,VT - Burlington,46,47284.24,30122.72,28347.76,44.48,-73.2
240 - AMPUTATION FOR CIRC SYS DISORDERS EXC UPPER LIMB & TOE W CC,470003,UNIVERSITY OF VERMONT MEDICAL CENTER,111 COLCHESTER AVE,BURLINGTON,VT,5401,VT - Burlington,17,53062.41,22905.76,20751.65,44.48,-73.2
242 - PERMANENT CARDIAC PACEMAKER IMPLANT W MCC,470003,UNIVERSITY OF VERMONT MEDICAL CENTER,111 COLCHESTER AVE,BURLINGTON,VT,5401,VT - Burlington,19,68009.47,28021.84,26490.11,44.48,-73.2
243 - PERMANENT CARDIAC PACEMAKER IMPLANT W CC,470003,UNIVERSITY OF VERMONT MEDICAL CENTER,111 COLCHESTER AVE,BURLINGTON,VT,5401,VT - Burlington,31,55846.94,22239.42,20741.94,44.48,-73.2
243 - PERMANENT CARDIAC PACEMAKER IMPLANT W CC,470005,RUTLAND REGIONAL MEDICAL CENTER,160 ALLEN ST,RUTLAND,VT,5701,VT - Burlington,11,43647.36,22416.27,19695.0,43.6,-72.9
244 - PERMANENT CARDIAC PACEMAKER IMPLANT W/O CC/MCC,470003,UNIVERSITY OF VERMONT MEDICAL CENTER,111 COLCHESTER AVE,BURLINGTON,VT,5401,VT - Burlington,17,42162.06,18113.12,14929.59,44.48,-73.2
246 - PERC CARDIOVASC PROC W DRUG-ELUTING STENT W MCC OR 4+ VESSELS/STENTS,470003,UNIVERSITY OF VERMONT MEDICAL CENTER,111 COLCHESTER AVE,BURLINGTON,VT,5401,VT - Burlington,109,69821.66,28199.99,24690.85,44.48,-73.2
247 - PERC CARDIOVASC PROC W DRUG-ELUTING STENT W/O MCC,470003,UNIVERSITY OF VERMONT MEDICAL CENTER,111 COLCHESTER AVE,BURLINGTON,VT,5401,VT - Burlington,206,49700.13,19329.64,15430.33,44.48,-73.2
248 - PERC CARDIOVASC PROC W NON-DRUG-ELUTING STENT W MCC OR 4+ VES/STENTS,470003,UNIVERSITY OF VERMONT MEDICAL CENTER,111 COLCHESTER AVE,BURLINGTON,VT,5401,VT - Burlington,12,68093.67,25307.92,23676.25,44.48,-73.2
249 - PERC CARDIOVASC PROC W NON-DRUG-ELUTING STENT W/O MCC,470003,UNIVERSITY OF VERMONT MEDICAL CENTER,111 COLCHESTER AVE,BURLINGTON,VT,5401,VT - Burlington,15,42344.27,15824.13,14461.6,44.48,-73.2
252 - OTHER VASCULAR PROCEDURES W MCC,470003,UNIVERSITY OF VERMONT MEDICAL CENTER,111 COLCHESTER AVE,BURLINGTON,VT,5401,VT - Burlington,27,74134.93,32731.81,25703.74,44.48,-73.2
253 - OTHER VASCULAR PROCEDURES W CC,470003,UNIVERSITY OF VERMONT MEDICAL CENTER,111 COLCHESTER AVE,BURLINGTON,VT,5401,VT - Burlington,43,53551.95,22542.28,20792.02,44.48,-73.2
254 - OTHER VASCULAR PROCEDURES W/O CC/MCC,470003,UNIVERSITY OF VERMONT MEDICAL CENTER,111 COLCHESTER AVE,BURLINGTON,VT,5401,VT - Burlington,30,38057.57,14585.57,13070.23,44.48,-73.2
266 - ENDOVASCULAR CARDIAC VALVE REPLACEMENT W MCC,470003,UNIVERSITY OF VERMONT MEDICAL CENTER,111 COLCHESTER AVE,BURLINGTON,VT,5401,VT - Burlington,28,172900.71,70013.36,68603.68,44.48,-73.2
267 - ENDOVASCULAR CARDIAC VALVE REPLACEMENT W/O MCC,470003,UNIVERSITY OF VERMONT MEDICAL CENTER,111 COLCHESTER AVE,BURLINGTON,VT,5401,VT - Burlington,74,131292.73,51445.32,50054.93,44.48,-73.2
269 - AORTIC AND HEART ASSIST PROCEDURES EXCEPT PULSATION BALLOON W/O MCC,470003,UNIVERSITY OF VERMONT MEDICAL CENTER,111 COLCHESTER AVE,BURLINGTON,VT,5401,VT - Burlington,20,69070.3,31511.8,29949.7,44.48,-73.2
270 - OTHER MAJOR CARDIOVASCULAR PROCEDURES W MCC,470003,UNIVERSITY OF VERMONT MEDICAL CENTER,111 COLCHESTER AVE,BURLINGTON,VT,5401,VT - Burlington,13,108338.08,40322.92,38189.92,44.48,-73.2
271 - OTHER MAJOR CARDIOVASCULAR PROCEDURES W CC,470003,UNIVERSITY OF VERMONT MEDICAL CENTER,111 COLCHESTER AVE,BURLINGTON,VT,5401,VT - Burlington,11,44845.55,25872.36,23929.27,44.48,-73.2
274 - PERCUTANEOUS INTRACARDIAC PROCEDURES W/O MCC,470003,UNIVERSITY OF VERMONT MEDICAL CENTER,111 COLCHESTER AVE,BURLINGTON,VT,5401,VT - Burlington,29,74134.45,20800.17,19634.97,44.48,-73.2
"280 - ACUTE MYOCARDIAL INFARCTION, DISCHARGED ALIVE W MCC",470001,CENTRAL VERMONT MEDICAL CENTER,BOX 547,BARRE,VT,5641,VT - Burlington,37,19256.05,15542.57,14887.97,44.2,-72.4
"280 - ACUTE MYOCARDIAL INFARCTION, DISCHARGED ALIVE W MCC",470003,UNIVERSITY OF VERMONT MEDICAL CENTER,111 COLCHESTER AVE,BURLINGTON,VT,5401,VT - Burlington,84,31696.33,14710.33,13191.98,44.48,-73.2
"280 - ACUTE MYOCARDIAL INFARCTION, DISCHARGED ALIVE W MCC",470005,RUTLAND REGIONAL MEDICAL CENTER,160 ALLEN ST,RUTLAND,VT,5701,VT - Burlington,19,27359.95,14232.21,13353.84,43.6,-72.9
"280 - ACUTE MYOCARDIAL INFARCTION, DISCHARGED ALIVE W MCC",470012,SOUTHWESTERN VERMONT MEDICAL CENTER,100 HOSPITAL DRIVE,BENNINGTON,VT,5201,NY - Albany,11,19857.55,12285.09,11231.64,42.9,-73.1
"280 - ACUTE MYOCARDIAL INFARCTION, DISCHARGED ALIVE W MCC",470024,NORTHWESTERN MEDICAL CENTER INC,133 FAIRFIELD STREET,SAINT ALBANS,VT,5478,VT - Burlington,26,13318.81,15251.85,14560.46,44.8,-73.1
"281 - ACUTE MYOCARDIAL INFARCTION, DISCHARGED ALIVE W CC",470001,CENTRAL VERMONT MEDICAL CENTER,BOX 547,BARRE,VT,5641,VT - Burlington,35,15614.69,9424.6,8765.4,44.2,-72.4
"281 - ACUTE MYOCARDIAL INFARCTION, DISCHARGED ALIVE W CC",470003,UNIVERSITY OF VERMONT MEDICAL CENTER,111 COLCHESTER AVE,BURLINGTON,VT,5401,VT - Burlington,48,18352.44,8796.19,7392.31,44.48,-73.2
"281 - ACUTE MYOCARDIAL INFARCTION, DISCHARGED ALIVE W CC",470005,RUTLAND REGIONAL MEDICAL CENTER,160 ALLEN ST,RUTLAND,VT,5701,VT - Burlington,20,16020.75,8592.2,7697.6,43.6,-72.9
"281 - ACUTE MYOCARDIAL INFARCTION, DISCHARGED ALIVE W CC",470024,NORTHWESTERN MEDICAL CENTER INC,133 FAIRFIELD STREET,SAINT ALBANS,VT,5478,VT - Burlington,21,8620.05,9262.57,8346.57,44.8,-73.1
"282 - ACUTE MYOCARDIAL INFARCTION, DISCHARGED ALIVE W/O CC/MCC",470001,CENTRAL VERMONT MEDICAL CENTER,BOX 547,BARRE,VT,5641,VT - Burlington,19,10407.84,6999.79,6189.26,44.2,-72.4
"282 - ACUTE MYOCARDIAL INFARCTION, DISCHARGED ALIVE W/O CC/MCC",470003,UNIVERSITY OF VERMONT MEDICAL CENTER,111 COLCHESTER AVE,BURLINGTON,VT,5401,VT - Burlington,22,21235.5,6838.59,5538.32,44.48,-73.2
"283 - ACUTE MYOCARDIAL INFARCTION, EXPIRED W MCC",470003,UNIVERSITY OF VERMONT MEDICAL CENTER,111 COLCHESTER AVE,BURLINGTON,VT,5401,VT - Burlington,14,38055.29,18865.21,13629.07,44.48,-73.2
"286 - CIRCULATORY DISORDERS EXCEPT AMI, W CARD CATH W MCC",470003,UNIVERSITY OF VERMONT MEDICAL CENTER,111 COLCHESTER AVE,BURLINGTON,VT,5401,VT - Burlington,24,42545.21,19778.54,16686.67,44.48,-73.2
"287 - CIRCULATORY DISORDERS EXCEPT AMI, W CARD CATH W/O MCC",470003,UNIVERSITY OF VERMONT MEDICAL CENTER,111 COLCHESTER AVE,BURLINGTON,VT,5401,VT - Burlington,49,23066.65,10499.06,8432.22,44.48,-73.2
291 - HEART FAILURE & SHOCK W MCC,470001,CENTRAL VERMONT MEDICAL CENTER,BOX 547,BARRE,VT,5641,VT - Burlington,55,21191.27,13665.58,12983.65,44.2,-72.4
291 - HEART FAILURE & SHOCK W MCC,470003,UNIVERSITY OF VERMONT MEDICAL CENTER,111 COLCHESTER AVE,BURLINGTON,VT,5401,VT - Burlington,134,27324.3,12981.1,11166.53,44.48,-73.2
291 - HEART FAILURE & SHOCK W MCC,470005,RUTLAND REGIONAL MEDICAL CENTER,160 ALLEN ST,RUTLAND,VT,5701,VT - Burlington,60,22552.1,12442.92,11551.72,43.6,-72.9
291 - HEART FAILURE & SHOCK W MCC,470011,BRATTLEBORO MEMORIAL HOSPITAL,17 BELMONT AVE,BRATTLEBORO,VT,5301,NH - Lebanon,11,16934.36,13466.0,12648.91,42.8,-72.7
291 - HEART FAILURE & SHOCK W MCC,470012,SOUTHWESTERN VERMONT MEDICAL CENTER,100 HOSPITAL DRIVE,BENNINGTON,VT,5201,NY - Albany,60,17189.05,11441.38,9448.55,42.9,-73.1
291 - HEART FAILURE & SHOCK W MCC,470024,NORTHWESTERN MEDICAL CENTER INC,133 FAIRFIELD STREET,SAINT ALBANS,VT,5478,VT - Burlington,58,11923.22,13319.59,12377.4,44.8,-73.1
292 - HEART FAILURE & SHOCK W CC,470001,CENTRAL VERMONT MEDICAL CENTER,BOX 547,BARRE,VT,5641,VT - Burlington,62,17003.32,8960.85,8236.47,44.2,-72.4
292 - HEART FAILURE & SHOCK W CC,470003,UNIVERSITY OF VERMONT MEDICAL CENTER,111 COLCHESTER AVE,BURLINGTON,VT,5401,VT - Burlington,130,17781.38,8528.12,7134.38,44.48,-73.2
292 - HEART FAILURE & SHOCK W CC,470005,RUTLAND REGIONAL MEDICAL CENTER,160 ALLEN ST,RUTLAND,VT,5701,VT - Burlington,43,21311.47,8166.53,7325.07,43.6,-72.9
292 - HEART FAILURE & SHOCK W CC,470011,BRATTLEBORO MEMORIAL HOSPITAL,17 BELMONT AVE,BRATTLEBORO,VT,5301,NH - Lebanon,14,14829.5,8845.36,7837.36,42.8,-72.7
292 - HEART FAILURE & SHOCK W CC,470012,SOUTHWESTERN VERMONT MEDICAL CENTER,100 HOSPITAL DRIVE,BENNINGTON,VT,5201,NY - Albany,45,11064.0,7201.67,6015.27,42.9,-73.1
292 - HEART FAILURE & SHOCK W CC,470024,NORTHWESTERN MEDICAL CENTER INC,133 FAIRFIELD STREET,SAINT ALBANS,VT,5478,VT - Burlington,15,13841.47,8803.2,8120.0,44.8,-73.1
293 - HEART FAILURE & SHOCK W/O CC/MCC,470001,CENTRAL VERMONT MEDICAL CENTER,BOX 547,BARRE,VT,5641,VT - Burlington,18,15946.22,6240.83,5313.72,44.2,-72.4
293 - HEART FAILURE & SHOCK W/O CC/MCC,470003,UNIVERSITY OF VERMONT MEDICAL CENTER,111 COLCHESTER AVE,BURLINGTON,VT,5401,VT - Burlington,30,13413.57,6238.87,5141.47,44.48,-73.2
293 - HEART FAILURE & SHOCK W/O CC/MCC,470005,RUTLAND REGIONAL MEDICAL CENTER,160 ALLEN ST,RUTLAND,VT,5701,VT - Burlington,13,15261.23,6350.85,4548.54,43.6,-72.9
300 - PERIPHERAL VASCULAR DISORDERS W CC,470003,UNIVERSITY OF VERMONT MEDICAL CENTER,111 COLCHESTER AVE,BURLINGTON,VT,5401,VT - Burlington,15,16967.73,8704.0,6364.47,44.48,-73.2
300 - PERIPHERAL VASCULAR DISORDERS W CC,470005,RUTLAND REGIONAL MEDICAL CENTER,160 ALLEN ST,RUTLAND,VT,5701,VT - Burlington,12,19479.67,8392.42,7648.08,43.6,-72.9
308 - CARDIAC ARRHYTHMIA & CONDUCTION DISORDERS W MCC,470001,CENTRAL VERMONT MEDICAL CENTER,BOX 547,BARRE,VT,5641,VT - Burlington,32,18309.16,11244.94,10403.19,44.2,-72.4
308 - CARDIAC ARRHYTHMIA & CONDUCTION DISORDERS W MCC,470003,UNIVERSITY OF VERMONT MEDICAL CENTER,111 COLCHESTER AVE,BURLINGTON,VT,5401,VT - Burlington,48,23107.13,11783.9,9821.42,44.48,-73.2
308 - CARDIAC ARRHYTHMIA & CONDUCTION DISORDERS W MCC,470005,RUTLAND REGIONAL MEDICAL CENTER,160 ALLEN ST,RUTLAND,VT,5701,VT - Burlington,33,23626.24,10235.0,9187.97,43.6,-72.9
308 - CARDIAC ARRHYTHMIA & CONDUCTION DISORDERS W MCC,470012,SOUTHWESTERN VERMONT MEDICAL CENTER,100 HOSPITAL DRIVE,BENNINGTON,VT,5201,NY - Albany,35,17301.06,9271.54,7203.71,42.9,-73.1
309 - CARDIAC ARRHYTHMIA & CONDUCTION DISORDERS W CC,470001,CENTRAL VERMONT MEDICAL CENTER,BOX 547,BARRE,VT,5641,VT - Burlington,48,14063.4,7272.06,6257.65,44.2,-72.4
309 - CARDIAC ARRHYTHMIA & CONDUCTION DISORDERS W CC,470003,UNIVERSITY OF VERMONT MEDICAL CENTER,111 COLCHESTER AVE,BURLINGTON,VT,5401,VT - Burlington,65,14994.78,7275.08,5852.37,44.48,-73.2
309 - CARDIAC ARRHYTHMIA & CONDUCTION DISORDERS W CC,470005,RUTLAND REGIONAL MEDICAL CENTER,160 ALLEN ST,RUTLAND,VT,5701,VT - Burlington,61,18340.28,6655.2,5546.54,43.6,-72.9
309 - CARDIAC ARRHYTHMIA & CONDUCTION DISORDERS W CC,470012,SOUTHWESTERN VERMONT MEDICAL CENTER,100 HOSPITAL DRIVE,BENNINGTON,VT,5201,NY - Albany,25,11038.12,5976.72,4617.84,42.9,-73.1
309 - CARDIAC ARRHYTHMIA & CONDUCTION DISORDERS W CC,470024,NORTHWESTERN MEDICAL CENTER INC,133 FAIRFIELD STREET,SAINT ALBANS,VT,5478,VT - Burlington,13,11520.77,7451.15,6326.08,44.8,-73.1
310 - CARDIAC ARRHYTHMIA & CONDUCTION DISORDERS W/O CC/MCC,470001,CENTRAL VERMONT MEDICAL CENTER,BOX 547,BARRE,VT,5641,VT - Burlington,34,12887.97,5205.71,4036.29,44.2,-72.4
310 - CARDIAC ARRHYTHMIA & CONDUCTION DISORDERS W/O CC/MCC,470003,UNIVERSITY OF VERMONT MEDICAL CENTER,111 COLCHESTER AVE,BURLINGTON,VT,5401,VT - Burlington,66,8835.47,5690.7,3643.17,44.48,-73.2
310 - CARDIAC ARRHYTHMIA & CONDUCTION DISORDERS W/O CC/MCC,470005,RUTLAND REGIONAL MEDICAL CENTER,160 ALLEN ST,RUTLAND,VT,5701,VT - Burlington,55,11847.69,4856.15,3562.13,43.6,-72.9
310 - CARDIAC ARRHYTHMIA & CONDUCTION DISORDERS W/O CC/MCC,470012,SOUTHWESTERN VERMONT MEDICAL CENTER,100 HOSPITAL DRIVE,BENNINGTON,VT,5201,NY - Albany,21,7654.86,4725.57,2652.48,42.9,-73.1
312 - SYNCOPE & COLLAPSE,470001,CENTRAL VERMONT MEDICAL CENTER,BOX 547,BARRE,VT,5641,VT - Burlington,24,17698.75,7072.67,5999.33,44.2,-72.4
312 - SYNCOPE & COLLAPSE,470003,UNIVERSITY OF VERMONT MEDICAL CENTER,111 COLCHESTER AVE,BURLINGTON,VT,5401,VT - Burlington,37,18182.43,7075.22,5809.43,44.48,-73.2
312 - SYNCOPE & COLLAPSE,470005,RUTLAND REGIONAL MEDICAL CENTER,160 ALLEN ST,RUTLAND,VT,5701,VT - Burlington,33,17039.39,6444.97,5149.88,43.6,-72.9
312 - SYNCOPE & COLLAPSE,470012,SOUTHWESTERN VERMONT MEDICAL CENTER,100 HOSPITAL DRIVE,BENNINGTON,VT,5201,NY - Albany,13,14473.15,5564.23,4770.38,42.9,-73.1
313 - CHEST PAIN,470001,CENTRAL VERMONT MEDICAL CENTER,BOX 547,BARRE,VT,5641,VT - Burlington,15,14669.47,6137.33,5196.53,44.2,-72.4
313 - CHEST PAIN,470003,UNIVERSITY OF VERMONT MEDICAL CENTER,111 COLCHESTER AVE,BURLINGTON,VT,5401,VT - Burlington,16,17618.06,6258.38,4897.75,44.48,-73.2
313 - CHEST PAIN,470005,RUTLAND REGIONAL MEDICAL CENTER,160 ALLEN ST,RUTLAND,VT,5701,VT - Burlington,14,15909.36,5588.5,4670.5,43.6,-72.9
314 - OTHER CIRCULATORY SYSTEM DIAGNOSES W MCC,470003,UNIVERSITY OF VERMONT MEDICAL CENTER,111 COLCHESTER AVE,BURLINGTON,VT,5401,VT - Burlington,31,35791.29,16687.03,15115.26,44.48,-73.2
315 - OTHER CIRCULATORY SYSTEM DIAGNOSES W CC,470003,UNIVERSITY OF VERMONT MEDICAL CENTER,111 COLCHESTER AVE,BURLINGTON,VT,5401,VT - Burlington,19,22042.74,8469.16,7447.95,44.48,-73.2
"326 - STOMACH, ESOPHAGEAL & DUODENAL PROC W MCC",470003,UNIVERSITY OF VERMONT MEDICAL CENTER,111 COLCHESTER AVE,BURLINGTON,VT,5401,VT - Burlington,13,117770.31,54772.62,51369.85,44.48,-73.2
"327 - STOMACH, ESOPHAGEAL & DUODENAL PROC W CC",470003,UNIVERSITY OF VERMONT MEDICAL CENTER,111 COLCHESTER AVE,BURLINGTON,VT,5401,VT - Burlington,23,42998.09,21541.52,19891.61,44.48,-73.2
"328 - STOMACH, ESOPHAGEAL & DUODENAL PROC W/O CC/MCC",470003,UNIVERSITY OF VERMONT MEDICAL CENTER,111 COLCHESTER AVE,BURLINGTON,VT,5401,VT - Burlington,16,32991.19,12814.63,11447.88,44.48,-73.2
329 - MAJOR SMALL & LARGE BOWEL PROCEDURES W MCC,470003,UNIVERSITY OF VERMONT MEDICAL CENTER,111 COLCHESTER AVE,BURLINGTON,VT,5401,VT - Burlington,17,113121.76,46807.18,43741.0,44.48,-73.2
330 - MAJOR SMALL & LARGE BOWEL PROCEDURES W CC,470003,UNIVERSITY OF VERMONT MEDICAL CENTER,111 COLCHESTER AVE,BURLINGTON,VT,5401,VT - Burlington,54,37300.19,19577.43,17742.43,44.48,-73.2
330 - MAJOR SMALL & LARGE BOWEL PROCEDURES W CC,470005,RUTLAND REGIONAL MEDICAL CENTER,160 ALLEN ST,RUTLAND,VT,5701,VT - Burlington,24,46277.25,21678.13,20611.75,43.6,-72.9
330 - MAJOR SMALL & LARGE BOWEL PROCEDURES W CC,470012,SOUTHWESTERN VERMONT MEDICAL CENTER,100 HOSPITAL DRIVE,BENNINGTON,VT,5201,NY - Albany,19,31154.63,19674.26,15530.74,42.9,-73.1
331 - MAJOR SMALL & LARGE BOWEL PROCEDURES W/O CC/MCC,470003,UNIVERSITY OF VERMONT MEDICAL CENTER,111 COLCHESTER AVE,BURLINGTON,VT,5401,VT - Burlington,31,26496.84,13491.03,11901.87,44.48,-73.2
357 - OTHER DIGESTIVE SYSTEM O.R. PROCEDURES W CC,470003,UNIVERSITY OF VERMONT MEDICAL CENTER,111 COLCHESTER AVE,BURLINGTON,VT,5401,VT - Burlington,14,37063.71,17003.57,13802.79,44.48,-73.2
372 - MAJOR GASTROINTESTINAL DISORDERS & PERITONEAL INFECTIONS W CC,470003,UNIVERSITY OF VERMONT MEDICAL CENTER,111 COLCHESTER AVE,BURLINGTON,VT,5401,VT - Burlington,17,21573.06,12195.88,7932.76,44.48,-73.2
372 - MAJOR GASTROINTESTINAL DISORDERS & PERITONEAL INFECTIONS W CC,470005,RUTLAND REGIONAL MEDICAL CENTER,160 ALLEN ST,RUTLAND,VT,5701,VT - Burlington,15,33222.67,10390.07,10048.47,43.6,-72.9
372 - MAJOR GASTROINTESTINAL DISORDERS & PERITONEAL INFECTIONS W CC,470012,SOUTHWESTERN VERMONT MEDICAL CENTER,100 HOSPITAL DRIVE,BENNINGTON,VT,5201,NY - Albany,12,15742.0,8559.08,6634.92,42.9,-73.1
375 - DIGESTIVE MALIGNANCY W CC,470003,UNIVERSITY OF VERMONT MEDICAL CENTER,111 COLCHESTER AVE,BURLINGTON,VT,5401,VT - Burlington,13,30394.92,13233.0,9591.38,44.48,-73.2
377 - G.I. HEMORRHAGE W MCC,470001,CENTRAL VERMONT MEDICAL CENTER,BOX 547,BARRE,VT,5641,VT - Burlington,15,20704.53,16133.67,15278.73,44.2,-72.4
377 - G.I. HEMORRHAGE W MCC,470003,UNIVERSITY OF VERMONT MEDICAL CENTER,111 COLCHESTER AVE,BURLINGTON,VT,5401,VT - Burlington,39,26902.79,15546.31,11656.51,44.48,-73.2
377 - G.I. HEMORRHAGE W MCC,470005,RUTLAND REGIONAL MEDICAL CENTER,160 ALLEN ST,RUTLAND,VT,5701,VT - Burlington,18,33584.94,16965.83,15968.78,43.6,-72.9
378 - G.I. HEMORRHAGE W CC,470001,CENTRAL VERMONT MEDICAL CENTER,BOX 547,BARRE,VT,5641,VT - Burlington,43,16038.14,9203.26,8458.33,44.2,-72.4
378 - G.I. HEMORRHAGE W CC,470003,UNIVERSITY OF VERMONT MEDICAL CENTER,111 COLCHESTER AVE,BURLINGTON,VT,5401,VT - Burlington,93,18144.34,8984.55,7591.01,44.48,-73.2
378 - G.I. HEMORRHAGE W CC,470005,RUTLAND REGIONAL MEDICAL CENTER,160 ALLEN ST,RUTLAND,VT,5701,VT - Burlington,47,20002.26,8383.62,7456.04,43.6,-72.9
378 - G.I. HEMORRHAGE W CC,470011,BRATTLEBORO MEMORIAL HOSPITAL,17 BELMONT AVE,BRATTLEBORO,VT,5301,NH - Lebanon,23,15711.83,9191.04,7739.74,42.8,-72.7
378 - G.I. HEMORRHAGE W CC,470012,SOUTHWESTERN VERMONT MEDICAL CENTER,100 HOSPITAL DRIVE,BENNINGTON,VT,5201,NY - Albany,42,15545.5,7825.93,5836.36,42.9,-73.1
378 - G.I. HEMORRHAGE W CC,470024,NORTHWESTERN MEDICAL CENTER INC,133 FAIRFIELD STREET,SAINT ALBANS,VT,5478,VT - Burlington,24,10981.08,9023.46,7872.54,44.8,-73.1
379 - G.I. HEMORRHAGE W/O CC/MCC,470003,UNIVERSITY OF VERMONT MEDICAL CENTER,111 COLCHESTER AVE,BURLINGTON,VT,5401,VT - Burlington,12,10502.25,6268.75,4864.08,44.48,-73.2
388 - G.I. OBSTRUCTION W MCC,470001,CENTRAL VERMONT MEDICAL CENTER,BOX 547,BARRE,VT,5641,VT - Burlington,12,22946.5,14625.08,13909.33,44.2,-72.4
388 - G.I. OBSTRUCTION W MCC,470003,UNIVERSITY OF VERMONT MEDICAL CENTER,111 COLCHESTER AVE,BURLINGTON,VT,5401,VT - Burlington,12,26600.08,12048.42,10096.58,44.48,-73.2
389 - G.I. OBSTRUCTION W CC,470001,CENTRAL VERMONT MEDICAL CENTER,BOX 547,BARRE,VT,5641,VT - Burlington,19,12336.0,8052.21,7172.42,44.2,-72.4
389 - G.I. OBSTRUCTION W CC,470003,UNIVERSITY OF VERMONT MEDICAL CENTER,111 COLCHESTER AVE,BURLINGTON,VT,5401,VT - Burlington,45,21000.02,8042.53,6535.96,44.48,-73.2
389 - G.I. OBSTRUCTION W CC,470005,RUTLAND REGIONAL MEDICAL CENTER,160 ALLEN ST,RUTLAND,VT,5701,VT - Burlington,21,15991.24,7804.0,6190.0,43.6,-72.9
389 - G.I. OBSTRUCTION W CC,470024,NORTHWESTERN MEDICAL CENTER INC,133 FAIRFIELD STREET,SAINT ALBANS,VT,5478,VT - Burlington,14,10070.29,7908.21,7080.21,44.8,-73.1
390 - G.I. OBSTRUCTION W/O CC/MCC,470003,UNIVERSITY OF VERMONT MEDICAL CENTER,111 COLCHESTER AVE,BURLINGTON,VT,5401,VT - Burlington,32,14932.06,6322.47,4141.94,44.48,-73.2
390 - G.I. OBSTRUCTION W/O CC/MCC,470005,RUTLAND REGIONAL MEDICAL CENTER,160 ALLEN ST,RUTLAND,VT,5701,VT - Burlington,11,14052.18,5127.36,3964.09,43.6,-72.9
390 - G.I. OBSTRUCTION W/O CC/MCC,470024,NORTHWESTERN MEDICAL CENTER INC,133 FAIRFIELD STREET,SAINT ALBANS,VT,5478,VT - Burlington,16,8178.0,5774.94,4057.44,44.8,-73.1
"391 - ESOPHAGITIS, GASTROENT & MISC DIGEST DISORDERS W MCC",470001,CENTRAL VERMONT MEDICAL CENTER,BOX 547,BARRE,VT,5641,VT - Burlington,11,28075.27,13194.36,12174.27,44.2,-72.4
"391 - ESOPHAGITIS, GASTROENT & MISC DIGEST DISORDERS W MCC",470003,UNIVERSITY OF VERMONT MEDICAL CENTER,111 COLCHESTER AVE,BURLINGTON,VT,5401,VT - Burlington,23,27837.17,11124.22,9798.91,44.48,-73.2
"392 - ESOPHAGITIS, GASTROENT & MISC DIGEST DISORDERS W/O MCC",470001,CENTRAL VERMONT MEDICAL CENTER,BOX 547,BARRE,VT,5641,VT - Burlington,39,16272.97,7163.46,6294.74,44.2,-72.4
"392 - ESOPHAGITIS, GASTROENT & MISC DIGEST DISORDERS W/O MCC",470003,UNIVERSITY OF VERMONT MEDICAL CENTER,111 COLCHESTER AVE,BURLINGTON,VT,5401,VT - Burlington,94,17348.56,7407.24,5510.34,44.48,-73.2
"392 - ESOPHAGITIS, GASTROENT & MISC DIGEST DISORDERS W/O MCC",470005,RUTLAND REGIONAL MEDICAL CENTER,160 ALLEN ST,RUTLAND,VT,5701,VT - Burlington,70,16753.19,6404.8,5239.67,43.6,-72.9
"392 - ESOPHAGITIS, GASTROENT & MISC DIGEST DISORDERS W/O MCC",470011,BRATTLEBORO MEMORIAL HOSPITAL,17 BELMONT AVE,BRATTLEBORO,VT,5301,NH - Lebanon,13,13638.77,6790.0,5807.85,42.8,-72.7
"392 - ESOPHAGITIS, GASTROENT & MISC DIGEST DISORDERS W/O MCC",470012,SOUTHWESTERN VERMONT MEDICAL CENTER,100 HOSPITAL DRIVE,BENNINGTON,VT,5201,NY - Albany,42,13087.33,5397.1,4448.52,42.9,-73.1
"392 - ESOPHAGITIS, GASTROENT & MISC DIGEST DISORDERS W/O MCC",470024,NORTHWESTERN MEDICAL CENTER INC,133 FAIRFIELD STREET,SAINT ALBANS,VT,5478,VT - Burlington,29,11207.41,6732.52,5761.21,44.8,-73.1
393 - OTHER DIGESTIVE SYSTEM DIAGNOSES W MCC,470001,CENTRAL VERMONT MEDICAL CENTER,BOX 547,BARRE,VT,5641,VT - Burlington,11,18097.18,15102.82,14751.55,44.2,-72.4
393 - OTHER DIGESTIVE SYSTEM DIAGNOSES W MCC,470003,UNIVERSITY OF VERMONT MEDICAL CENTER,111 COLCHESTER AVE,BURLINGTON,VT,5401,VT - Burlington,15,23919.6,14064.73,12703.0,44.48,-73.2
394 - OTHER DIGESTIVE SYSTEM DIAGNOSES W CC,470003,UNIVERSITY OF VERMONT MEDICAL CENTER,111 COLCHESTER AVE,BURLINGTON,VT,5401,VT - Burlington,39,21167.85,8861.54,7183.69,44.48,-73.2
394 - OTHER DIGESTIVE SYSTEM DIAGNOSES W CC,470005,RUTLAND REGIONAL MEDICAL CENTER,160 ALLEN ST,RUTLAND,VT,5701,VT - Burlington,20,18171.15,8025.8,7129.8,43.6,-72.9
418 - LAPAROSCOPIC CHOLECYSTECTOMY W/O C.D.E. W CC,470003,UNIVERSITY OF VERMONT MEDICAL CENTER,111 COLCHESTER AVE,BURLINGTON,VT,5401,VT - Burlington,11,32795.45,15219.82,11193.27,44.48,-73.2
436 - MALIGNANCY OF HEPATOBILIARY SYSTEM OR PANCREAS W CC,470003,UNIVERSITY OF VERMONT MEDICAL CENTER,111 COLCHESTER AVE,BURLINGTON,VT,5401,VT - Burlington,16,23117.75,10467.06,8902.94,44.48,-73.2
439 - DISORDERS OF PANCREAS EXCEPT MALIGNANCY W CC,470001,CENTRAL VERMONT MEDICAL CENTER,BOX 547,BARRE,VT,5641,VT - Burlington,20,13724.6,8158.15,7518.35,44.2,-72.4
439 - DISORDERS OF PANCREAS EXCEPT MALIGNANCY W CC,470003,UNIVERSITY OF VERMONT MEDICAL CENTER,111 COLCHESTER AVE,BURLINGTON,VT,5401,VT - Burlington,25,18070.8,8034.64,6646.96,44.48,-73.2
439 - DISORDERS OF PANCREAS EXCEPT MALIGNANCY W CC,470005,RUTLAND REGIONAL MEDICAL CENTER,160 ALLEN ST,RUTLAND,VT,5701,VT - Burlington,13,16940.62,7441.23,6505.38,43.6,-72.9
440 - DISORDERS OF PANCREAS EXCEPT MALIGNANCY W/O CC/MCC,470001,CENTRAL VERMONT MEDICAL CENTER,BOX 547,BARRE,VT,5641,VT - Burlington,12,14802.75,5906.5,4837.83,44.2,-72.4
440 - DISORDERS OF PANCREAS EXCEPT MALIGNANCY W/O CC/MCC,470003,UNIVERSITY OF VERMONT MEDICAL CENTER,111 COLCHESTER AVE,BURLINGTON,VT,5401,VT - Burlington,13,16083.23,6055.38,4575.85,44.48,-73.2
"442 - DISORDERS OF LIVER EXCEPT MALIG,CIRR,ALC HEPA W CC",470003,UNIVERSITY OF VERMONT MEDICAL CENTER,111 COLCHESTER AVE,BURLINGTON,VT,5401,VT - Burlington,12,24810.92,12288.5,6575.33,44.48,-73.2
"442 - DISORDERS OF LIVER EXCEPT MALIG,CIRR,ALC HEPA W CC",470005,RUTLAND REGIONAL MEDICAL CENTER,160 ALLEN ST,RUTLAND,VT,5701,VT - Burlington,11,27620.09,8228.0,7418.55,43.6,-72.9
445 - DISORDERS OF THE BILIARY TRACT W CC,470001,CENTRAL VERMONT MEDICAL CENTER,BOX 547,BARRE,VT,5641,VT - Burlington,12,18627.83,9756.08,8792.42,44.2,-72.4
445 - DISORDERS OF THE BILIARY TRACT W CC,470003,UNIVERSITY OF VERMONT MEDICAL CENTER,111 COLCHESTER AVE,BURLINGTON,VT,5401,VT - Burlington,17,25852.41,9594.47,8396.41,44.48,-73.2
460 - SPINAL FUSION EXCEPT CERVICAL W/O MCC,470001,CENTRAL VERMONT MEDICAL CENTER,BOX 547,BARRE,VT,5641,VT - Burlington,12,59029.17,36724.42,35658.08,44.2,-72.4
460 - SPINAL FUSION EXCEPT CERVICAL W/O MCC,470003,UNIVERSITY OF VERMONT MEDICAL CENTER,111 COLCHESTER AVE,BURLINGTON,VT,5401,VT - Burlington,74,79514.31,34390.46,29669.35,44.48,-73.2
460 - SPINAL FUSION EXCEPT CERVICAL W/O MCC,470005,RUTLAND REGIONAL MEDICAL CENTER,160 ALLEN ST,RUTLAND,VT,5701,VT - Burlington,14,70367.86,35997.43,29939.57,43.6,-72.9
460 - SPINAL FUSION EXCEPT CERVICAL W/O MCC,470012,SOUTHWESTERN VERMONT MEDICAL CENTER,100 HOSPITAL DRIVE,BENNINGTON,VT,5201,NY - Albany,13,46166.62,29100.08,25430.85,42.9,-73.1
460 - SPINAL FUSION EXCEPT CERVICAL W/O MCC,470024,NORTHWESTERN MEDICAL CENTER INC,133 FAIRFIELD STREET,SAINT ALBANS,VT,5478,VT - Burlington,37,45822.27,35942.49,32968.51,44.8,-73.1
462 - BILATERAL OR MULTIPLE MAJOR JOINT PROCS OF LOWER EXTREMITY W/O MCC,470003,UNIVERSITY OF VERMONT MEDICAL CENTER,111 COLCHESTER AVE,BURLINGTON,VT,5401,VT - Burlington,20,69618.35,34747.05,19526.55,44.48,-73.2
462 - BILATERAL OR MULTIPLE MAJOR JOINT PROCS OF LOWER EXTREMITY W/O MCC,470005,RUTLAND REGIONAL MEDICAL CENTER,160 ALLEN ST,RUTLAND,VT,5701,VT - Burlington,20,58230.6,29092.05,24517.4,43.6,-72.9
467 - REVISION OF HIP OR KNEE REPLACEMENT W CC,470003,UNIVERSITY OF VERMONT MEDICAL CENTER,111 COLCHESTER AVE,BURLINGTON,VT,5401,VT - Burlington,12,79491.67,28721.67,23534.5,44.48,-73.2
468 - REVISION OF HIP OR KNEE REPLACEMENT W/O CC/MCC,470005,RUTLAND REGIONAL MEDICAL CENTER,160 ALLEN ST,RUTLAND,VT,5701,VT - Burlington,13,49702.77,23937.46,22656.0,43.6,-72.9
469 - MAJOR JOINT REPLACEMENT OR REATTACHMENT OF LOWER EXTREMITY W MCC,470003,UNIVERSITY OF VERMONT MEDICAL CENTER,111 COLCHESTER AVE,BURLINGTON,VT,5401,VT - Burlington,22,64913.5,27869.91,25840.45,44.48,-73.2
470 - MAJOR JOINT REPLACEMENT OR REATTACHMENT OF LOWER EXTREMITY W/O MCC,470001,CENTRAL VERMONT MEDICAL CENTER,BOX 547,BARRE,VT,5641,VT - Burlington,84,36900.02,19386.08,17768.25,44.2,-72.4
470 - MAJOR JOINT REPLACEMENT OR REATTACHMENT OF LOWER EXTREMITY W/O MCC,470003,UNIVERSITY OF VERMONT MEDICAL CENTER,111 COLCHESTER AVE,BURLINGTON,VT,5401,VT - Burlington,347,40719.32,18240.42,14787.62,44.48,-73.2
470 - MAJOR JOINT REPLACEMENT OR REATTACHMENT OF LOWER EXTREMITY W/O MCC,470005,RUTLAND REGIONAL MEDICAL CENTER,160 ALLEN ST,RUTLAND,VT,5701,VT - Burlington,263,41990.56,17682.68,15927.71,43.6,-72.9
470 - MAJOR JOINT REPLACEMENT OR REATTACHMENT OF LOWER EXTREMITY W/O MCC,470011,BRATTLEBORO MEMORIAL HOSPITAL,17 BELMONT AVE,BRATTLEBORO,VT,5301,NH - Lebanon,95,28437.47,19344.73,17090.99,42.8,-72.7
470 - MAJOR JOINT REPLACEMENT OR REATTACHMENT OF LOWER EXTREMITY W/O MCC,470012,SOUTHWESTERN VERMONT MEDICAL CENTER,100 HOSPITAL DRIVE,BENNINGTON,VT,5201,NY - Albany,38,37417.26,15884.53,13602.58,42.9,-73.1
470 - MAJOR JOINT REPLACEMENT OR REATTACHMENT OF LOWER EXTREMITY W/O MCC,470024,NORTHWESTERN MEDICAL CENTER INC,133 FAIRFIELD STREET,SAINT ALBANS,VT,5478,VT - Burlington,81,33421.43,19071.79,17219.19,44.8,-73.1
473 - CERVICAL SPINAL FUSION W/O CC/MCC,470003,UNIVERSITY OF VERMONT MEDICAL CENTER,111 COLCHESTER AVE,BURLINGTON,VT,5401,VT - Burlington,40,42754.95,18974.73,16298.75,44.48,-73.2
480 - HIP & FEMUR PROCEDURES EXCEPT MAJOR JOINT W MCC,470001,CENTRAL VERMONT MEDICAL CENTER,BOX 547,BARRE,VT,5641,VT - Burlington,13,39353.08,27605.69,26423.31,44.2,-72.4
480 - HIP & FEMUR PROCEDURES EXCEPT MAJOR JOINT W MCC,470003,UNIVERSITY OF VERMONT MEDICAL CENTER,111 COLCHESTER AVE,BURLINGTON,VT,5401,VT - Burlington,18,59736.5,26951.56,22915.39,44.48,-73.2
480 - HIP & FEMUR PROCEDURES EXCEPT MAJOR JOINT W MCC,470005,RUTLAND REGIONAL MEDICAL CENTER,160 ALLEN ST,RUTLAND,VT,5701,VT - Burlington,12,52350.17,25248.83,24502.25,43.6,-72.9
481 - HIP & FEMUR PROCEDURES EXCEPT MAJOR JOINT W CC,470001,CENTRAL VERMONT MEDICAL CENTER,BOX 547,BARRE,VT,5641,VT - Burlington,33,31015.55,18285.15,17122.73,44.2,-72.4
481 - HIP & FEMUR PROCEDURES EXCEPT MAJOR JOINT W CC,470003,UNIVERSITY OF VERMONT MEDICAL CENTER,111 COLCHESTER AVE,BURLINGTON,VT,5401,VT - Burlington,73,41951.78,16814.85,14496.81,44.48,-73.2
481 - HIP & FEMUR PROCEDURES EXCEPT MAJOR JOINT W CC,470005,RUTLAND REGIONAL MEDICAL CENTER,160 ALLEN ST,RUTLAND,VT,5701,VT - Burlington,28,39815.39,16757.07,15658.07,43.6,-72.9
481 - HIP & FEMUR PROCEDURES EXCEPT MAJOR JOINT W CC,470012,SOUTHWESTERN VERMONT MEDICAL CENTER,100 HOSPITAL DRIVE,BENNINGTON,VT,5201,NY - Albany,22,31567.18,15512.68,12673.68,42.9,-73.1
482 - HIP & FEMUR PROCEDURES EXCEPT MAJOR JOINT W/O CC/MCC,470003,UNIVERSITY OF VERMONT MEDICAL CENTER,111 COLCHESTER AVE,BURLINGTON,VT,5401,VT - Burlington,16,38632.69,14312.44,12395.19,44.48,-73.2
482 - HIP & FEMUR PROCEDURES EXCEPT MAJOR JOINT W/O CC/MCC,470024,NORTHWESTERN MEDICAL CENTER INC,133 FAIRFIELD STREET,SAINT ALBANS,VT,5478,VT - Burlington,13,23443.46,14726.31,13642.92,44.8,-73.1
483 - MAJOR JOINT/LIMB REATTACHMENT PROCEDURE OF UPPER EXTREMITIES,470003,UNIVERSITY OF VERMONT MEDICAL CENTER,111 COLCHESTER AVE,BURLINGTON,VT,5401,VT - Burlington,47,62701.81,19924.79,18253.87,44.48,-73.2
483 - MAJOR JOINT/LIMB REATTACHMENT PROCEDURE OF UPPER EXTREMITIES,470005,RUTLAND REGIONAL MEDICAL CENTER,160 ALLEN ST,RUTLAND,VT,5701,VT - Burlington,18,52288.39,20451.94,19170.17,43.6,-72.9
483 - MAJOR JOINT/LIMB REATTACHMENT PROCEDURE OF UPPER EXTREMITIES,470011,BRATTLEBORO MEMORIAL HOSPITAL,17 BELMONT AVE,BRATTLEBORO,VT,5301,NH - Lebanon,11,33380.45,21877.55,20594.64,42.8,-72.7
483 - MAJOR JOINT/LIMB REATTACHMENT PROCEDURE OF UPPER EXTREMITIES,470024,NORTHWESTERN MEDICAL CENTER INC,133 FAIRFIELD STREET,SAINT ALBANS,VT,5478,VT - Burlington,11,41345.27,21913.0,20627.55,44.8,-73.1
"494 - LOWER EXTREM & HUMER PROC EXCEPT HIP,FOOT,FEMUR W/O CC/MCC",470005,RUTLAND REGIONAL MEDICAL CENTER,160 ALLEN ST,RUTLAND,VT,5701,VT - Burlington,11,24612.55,13304.27,12146.09,43.6,-72.9
516 - OTHER MUSCULOSKELET SYS & CONN TISS O.R. PROC W CC,470003,UNIVERSITY OF VERMONT MEDICAL CENTER,111 COLCHESTER AVE,BURLINGTON,VT,5401,VT - Burlington,13,34443.08,18437.54,14217.77,44.48,-73.2
519 - BACK & NECK PROC EXC SPINAL FUSION W CC,470003,UNIVERSITY OF VERMONT MEDICAL CENTER,111 COLCHESTER AVE,BURLINGTON,VT,5401,VT - Burlington,11,30188.09,14296.09,12612.27,44.48,-73.2
520 - BACK & NECK PROC EXC SPINAL FUSION W/O CC/MCC,470003,UNIVERSITY OF VERMONT MEDICAL CENTER,111 COLCHESTER AVE,BURLINGTON,VT,5401,VT - Burlington,14,24709.57,10756.14,8079.07,44.48,-73.2
535 - FRACTURES OF HIP & PELVIS W MCC,470003,UNIVERSITY OF VERMONT MEDICAL CENTER,111 COLCHESTER AVE,BURLINGTON,VT,5401,VT - Burlington,12,24685.42,11340.83,9810.33,44.48,-73.2
536 - FRACTURES OF HIP & PELVIS W/O MCC,470003,UNIVERSITY OF VERMONT MEDICAL CENTER,111 COLCHESTER AVE,BURLINGTON,VT,5401,VT - Burlington,22,17982.73,7006.59,5234.5,44.48,-73.2
536 - FRACTURES OF HIP & PELVIS W/O MCC,470012,SOUTHWESTERN VERMONT MEDICAL CENTER,100 HOSPITAL DRIVE,BENNINGTON,VT,5201,NY - Albany,16,10282.13,5411.94,3828.0,42.9,-73.1
542 - PATHOLOGICAL FRACTURES & MUSCULOSKELET & CONN TISS MALIG W MCC,470005,RUTLAND REGIONAL MEDICAL CENTER,160 ALLEN ST,RUTLAND,VT,5701,VT - Burlington,12,41502.08,16245.17,15178.75,43.6,-72.9
543 - PATHOLOGICAL FRACTURES & MUSCULOSKELET & CONN TISS MALIG W CC,470003,UNIVERSITY OF VERMONT MEDICAL CENTER,111 COLCHESTER AVE,BURLINGTON,VT,5401,VT - Burlington,17,29204.71,9793.59,8082.65,44.48,-73.2
551 - MEDICAL BACK PROBLEMS W MCC,470003,UNIVERSITY OF VERMONT MEDICAL CENTER,111 COLCHESTER AVE,BURLINGTON,VT,5401,VT - Burlington,11,38377.91,15649.09,13626.91,44.48,-73.2
552 - MEDICAL BACK PROBLEMS W/O MCC,470001,CENTRAL VERMONT MEDICAL CENTER,BOX 547,BARRE,VT,5641,VT - Burlington,16,10017.13,7987.88,6792.63,44.2,-72.4
552 - MEDICAL BACK PROBLEMS W/O MCC,470003,UNIVERSITY OF VERMONT MEDICAL CENTER,111 COLCHESTER AVE,BURLINGTON,VT,5401,VT - Burlington,57,19140.02,8355.46,6018.19,44.48,-73.2
552 - MEDICAL BACK PROBLEMS W/O MCC,470005,RUTLAND REGIONAL MEDICAL CENTER,160 ALLEN ST,RUTLAND,VT,5701,VT - Burlington,15,21687.07,7278.47,6167.8,43.6,-72.9
552 - MEDICAL BACK PROBLEMS W/O MCC,470012,SOUTHWESTERN VERMONT MEDICAL CENTER,100 HOSPITAL DRIVE,BENNINGTON,VT,5201,NY - Albany,13,13393.62,6410.77,4944.0,42.9,-73.1
552 - MEDICAL BACK PROBLEMS W/O MCC,470024,NORTHWESTERN MEDICAL CENTER INC,133 FAIRFIELD STREET,SAINT ALBANS,VT,5478,VT - Burlington,23,9984.04,7847.48,6651.39,44.8,-73.1
554 - BONE DISEASES & ARTHROPATHIES W/O MCC,470003,UNIVERSITY OF VERMONT MEDICAL CENTER,111 COLCHESTER AVE,BURLINGTON,VT,5401,VT - Burlington,15,15218.13,6850.2,5472.07,44.48,-73.2
556 - SIGNS & SYMPTOMS OF MUSCULOSKELETAL SYSTEM & CONN TISSUE W/O MCC,470003,UNIVERSITY OF VERMONT MEDICAL CENTER,111 COLCHESTER AVE,BURLINGTON,VT,5401,VT - Burlington,14,16026.21,7044.07,5396.36,44.48,-73.2
"563 - FX, SPRN, STRN & DISL EXCEPT FEMUR, HIP, PELVIS & THIGH W/O MCC",470003,UNIVERSITY OF VERMONT MEDICAL CENTER,111 COLCHESTER AVE,BURLINGTON,VT,5401,VT - Burlington,24,15433.5,7054.46,5317.54,44.48,-73.2
603 - CELLULITIS W/O MCC,470001,CENTRAL VERMONT MEDICAL CENTER,BOX 547,BARRE,VT,5641,VT - Burlington,44,12651.45,7902.86,6612.32,44.2,-72.4
603 - CELLULITIS W/O MCC,470003,UNIVERSITY OF VERMONT MEDICAL CENTER,111 COLCHESTER AVE,BURLINGTON,VT,5401,VT - Burlington,45,13236.4,7511.4,6195.84,44.48,-73.2
603 - CELLULITIS W/O MCC,470005,RUTLAND REGIONAL MEDICAL CENTER,160 ALLEN ST,RUTLAND,VT,5701,VT - Burlington,51,16413.57,7108.59,6076.98,43.6,-72.9
603 - CELLULITIS W/O MCC,470011,BRATTLEBORO MEMORIAL HOSPITAL,17 BELMONT AVE,BRATTLEBORO,VT,5301,NH - Lebanon,13,9469.92,7740.08,5991.69,42.8,-72.7
603 - CELLULITIS W/O MCC,470012,SOUTHWESTERN VERMONT MEDICAL CENTER,100 HOSPITAL DRIVE,BENNINGTON,VT,5201,NY - Albany,41,12677.98,6150.29,4924.24,42.9,-73.1
603 - CELLULITIS W/O MCC,470024,NORTHWESTERN MEDICAL CENTER INC,133 FAIRFIELD STREET,SAINT ALBANS,VT,5478,VT - Burlington,20,8625.3,7640.65,6809.05,44.8,-73.1
"605 - TRAUMA TO THE SKIN, SUBCUT TISS & BREAST W/O MCC",470003,UNIVERSITY OF VERMONT MEDICAL CENTER,111 COLCHESTER AVE,BURLINGTON,VT,5401,VT - Burlington,13,15938.54,8683.85,5236.08,44.48,-73.2
621 - O.R. PROCEDURES FOR OBESITY W/O CC/MCC,470003,UNIVERSITY OF VERMONT MEDICAL CENTER,111 COLCHESTER AVE,BURLINGTON,VT,5401,VT - Burlington,13,28666.31,13007.69,11548.92,44.48,-73.2
637 - DIABETES W MCC,470003,UNIVERSITY OF VERMONT MEDICAL CENTER,111 COLCHESTER AVE,BURLINGTON,VT,5401,VT - Burlington,20,28550.1,12669.25,11096.95,44.48,-73.2
638 - DIABETES W CC,470003,UNIVERSITY OF VERMONT MEDICAL CENTER,111 COLCHESTER AVE,BURLINGTON,VT,5401,VT - Burlington,30,18267.63,7555.27,6091.6,44.48,-73.2
638 - DIABETES W CC,470005,RUTLAND REGIONAL MEDICAL CENTER,160 ALLEN ST,RUTLAND,VT,5701,VT - Burlington,13,18375.77,7320.15,6335.85,43.6,-72.9
"640 - MISC DISORDERS OF NUTRITION,METABOLISM,FLUIDS/ELECTROLYTES W MCC",470003,UNIVERSITY OF VERMONT MEDICAL CENTER,111 COLCHESTER AVE,BURLINGTON,VT,5401,VT - Burlington,24,24012.88,10047.0,8703.83,44.48,-73.2
"640 - MISC DISORDERS OF NUTRITION,METABOLISM,FLUIDS/ELECTROLYTES W MCC",470005,RUTLAND REGIONAL MEDICAL CENTER,160 ALLEN ST,RUTLAND,VT,5701,VT - Burlington,20,23678.35,10297.55,9656.35,43.6,-72.9
"641 - MISC DISORDERS OF NUTRITION,METABOLISM,FLUIDS/ELECTROLYTES W/O MCC",470001,CENTRAL VERMONT MEDICAL CENTER,BOX 547,BARRE,VT,5641,VT - Burlington,31,12719.42,6684.06,5733.87,44.2,-72.4
"641 - MISC DISORDERS OF NUTRITION,METABOLISM,FLUIDS/ELECTROLYTES W/O MCC",470003,UNIVERSITY OF VERMONT MEDICAL CENTER,111 COLCHESTER AVE,BURLINGTON,VT,5401,VT - Burlington,71,16077.92,6988.89,5160.31,44.48,-73.2
"641 - MISC DISORDERS OF NUTRITION,METABOLISM,FLUIDS/ELECTROLYTES W/O MCC",470005,RUTLAND REGIONAL MEDICAL CENTER,160 ALLEN ST,RUTLAND,VT,5701,VT - Burlington,22,15664.0,6287.55,5297.36,43.6,-72.9
"641 - MISC DISORDERS OF NUTRITION,METABOLISM,FLUIDS/ELECTROLYTES W/O MCC",470011,BRATTLEBORO MEMORIAL HOSPITAL,17 BELMONT AVE,BRATTLEBORO,VT,5301,NH - Lebanon,14,12199.86,6540.36,5810.36,42.8,-72.7
"641 - MISC DISORDERS OF NUTRITION,METABOLISM,FLUIDS/ELECTROLYTES W/O MCC",470012,SOUTHWESTERN VERMONT MEDICAL CENTER,100 HOSPITAL DRIVE,BENNINGTON,VT,5201,NY - Albany,19,10168.37,5270.42,4124.32,42.9,-73.1
"641 - MISC DISORDERS OF NUTRITION,METABOLISM,FLUIDS/ELECTROLYTES W/O MCC",470024,NORTHWESTERN MEDICAL CENTER INC,133 FAIRFIELD STREET,SAINT ALBANS,VT,5478,VT - Burlington,15,8728.47,6678.33,4771.4,44.8,-73.1
652 - KIDNEY TRANSPLANT,470003,UNIVERSITY OF VERMONT MEDICAL CENTER,111 COLCHESTER AVE,BURLINGTON,VT,5401,VT - Burlington,20,205106.6,87126.5,31128.55,44.48,-73.2
657 - KIDNEY & URETER PROCEDURES FOR NEOPLASM W CC,470003,UNIVERSITY OF VERMONT MEDICAL CENTER,111 COLCHESTER AVE,BURLINGTON,VT,5401,VT - Burlington,18,34335.28,17677.22,14403.06,44.48,-73.2
660 - KIDNEY & URETER PROCEDURES FOR NON-NEOPLASM W CC,470003,UNIVERSITY OF VERMONT MEDICAL CENTER,111 COLCHESTER AVE,BURLINGTON,VT,5401,VT - Burlington,11,28752.82,13504.36,12017.09,44.48,-73.2
669 - TRANSURETHRAL PROCEDURES W CC,470003,UNIVERSITY OF VERMONT MEDICAL CENTER,111 COLCHESTER AVE,BURLINGTON,VT,5401,VT - Burlington,11,31538.73,11499.45,9738.73,44.48,-73.2
669 - TRANSURETHRAL PROCEDURES W CC,470005,RUTLAND REGIONAL MEDICAL CENTER,160 ALLEN ST,RUTLAND,VT,5701,VT - Burlington,16,26237.75,11062.56,10101.81,43.6,-72.9
682 - RENAL FAILURE W MCC,470001,CENTRAL VERMONT MEDICAL CENTER,BOX 547,BARRE,VT,5641,VT - Burlington,16,16145.94,13912.13,12870.88,44.2,-72.4
682 - RENAL FAILURE W MCC,470003,UNIVERSITY OF VERMONT MEDICAL CENTER,111 COLCHESTER AVE,BURLINGTON,VT,5401,VT - Burlington,43,27695.0,13655.05,11234.42,44.48,-73.2
682 - RENAL FAILURE W MCC,470005,RUTLAND REGIONAL MEDICAL CENTER,160 ALLEN ST,RUTLAND,VT,5701,VT - Burlington,29,26379.72,12793.38,11908.0,43.6,-72.9
682 - RENAL FAILURE W MCC,470024,NORTHWESTERN MEDICAL CENTER INC,133 FAIRFIELD STREET,SAINT ALBANS,VT,5478,VT - Burlington,28,12352.0,13401.18,12198.14,44.8,-73.1
683 - RENAL FAILURE W CC,470001,CENTRAL VERMONT MEDICAL CENTER,BOX 547,BARRE,VT,5641,VT - Burlington,27,12675.0,8675.11,7867.26,44.2,-72.4
683 - RENAL FAILURE W CC,470003,UNIVERSITY OF VERMONT MEDICAL CENTER,111 COLCHESTER AVE,BURLINGTON,VT,5401,VT - Burlington,82,21180.46,9042.62,6855.98,44.48,-73.2
683 - RENAL FAILURE W CC,470005,RUTLAND REGIONAL MEDICAL CENTER,160 ALLEN ST,RUTLAND,VT,5701,VT - Burlington,47,18177.06,7917.79,7073.62,43.6,-72.9
683 - RENAL FAILURE W CC,470012,SOUTHWESTERN VERMONT MEDICAL CENTER,100 HOSPITAL DRIVE,BENNINGTON,VT,5201,NY - Albany,20,12541.5,6967.85,5595.25,42.9,-73.1
683 - RENAL FAILURE W CC,470024,NORTHWESTERN MEDICAL CENTER INC,133 FAIRFIELD STREET,SAINT ALBANS,VT,5478,VT - Burlington,33,9052.7,8540.82,7394.45,44.8,-73.1
684 - RENAL FAILURE W/O CC/MCC,470005,RUTLAND REGIONAL MEDICAL CENTER,160 ALLEN ST,RUTLAND,VT,5701,VT - Burlington,13,10537.23,5302.0,4022.62,43.6,-72.9
689 - KIDNEY & URINARY TRACT INFECTIONS W MCC,470001,CENTRAL VERMONT MEDICAL CENTER,BOX 547,BARRE,VT,5641,VT - Burlington,23,18181.57,9988.96,8983.39,44.2,-72.4
689 - KIDNEY & URINARY TRACT INFECTIONS W MCC,470003,UNIVERSITY OF VERMONT MEDICAL CENTER,111 COLCHESTER AVE,BURLINGTON,VT,5401,VT - Burlington,17,20523.0,9429.29,7767.41,44.48,-73.2
689 - KIDNEY & URINARY TRACT INFECTIONS W MCC,470005,RUTLAND REGIONAL MEDICAL CENTER,160 ALLEN ST,RUTLAND,VT,5701,VT - Burlington,28,19721.07,9108.04,8055.04,43.6,-72.9
689 - KIDNEY & URINARY TRACT INFECTIONS W MCC,470024,NORTHWESTERN MEDICAL CENTER INC,133 FAIRFIELD STREET,SAINT ALBANS,VT,5478,VT - Burlington,19,11788.42,9768.47,8891.63,44.8,-73.1
690 - KIDNEY & URINARY TRACT INFECTIONS W/O MCC,470001,CENTRAL VERMONT MEDICAL CENTER,BOX 547,BARRE,VT,5641,VT - Burlington,30,14508.63,7240.07,6324.93,44.2,-72.4
690 - KIDNEY & URINARY TRACT INFECTIONS W/O MCC,470003,UNIVERSITY OF VERMONT MEDICAL CENTER,111 COLCHESTER AVE,BURLINGTON,VT,5401,VT - Burlington,46,19897.22,7740.61,6179.24,44.48,-73.2
690 - KIDNEY & URINARY TRACT INFECTIONS W/O MCC,470005,RUTLAND REGIONAL MEDICAL CENTER,160 ALLEN ST,RUTLAND,VT,5701,VT - Burlington,27,13877.0,6592.22,5743.93,43.6,-72.9
690 - KIDNEY & URINARY TRACT INFECTIONS W/O MCC,470012,SOUTHWESTERN VERMONT MEDICAL CENTER,100 HOSPITAL DRIVE,BENNINGTON,VT,5201,NY - Albany,36,11862.89,5886.81,4618.03,42.9,-73.1
690 - KIDNEY & URINARY TRACT INFECTIONS W/O MCC,470024,NORTHWESTERN MEDICAL CENTER INC,133 FAIRFIELD STREET,SAINT ALBANS,VT,5478,VT - Burlington,35,9679.31,7121.26,6023.66,44.8,-73.1
694 - URINARY STONES W/O ESW LITHOTRIPSY W/O MCC,470005,RUTLAND REGIONAL MEDICAL CENTER,160 ALLEN ST,RUTLAND,VT,5701,VT - Burlington,11,16184.82,6154.91,5225.82,43.6,-72.9
698 - OTHER KIDNEY & URINARY TRACT DIAGNOSES W MCC,470003,UNIVERSITY OF VERMONT MEDICAL CENTER,111 COLCHESTER AVE,BURLINGTON,VT,5401,VT - Burlington,22,28454.59,13610.77,12240.05,44.48,-73.2
698 - OTHER KIDNEY & URINARY TRACT DIAGNOSES W MCC,470005,RUTLAND REGIONAL MEDICAL CENTER,160 ALLEN ST,RUTLAND,VT,5701,VT - Burlington,25,21945.4,13060.6,12241.88,43.6,-72.9
698 - OTHER KIDNEY & URINARY TRACT DIAGNOSES W MCC,470012,SOUTHWESTERN VERMONT MEDICAL CENTER,100 HOSPITAL DRIVE,BENNINGTON,VT,5201,NY - Albany,32,17265.94,11218.38,10138.59,42.9,-73.1
699 - OTHER KIDNEY & URINARY TRACT DIAGNOSES W CC,470003,UNIVERSITY OF VERMONT MEDICAL CENTER,111 COLCHESTER AVE,BURLINGTON,VT,5401,VT - Burlington,20,21620.65,9753.9,7110.75,44.48,-73.2
708 - MAJOR MALE PELVIC PROCEDURES W/O CC/MCC,470003,UNIVERSITY OF VERMONT MEDICAL CENTER,111 COLCHESTER AVE,BURLINGTON,VT,5401,VT - Burlington,22,26283.95,12297.09,9320.73,44.48,-73.2
809 - MAJOR HEMATOL/IMMUN DIAG EXC SICKLE CELL CRISIS & COAGUL W CC,470003,UNIVERSITY OF VERMONT MEDICAL CENTER,111 COLCHESTER AVE,BURLINGTON,VT,5401,VT - Burlington,18,18365.83,10733.22,9715.44,44.48,-73.2
811 - RED BLOOD CELL DISORDERS W MCC,470003,UNIVERSITY OF VERMONT MEDICAL CENTER,111 COLCHESTER AVE,BURLINGTON,VT,5401,VT - Burlington,19,22577.0,11706.68,9687.0,44.48,-73.2
811 - RED BLOOD CELL DISORDERS W MCC,470005,RUTLAND REGIONAL MEDICAL CENTER,160 ALLEN ST,RUTLAND,VT,5701,VT - Burlington,12,19899.25,11855.83,11109.17,43.6,-72.9
812 - RED BLOOD CELL DISORDERS W/O MCC,470003,UNIVERSITY OF VERMONT MEDICAL CENTER,111 COLCHESTER AVE,BURLINGTON,VT,5401,VT - Burlington,24,14559.88,7706.54,6624.21,44.48,-73.2
812 - RED BLOOD CELL DISORDERS W/O MCC,470005,RUTLAND REGIONAL MEDICAL CENTER,160 ALLEN ST,RUTLAND,VT,5701,VT - Burlington,21,17116.29,7229.86,6312.52,43.6,-72.9
812 - RED BLOOD CELL DISORDERS W/O MCC,470012,SOUTHWESTERN VERMONT MEDICAL CENTER,100 HOSPITAL DRIVE,BENNINGTON,VT,5201,NY - Albany,13,13698.38,6239.23,5350.31,42.9,-73.1
840 - LYMPHOMA & NON-ACUTE LEUKEMIA W MCC,470003,UNIVERSITY OF VERMONT MEDICAL CENTER,111 COLCHESTER AVE,BURLINGTON,VT,5401,VT - Burlington,14,96714.5,38629.71,36549.86,44.48,-73.2
847 - CHEMOTHERAPY W/O ACUTE LEUKEMIA AS SECONDARY DIAGNOSIS W CC,470003,UNIVERSITY OF VERMONT MEDICAL CENTER,111 COLCHESTER AVE,BURLINGTON,VT,5401,VT - Burlington,24,35749.13,11426.08,10701.63,44.48,-73.2
853 - INFECTIOUS & PARASITIC DISEASES W O.R. PROCEDURE W MCC,470003,UNIVERSITY OF VERMONT MEDICAL CENTER,111 COLCHESTER AVE,BURLINGTON,VT,5401,VT - Burlington,68,93583.62,44954.88,39563.25,44.48,-73.2
853 - INFECTIOUS & PARASITIC DISEASES W O.R. PROCEDURE W MCC,470005,RUTLAND REGIONAL MEDICAL CENTER,160 ALLEN ST,RUTLAND,VT,5701,VT - Burlington,17,80335.41,46230.06,45401.59,43.6,-72.9
854 - INFECTIOUS & PARASITIC DISEASES W O.R. PROCEDURE W CC,470003,UNIVERSITY OF VERMONT MEDICAL CENTER,111 COLCHESTER AVE,BURLINGTON,VT,5401,VT - Burlington,14,47043.64,19788.57,17823.57,44.48,-73.2
856 - POSTOPERATIVE OR POST-TRAUMATIC INFECTIONS W O.R. PROC W MCC,470003,UNIVERSITY OF VERMONT MEDICAL CENTER,111 COLCHESTER AVE,BURLINGTON,VT,5401,VT - Burlington,16,66596.88,37898.63,36345.38,44.48,-73.2
862 - POSTOPERATIVE & POST-TRAUMATIC INFECTIONS W MCC,470003,UNIVERSITY OF VERMONT MEDICAL CENTER,111 COLCHESTER AVE,BURLINGTON,VT,5401,VT - Burlington,17,30412.41,15120.47,13880.94,44.48,-73.2
863 - POSTOPERATIVE & POST-TRAUMATIC INFECTIONS W/O MCC,470003,UNIVERSITY OF VERMONT MEDICAL CENTER,111 COLCHESTER AVE,BURLINGTON,VT,5401,VT - Burlington,14,15540.0,8682.79,7587.07,44.48,-73.2
864 - FEVER,470003,UNIVERSITY OF VERMONT MEDICAL CENTER,111 COLCHESTER AVE,BURLINGTON,VT,5401,VT - Burlington,13,24294.15,7843.08,6508.46,44.48,-73.2
870 - SEPTICEMIA OR SEVERE SEPSIS W MV >96 HOURS,470003,UNIVERSITY OF VERMONT MEDICAL CENTER,111 COLCHESTER AVE,BURLINGTON,VT,5401,VT - Burlington,12,130444.25,52023.83,47590.67,44.48,-73.2
871 - SEPTICEMIA OR SEVERE SEPSIS W/O MV >96 HOURS W MCC,470001,CENTRAL VERMONT MEDICAL CENTER,BOX 547,BARRE,VT,5641,VT - Burlington,214,25697.31,16955.41,15997.61,44.2,-72.4
871 - SEPTICEMIA OR SEVERE SEPSIS W/O MV >96 HOURS W MCC,470003,UNIVERSITY OF VERMONT MEDICAL CENTER,111 COLCHESTER AVE,BURLINGTON,VT,5401,VT - Burlington,397,34073.4,15952.54,13650.64,44.48,-73.2
871 - SEPTICEMIA OR SEVERE SEPSIS W/O MV >96 HOURS W MCC,470005,RUTLAND REGIONAL MEDICAL CENTER,160 ALLEN ST,RUTLAND,VT,5701,VT - Burlington,189,35442.21,16360.06,15339.23,43.6,-72.9
871 - SEPTICEMIA OR SEVERE SEPSIS W/O MV >96 HOURS W MCC,470011,BRATTLEBORO MEMORIAL HOSPITAL,17 BELMONT AVE,BRATTLEBORO,VT,5301,NH - Lebanon,29,17470.9,15916.41,15074.48,42.8,-72.7
871 - SEPTICEMIA OR SEVERE SEPSIS W/O MV >96 HOURS W MCC,470012,SOUTHWESTERN VERMONT MEDICAL CENTER,100 HOSPITAL DRIVE,BENNINGTON,VT,5201,NY - Albany,122,18381.16,13136.83,11821.66,42.9,-73.1
871 - SEPTICEMIA OR SEVERE SEPSIS W/O MV >96 HOURS W MCC,470024,NORTHWESTERN MEDICAL CENTER INC,133 FAIRFIELD STREET,SAINT ALBANS,VT,5478,VT - Burlington,58,14073.47,16171.78,15263.71,44.8,-73.1
872 - SEPTICEMIA OR SEVERE SEPSIS W/O MV >96 HOURS W/O MCC,470001,CENTRAL VERMONT MEDICAL CENTER,BOX 547,BARRE,VT,5641,VT - Burlington,57,17717.4,9722.42,8470.23,44.2,-72.4
872 - SEPTICEMIA OR SEVERE SEPSIS W/O MV >96 HOURS W/O MCC,470003,UNIVERSITY OF VERMONT MEDICAL CENTER,111 COLCHESTER AVE,BURLINGTON,VT,5401,VT - Burlington,146,19908.33,10196.88,7667.08,44.48,-73.2
872 - SEPTICEMIA OR SEVERE SEPSIS W/O MV >96 HOURS W/O MCC,470005,RUTLAND REGIONAL MEDICAL CENTER,160 ALLEN ST,RUTLAND,VT,5701,VT - Burlington,49,25312.61,9144.63,8229.8,43.6,-72.9
872 - SEPTICEMIA OR SEVERE SEPSIS W/O MV >96 HOURS W/O MCC,470011,BRATTLEBORO MEMORIAL HOSPITAL,17 BELMONT AVE,BRATTLEBORO,VT,5301,NH - Lebanon,24,14995.33,9475.29,8460.29,42.8,-72.7
872 - SEPTICEMIA OR SEVERE SEPSIS W/O MV >96 HOURS W/O MCC,470012,SOUTHWESTERN VERMONT MEDICAL CENTER,100 HOSPITAL DRIVE,BENNINGTON,VT,5201,NY - Albany,56,16000.04,8086.43,6399.09,42.9,-73.1
872 - SEPTICEMIA OR SEVERE SEPSIS W/O MV >96 HOURS W/O MCC,470024,NORTHWESTERN MEDICAL CENTER INC,133 FAIRFIELD STREET,SAINT ALBANS,VT,5478,VT - Burlington,26,11888.38,9426.96,8394.19,44.8,-73.1
881 - DEPRESSIVE NEUROSES,470003,UNIVERSITY OF VERMONT MEDICAL CENTER,111 COLCHESTER AVE,BURLINGTON,VT,5401,VT - Burlington,19,36917.16,10242.21,5135.79,44.48,-73.2
881 - DEPRESSIVE NEUROSES,470005,RUTLAND REGIONAL MEDICAL CENTER,160 ALLEN ST,RUTLAND,VT,5701,VT - Burlington,15,19572.93,5828.13,5119.73,43.6,-72.9
884 - ORGANIC DISTURBANCES & INTELLECTUAL DISABILITY,470003,UNIVERSITY OF VERMONT MEDICAL CENTER,111 COLCHESTER AVE,BURLINGTON,VT,5401,VT - Burlington,24,49799.63,15619.63,10821.79,44.48,-73.2
885 - PSYCHOSES,470003,UNIVERSITY OF VERMONT MEDICAL CENTER,111 COLCHESTER AVE,BURLINGTON,VT,5401,VT - Burlington,101,65128.2,20495.15,12461.95,44.48,-73.2
885 - PSYCHOSES,470005,RUTLAND REGIONAL MEDICAL CENTER,160 ALLEN ST,RUTLAND,VT,5701,VT - Burlington,173,47891.05,17237.87,14573.14,43.6,-72.9
"894 - ALCOHOL/DRUG ABUSE OR DEPENDENCE, LEFT AMA",470005,RUTLAND REGIONAL MEDICAL CENTER,160 ALLEN ST,RUTLAND,VT,5701,VT - Burlington,14,12365.57,4681.29,4041.29,43.6,-72.9
897 - ALCOHOL/DRUG ABUSE OR DEPENDENCE W/O REHABILITATION THERAPY W/O MCC,470001,CENTRAL VERMONT MEDICAL CENTER,BOX 547,BARRE,VT,5641,VT - Burlington,16,16809.69,8115.63,7553.88,44.2,-72.4
897 - ALCOHOL/DRUG ABUSE OR DEPENDENCE W/O REHABILITATION THERAPY W/O MCC,470003,UNIVERSITY OF VERMONT MEDICAL CENTER,111 COLCHESTER AVE,BURLINGTON,VT,5401,VT - Burlington,11,16777.45,6902.91,5339.82,44.48,-73.2
897 - ALCOHOL/DRUG ABUSE OR DEPENDENCE W/O REHABILITATION THERAPY W/O MCC,470005,RUTLAND REGIONAL MEDICAL CENTER,160 ALLEN ST,RUTLAND,VT,5701,VT - Burlington,68,12551.16,6192.28,5271.66,43.6,-72.9
908 - OTHER O.R. PROCEDURES FOR INJURIES W CC,470003,UNIVERSITY OF VERMONT MEDICAL CENTER,111 COLCHESTER AVE,BURLINGTON,VT,5401,VT - Burlington,15,38184.87,16169.13,14455.4,44.48,-73.2
917 - POISONING & TOXIC EFFECTS OF DRUGS W MCC,470001,CENTRAL VERMONT MEDICAL CENTER,BOX 547,BARRE,VT,5641,VT - Burlington,13,15847.0,12898.08,12404.85,44.2,-72.4
917 - POISONING & TOXIC EFFECTS OF DRUGS W MCC,470003,UNIVERSITY OF VERMONT MEDICAL CENTER,111 COLCHESTER AVE,BURLINGTON,VT,5401,VT - Burlington,29,36191.38,14167.55,11658.79,44.48,-73.2
917 - POISONING & TOXIC EFFECTS OF DRUGS W MCC,470005,RUTLAND REGIONAL MEDICAL CENTER,160 ALLEN ST,RUTLAND,VT,5701,VT - Burlington,14,36961.0,15729.71,14608.79,43.6,-72.9
918 - POISONING & TOXIC EFFECTS OF DRUGS W/O MCC,470001,CENTRAL VERMONT MEDICAL CENTER,BOX 547,BARRE,VT,5641,VT - Burlington,13,11762.31,6356.08,5371.77,44.2,-72.4
918 - POISONING & TOXIC EFFECTS OF DRUGS W/O MCC,470003,UNIVERSITY OF VERMONT MEDICAL CENTER,111 COLCHESTER AVE,BURLINGTON,VT,5401,VT - Burlington,14,20273.14,6876.93,5037.79,44.48,-73.2
918 - POISONING & TOXIC EFFECTS OF DRUGS W/O MCC,470005,RUTLAND REGIONAL MEDICAL CENTER,160 ALLEN ST,RUTLAND,VT,5701,VT - Burlington,18,18369.89,7235.17,5342.72,43.6,-72.9
920 - COMPLICATIONS OF TREATMENT W CC,470003,UNIVERSITY OF VERMONT MEDICAL CENTER,111 COLCHESTER AVE,BURLINGTON,VT,5401,VT - Burlington,11,38829.18,12949.09,11072.27,44.48,-73.2
947 - SIGNS & SYMPTOMS W MCC,470003,UNIVERSITY OF VERMONT MEDICAL CENTER,111 COLCHESTER AVE,BURLINGTON,VT,5401,VT - Burlington,14,19178.64,9553.43,8553.0,44.48,-73.2
948 - SIGNS & SYMPTOMS W/O MCC,470003,UNIVERSITY OF VERMONT MEDICAL CENTER,111 COLCHESTER AVE,BURLINGTON,VT,5401,VT - Burlington,30,14368.07,6822.3,5267.47,44.48,-73.2
948 - SIGNS & SYMPTOMS W/O MCC,470005,RUTLAND REGIONAL MEDICAL CENTER,160 ALLEN ST,RUTLAND,VT,5701,VT - Burlington,14,18005.57,6257.36,5523.36,43.6,-72.9
981 - EXTENSIVE O.R. PROCEDURE UNRELATED TO PRINCIPAL DIAGNOSIS W MCC,470003,UNIVERSITY OF VERMONT MEDICAL CENTER,111 COLCHESTER AVE,BURLINGTON,VT,5401,VT - Burlington,26,57154.0,31734.96,28785.15,44.48,-73.2
982 - EXTENSIVE O.R. PROCEDURE UNRELATED TO PRINCIPAL DIAGNOSIS W CC,470003,UNIVERSITY OF VERMONT MEDICAL CENTER,111 COLCHESTER AVE,BURLINGTON,VT,5401,VT - Burlington,13,48916.77,23857.08,21859.38,44.48,-73.2
